id,Exited
15000,0.07872465028785101
15001,0.020311696720162673
15002,0.07026088637889814
15003,0.3978646016968683
15004,0.0255339781540419
15005,0.1379406083677767
15006,0.036715709522831985
15007,0.07876593988610203
15008,0.017996420604901267
15009,0.013501326067063463
15010,0.07217782269709462
15011,0.9879055844275076
15012,0.0801285684313413
15013,0.27553598835538246
15014,0.12152551454546748
15015,0.032535977535178465
15016,0.01759679108495076
15017,0.03958879855083096
15018,0.4583343106171958
15019,0.05482846133791607
15020,0.024109551316037946
15021,0.006338913667862125
15022,0.964602970872399
15023,0.3522884956601673
15024,0.028575750148663367
15025,0.754728269986476
15026,0.6958426306538402
15027,0.018041395974540058
15028,0.19242328613836718
15029,0.6567613620884829
15030,0.5203752732002804
15031,0.3652715538537492
15032,0.05781034266805741
15033,0.16343354646010236
15034,0.7427267606066087
15035,0.061665288470830866
15036,0.021805406537805876
15037,0.6780516048042545
15038,0.06065542890888844
15039,0.06506860516819313
15040,0.3449192199201335
15041,0.005503734577539783
15042,0.004761867363524738
15043,0.056028631251287146
15044,0.0035009876875176206
15045,0.0323730986979933
15046,0.3018774834403981
15047,0.8979717865817889
15048,0.00775472166406877
15049,0.639976165927777
15050,0.040659805858896704
15051,0.05181602579144573
15052,0.023253940769446913
15053,0.5087053210700325
15054,0.27003822492588475
15055,0.021196384752403083
15056,0.005939184291697345
15057,0.9786953939815877
15058,0.6581487828755616
15059,0.16785678493330872
15060,0.005951031973346316
15061,0.006281417680126019
15062,0.8073725151400813
15063,0.7504683911506705
15064,0.014515802487161257
15065,0.03786219397791587
15066,0.042151590459854824
15067,0.9202838991667034
15068,0.9068689983560152
15069,0.046673289351932254
15070,0.8059241168859196
15071,0.05889843549967114
15072,0.6085276018251929
15073,0.577574783615807
15074,0.03926808679722301
15075,0.011998047371352351
15076,0.0018751338757452077
15077,0.01997787624638989
15078,0.0044987768127518635
15079,0.04804039039345037
15080,0.8401542317192799
15081,0.08943590511665057
15082,0.08537216628093876
15083,0.03678694898281517
15084,0.005556648497489687
15085,0.007953331824424013
15086,0.6706873808400259
15087,0.001494328756625484
15088,0.07551850647834389
15089,0.014118314529790767
15090,0.014003985055836008
15091,0.01620768937239206
15092,0.0022769256875898947
15093,0.13930681230192898
15094,0.008976667402286665
15095,0.013257987808907174
15096,0.23446060866251417
15097,0.0023636981166977595
15098,0.022523530914338726
15099,0.2946136273017004
15100,0.0023486659149218134
15101,0.7953803556716846
15102,0.6536616565809277
15103,0.350416744606792
15104,0.2734550719980275
15105,0.11501324968287713
15106,0.18212507931497157
15107,0.9591678039047734
15108,0.04231190040105429
15109,0.022807188639913323
15110,0.35472941130899965
15111,0.045311220345391326
15112,0.26678310695331947
15113,0.039907337959879545
15114,0.02791211059234154
15115,0.048814406065422
15116,0.012873609494667967
15117,0.9591872996210633
15118,0.04868165006876937
15119,0.12879892356313735
15120,0.018759530042571037
15121,0.19245371419785998
15122,0.04527352747578212
15123,0.034834410509777126
15124,0.41277359502633226
15125,0.008858303048738544
15126,0.7632704209822783
15127,0.0029069954776957782
15128,0.07579257745694518
15129,0.06030752381273795
15130,0.0017306882270391067
15131,0.8374841244630782
15132,0.01197959219956763
15133,0.044620701151995595
15134,0.0055659805849717576
15135,0.48492367959492233
15136,0.6026755404458521
15137,0.17276202617574948
15138,0.030167950334750494
15139,0.011511002527437163
15140,0.011172406784279639
15141,0.9294443708768316
15142,0.005896545390025167
15143,0.8944403423997268
15144,0.28165552431547725
15145,0.03143458844437247
15146,0.015119593241652884
15147,0.699914002185145
15148,0.02705155106567361
15149,0.9807795157575294
15150,0.04083601454004828
15151,0.40516954863191945
15152,0.9974148502444983
15153,0.06387440820780763
15154,0.881875869964056
15155,0.15206433847911813
15156,0.004796024682820183
15157,0.17633406986474015
15158,0.3480617767862907
15159,0.5292891081027675
15160,0.2745223977232134
15161,0.0011828062699768892
15162,0.003590457883259726
15163,0.014153420231382607
15164,0.008602935393373893
15165,0.11795599351060508
15166,0.984597836389849
15167,0.2656588056522711
15168,0.10373670950848518
15169,0.024007323306490594
15170,0.25518265900695736
15171,0.011966995739608301
15172,0.07571987506334751
15173,0.96509575130571
15174,0.727975494884388
15175,0.10531457233637163
15176,0.006228941656695667
15177,0.09779869445281687
15178,0.13676899205506768
15179,0.01799871667613553
15180,0.4573837539688708
15181,0.9917767476253544
15182,0.13439356029551178
15183,0.5903479232377218
15184,0.012961240667044464
15185,0.5480804606029722
15186,0.056232642217028235
15187,0.011220165821685365
15188,0.01469918310680845
15189,0.010998036786137338
15190,0.10209701202981575
15191,0.013597902864302739
15192,0.2603225618555069
15193,0.2530161281404661
15194,0.6056820275747813
15195,0.2418079843141264
15196,0.19660086924847917
15197,0.0010622062394207278
15198,0.3642166226192549
15199,0.15023572389632717
15200,0.220063739188866
15201,0.0270876416067275
15202,0.001950685241886312
15203,0.002540179733676734
15204,0.004692439724692826
15205,0.096467843445758
15206,0.10413651735192377
15207,0.16153019537246024
15208,0.0182640179552465
15209,0.1645525520500789
15210,0.012293115971009117
15211,0.07539719446785087
15212,0.6548245954310493
15213,0.012547937549027841
15214,0.018386024396473313
15215,0.07458580072754467
15216,0.5878010998167257
15217,0.032635556044890025
15218,0.050498724524885824
15219,0.025260037885249564
15220,0.029964965419638757
15221,0.02534935470574889
15222,0.11784877749290881
15223,0.038173369889997213
15224,0.018662954537409016
15225,0.585699317700631
15226,0.3167105691025554
15227,0.005774127093019235
15228,0.4486054569438646
15229,0.02355119157974196
15230,0.9112958384838822
15231,0.8634473762025592
15232,0.030517485868966184
15233,0.09517088587310582
15234,0.9998844593166127
15235,0.005064804296365131
15236,0.17296773682788413
15237,0.03572472220675344
15238,0.014983999505434935
15239,0.01363044888798527
15240,0.32039916586763634
15241,0.032865214986970474
15242,0.18970981956032315
15243,0.7043664643079249
15244,0.03645445995533345
15245,0.8553891027171346
15246,0.12930641421731126
15247,0.25801177830439775
15248,0.2977630637631199
15249,0.02129950067662762
15250,0.012820330663039748
15251,0.026726277988552427
15252,0.05010893799820692
15253,0.08926177728607733
15254,0.008558694112856351
15255,0.012378096477651158
15256,0.008824162743999178
15257,0.03481791652591245
15258,0.8199792404653782
15259,0.20553199333520067
15260,0.002119745670610865
15261,0.9999999958228287
15262,0.015587280055034689
15263,0.9689996600429099
15264,0.11312983934019875
15265,0.06834757739425519
15266,0.016259837579350483
15267,0.32339329917405385
15268,0.010319846196607087
15269,0.029183259343394
15270,0.09124396763234412
15271,0.10989635697042775
15272,0.08930396944110461
15273,0.0016916336023021627
15274,0.9023400711960278
15275,0.7377657276236718
15276,0.13169148117505927
15277,0.005629871013951749
15278,0.0072298183373392215
15279,0.07983764355347295
15280,0.9835222793579992
15281,0.04639210549434546
15282,0.18884815687799641
15283,0.6809692504074574
15284,0.007328346858565808
15285,0.9045339640952785
15286,0.001248660323664312
15287,0.028748732648391527
15288,0.014318237011441923
15289,0.04943376201254969
15290,0.0008700486480359832
15291,0.015789030092667224
15292,0.08002933152308625
15293,0.9885675243280895
15294,0.02747156485367862
15295,0.10235948533580186
15296,0.04192858333886355
15297,0.01043128263704797
15298,0.0029003268795082474
15299,0.002846541631123861
15300,0.05753295512937568
15301,0.217772449942513
15302,0.22781516334791016
15303,0.00786311506209308
15304,0.012111088977186508
15305,0.05512025972144161
15306,0.02833376345493504
15307,0.7081839227160975
15308,0.0009740371522553049
15309,0.968056472599902
15310,0.5851774437908175
15311,0.10031169059818901
15312,0.012816877299448937
15313,0.01891454434017763
15314,0.003881254536368048
15315,0.007937678550823179
15316,0.08955053896727914
15317,0.04998186546344868
15318,0.30684095948588735
15319,0.0018505117700131973
15320,0.019021781465070314
15321,0.021855920928041887
15322,0.1549982085452126
15323,0.0012313902450493404
15324,0.8252770335465802
15325,0.0019211737779051559
15326,0.09366919127174468
15327,0.5150455727085318
15328,0.10998861618596521
15329,0.002338382715341768
15330,0.013756807890458094
15331,0.041418108108290407
15332,0.006629268371822206
15333,0.007893715727356967
15334,0.2236243290636399
15335,0.018786399898196648
15336,0.10460722729497533
15337,0.1285697410895361
15338,0.37802358030326
15339,0.018103876460559703
15340,0.011980975630367825
15341,0.002437049692320037
15342,0.93835220356083
15343,0.037250184896967804
15344,0.09180589598053478
15345,0.06536388461637477
15346,0.8853606519335181
15347,0.13896113152443507
15348,0.05247398626308783
15349,0.060213206090057675
15350,0.012853434782650342
15351,0.008783216830202082
15352,0.08192398209872541
15353,0.4125436216483908
15354,0.01249964269888763
15355,0.03911819777287869
15356,0.7155400928132097
15357,0.01262946565706931
15358,0.09196775900957892
15359,0.0012242117763081996
15360,0.03370301842553735
15361,0.0051282979589239415
15362,0.031827391077266946
15363,0.03195484332076973
15364,0.11449601641974062
15365,0.4986508722316959
15366,0.3108916418771142
15367,0.8144103936061583
15368,0.009998608884961596
15369,0.05045475943316716
15370,0.6683167913186259
15371,0.02221711988294468
15372,0.013437953967589051
15373,0.2741126268051795
15374,0.2878892772749502
15375,0.013889862043949978
15376,0.07273414361532937
15377,0.6656330402522438
15378,0.21610608252338476
15379,0.8257362914441639
15380,0.7933217209398251
15381,0.0022321386946992576
15382,0.011719847057169995
15383,0.008191784287443398
15384,0.6347612786955342
15385,0.19736267410596098
15386,0.12135720117574027
15387,0.15345356114651473
15388,0.031030625898240783
15389,0.11139136013475029
15390,0.1832789030333383
15391,0.2688782922756084
15392,0.00600632621292215
15393,0.006526012110951372
15394,0.002214570386363199
15395,0.010875284748267195
15396,0.09014680520378775
15397,0.013014594468040576
15398,0.020445592677930665
15399,0.03180835081022636
15400,0.562982903026211
15401,0.05042174069610518
15402,0.02718140124254372
15403,0.06143515976015124
15404,0.12186648160101178
15405,0.042624713371576646
15406,0.3542517574253315
15407,0.09829854158848324
15408,0.026648942832558857
15409,0.6638888190244492
15410,0.4201150669044187
15411,0.00585131441789883
15412,0.05429135556379745
15413,0.7366323945539777
15414,0.9915319521239606
15415,0.015459810953270287
15416,0.010258215892649034
15417,0.2390430954736377
15418,0.05413789464540443
15419,0.5225463927490768
15420,0.04466897310846175
15421,0.0156808349366958
15422,0.263156162738857
15423,0.32904156106610316
15424,0.02021452713597398
15425,0.9552877439032431
15426,0.5167330035171084
15427,0.040861374173108186
15428,0.1233050899710737
15429,0.08394028711869429
15430,0.0006088029323058989
15431,0.037344645045190264
15432,0.07936435222316392
15433,0.004490077496048693
15434,0.009949606127843237
15435,0.0011866370673303322
15436,0.02703873780866198
15437,0.13677653182454785
15438,0.050950798205941464
15439,0.019310523641863864
15440,0.030278242988482463
15441,0.6440155306465525
15442,0.5535424057167635
15443,0.5741576504646235
15444,0.007383252617514148
15445,0.010681830727393546
15446,0.1485145478283691
15447,0.019189716301584097
15448,0.9216509485115019
15449,0.04452322969771056
15450,0.055644116633544405
15451,0.026410508851950322
15452,0.5824926132926641
15453,0.02944416368952956
15454,0.031100242158131394
15455,0.9351685084257164
15456,0.06717611955776884
15457,0.008023099326184356
15458,0.12945647255175133
15459,0.5633175397830796
15460,0.6424483303317522
15461,0.07224817724229267
15462,0.10391291973386338
15463,0.015224515002456898
15464,0.9418221035114837
15465,0.39686820899662406
15466,0.006794060207545798
15467,0.7956954380995603
15468,0.00401135571290304
15469,0.01857757696607305
15470,0.006058267588527274
15471,0.013373702975125438
15472,0.16538463919716953
15473,0.23597910115509452
15474,0.17732743853296418
15475,0.404178143475983
15476,0.3664706765956956
15477,0.16043382833150058
15478,0.006661150814260096
15479,0.0559088779440902
15480,0.7990135209603236
15481,0.9891292676966311
15482,0.15110231646871478
15483,0.9800640592443497
15484,0.013187739753212099
15485,0.1361364588555784
15486,0.009351301834973395
15487,0.8389764294124884
15488,0.061693255850929225
15489,0.09452881178522304
15490,0.9513880069473116
15491,0.5908246319793916
15492,0.7253458922947567
15493,0.16971537030690637
15494,0.03679651211281962
15495,0.24452342738212818
15496,0.03570620737434909
15497,0.005511186740586793
15498,0.9795579965391615
15499,0.25639303682326303
15500,0.01185460240483399
15501,0.0012806561095276264
15502,0.0842671315195543
15503,0.9837274238596724
15504,0.04075788461826802
15505,0.06476738595614889
15506,0.09564764397491694
15507,0.0015404948362285687
15508,0.28081944158264915
15509,0.010713196325554791
15510,0.11686594227537399
15511,0.010287321166292319
15512,0.009125558534300407
15513,0.014833200507795238
15514,0.04327867649911151
15515,0.007599361696602087
15516,0.14055596663445308
15517,0.35034495991668324
15518,0.01035789067823586
15519,0.06409793164336205
15520,0.361986670580766
15521,0.14957524105910094
15522,0.06249245209785063
15523,0.02369745573481362
15524,0.09131871300884459
15525,0.0021786419364644757
15526,0.005071951540471232
15527,0.028661512234417073
15528,0.0020145690096028033
15529,0.10133631182465265
15530,0.004356879211202172
15531,0.08950837206725157
15532,0.01990610624471485
15533,0.152605607404552
15534,0.010540647144671808
15535,0.06839658897371136
15536,0.2753378766245683
15537,0.058578132019045194
15538,0.04104621785979037
15539,0.05451793251479796
15540,0.06647595857153735
15541,0.1180559791558407
15542,0.011226568856789968
15543,0.007244317982826806
15544,0.03720521316290511
15545,0.05650133229912324
15546,0.6015487532065029
15547,0.0666156593960138
15548,0.016300453974280135
15549,0.6621155476491477
15550,0.02236487627627028
15551,0.023633698211272473
15552,0.008424717415052943
15553,0.03031781609921657
15554,0.09830705289700009
15555,0.00985710033886484
15556,0.010147056684644535
15557,0.017368673124103524
15558,0.06214890690830784
15559,0.02147142132659585
15560,0.03256484204293239
15561,0.07030647763196136
15562,0.02387422456852284
15563,0.0350114865240485
15564,0.059642791940455804
15565,0.14843231670534626
15566,0.02955346537802465
15567,0.014689927317007688
15568,0.005229437110968148
15569,0.013486369477386925
15570,0.35656803592133834
15571,0.4561766763200092
15572,0.921352182942384
15573,0.031938576201832825
15574,0.016083642063084245
15575,0.029225091535081897
15576,0.07342677620775696
15577,0.6235221451378263
15578,0.840038825756694
15579,0.562609681898192
15580,0.021418421891708818
15581,0.08192800024121706
15582,0.027732351090479987
15583,0.009652867947402615
15584,0.16771103194803907
15585,0.7678888422671998
15586,0.0015973928951371367
15587,0.010230827457947213
15588,0.048039613210225
15589,0.009239453955400196
15590,0.03948131696506694
15591,0.08903865367502865
15592,0.047098544381914506
15593,0.9925299149548104
15594,0.5095259576447297
15595,0.026186444925866727
15596,0.7453273336494928
15597,0.6400803477545457
15598,0.2645503560918342
15599,0.10969968052638233
15600,0.6095955298144166
15601,0.40574870956410575
15602,0.01991162690403319
15603,0.016036692229608736
15604,0.15439515421500238
15605,0.14311527286702921
15606,0.012335503913838416
15607,0.07905115190560369
15608,0.05347724089876326
15609,0.10514539060388027
15610,0.833622246506832
15611,0.0007479700488400897
15612,0.24637163288100755
15613,0.1540749566191867
15614,0.03264929285987063
15615,0.18752962224502934
15616,0.003019654319209795
15617,0.9439315219407558
15618,0.13983350014038473
15619,0.0058539740643727065
15620,0.17602370428240582
15621,0.009721630677832499
15622,0.030276681838444217
15623,0.15701900928186535
15624,0.03244012699566152
15625,0.9014737124839776
15626,0.04737616679101292
15627,0.4558080593654031
15628,0.03780275340742452
15629,0.14590750120258633
15630,0.003376015025890313
15631,0.2985957045794853
15632,0.018028374010169535
15633,0.006134026345771759
15634,0.12816621148690202
15635,0.12271000532506034
15636,0.021777656719642324
15637,0.1302455046749236
15638,0.09924970549926601
15639,0.5424012508964466
15640,0.31952653964901867
15641,0.5838705572800822
15642,0.17241566050787344
15643,0.05758192968462936
15644,0.29350419956861357
15645,0.025830929702547138
15646,0.047034516544611445
15647,0.010651437232416551
15648,0.0692494708253215
15649,0.18214069268888144
15650,0.00614936989875087
15651,0.02281982334564636
15652,0.006340666516389058
15653,0.4195335748267056
15654,0.12977516310039808
15655,0.7073571699882812
15656,0.18074250725754717
15657,0.6683630863454672
15658,0.002101411140380105
15659,0.16132333845504349
15660,0.02144853325536765
15661,0.32911003036944464
15662,0.013139434193334373
15663,0.0578926149119519
15664,0.0727707754011414
15665,0.34527635478366053
15666,0.012011214197299835
15667,0.059133519513591436
15668,0.0011200914580233123
15669,0.4120630503697888
15670,0.8482114783864799
15671,0.053796885972879946
15672,0.006172689495755581
15673,0.1299487151012899
15674,0.166630502847527
15675,0.726286478073517
15676,0.006522673288859104
15677,0.425452123863233
15678,0.016849029182350896
15679,0.007481051036486252
15680,0.04744774981394208
15681,0.007112477262767798
15682,0.014189084904906845
15683,0.040676486078922984
15684,0.03992918770004347
15685,0.026521329425118936
15686,0.5165743355390254
15687,0.010736902289027406
15688,0.5277747066194556
15689,0.40915120788029025
15690,0.18922053745310247
15691,0.009990608108446172
15692,0.12134795484732025
15693,0.22956473130696017
15694,0.0029147023877358546
15695,0.027528239376699955
15696,0.027388815756946752
15697,0.024616873003626125
15698,0.2588179316983255
15699,0.007922469045368159
15700,0.003761014793792887
15701,0.1330237307931833
15702,0.016017836819941105
15703,0.3392195050453803
15704,0.0035844437184765613
15705,0.9419799609534478
15706,0.12183408493412738
15707,0.028079638663419053
15708,0.5899977239168627
15709,0.003933677105845747
15710,0.8910238714984864
15711,0.2948927892547801
15712,0.006564104023385482
15713,0.004406350048924311
15714,0.009857060965899873
15715,0.665982930407579
15716,0.03365080959625245
15717,0.025251518869821712
15718,0.03006049690593898
15719,0.9304962618730402
15720,0.32827021577165555
15721,0.06673697287740044
15722,0.0018144783610365514
15723,0.011877260394739944
15724,0.14047326084811612
15725,0.030576466735393767
15726,0.02850502617129233
15727,0.02569571934772067
15728,0.009950648510731068
15729,0.8445481528493383
15730,0.06871738936701456
15731,0.006787943330782218
15732,0.9544701844124275
15733,0.4569756077661756
15734,0.10636317090326933
15735,0.5983645590326186
15736,0.03591731876898291
15737,0.42116879043698896
15738,0.009219361457000997
15739,0.011269487668357624
15740,0.15360610189453666
15741,0.07115297771339914
15742,0.7297786496118399
15743,0.6384450271894877
15744,0.017798202642133165
15745,0.00983122782197314
15746,0.10206749929665924
15747,0.5802657762621365
15748,0.27254868777243796
15749,0.007516546726081013
15750,0.04736586131941194
15751,0.006014681573914862
15752,0.3292442152016217
15753,0.08073198482950093
15754,0.010561218522375076
15755,0.15610512409462948
15756,0.004678513439403769
15757,0.006033897743003363
15758,0.0178143044429727
15759,0.013973674791200893
15760,0.17635179132645176
15761,0.17448415741417236
15762,0.777869315030171
15763,0.9398013743935953
15764,0.033943539306184725
15765,0.09372568716563658
15766,0.07493672503851699
15767,0.005125861609564292
15768,0.010003127445863576
15769,0.015890438986287964
15770,0.08986433505680744
15771,0.1063189168386398
15772,0.006835515550100144
15773,0.0718006772108087
15774,0.06666027051925855
15775,0.0037251473391082006
15776,0.18024249780675317
15777,0.665251605723024
15778,0.9576855833092279
15779,0.20576275373347253
15780,0.6112772488913404
15781,0.07412128640771248
15782,0.030938696722252457
15783,0.015016686709512771
15784,0.05863447685495179
15785,0.02733488540763882
15786,0.017633532045318357
15787,0.005708822133454376
15788,0.6441435920909898
15789,0.6171168786907749
15790,0.06680844806888545
15791,0.002796228009760488
15792,0.90313357474617
15793,0.021688742280597972
15794,0.003957728772390665
15795,0.20960008301530716
15796,0.003415375036289078
15797,0.16186853247676286
15798,0.9719050034823243
15799,0.05083578094342016
15800,0.44515599367450004
15801,0.5975559923379848
15802,0.5786879817566196
15803,0.24905888895737233
15804,0.08030314024127463
15805,0.06287222021668266
15806,0.0063135406354599575
15807,0.4163555154339519
15808,0.42646456274254924
15809,0.006218147390950121
15810,0.9236532223862006
15811,0.4307796610576694
15812,0.03964474048522062
15813,0.005214211866753987
15814,0.004346873357373152
15815,0.04867164958567934
15816,0.21351994883351824
15817,0.08618633042670958
15818,0.04653084634602121
15819,0.05339102011321659
15820,0.06433486033557172
15821,0.7561303627550582
15822,0.1427189779738562
15823,0.03635501487783866
15824,0.0054135388842916216
15825,0.006199821174305478
15826,0.015741706294318834
15827,0.08641139395372277
15828,0.00590133606003436
15829,0.4106384984657314
15830,0.8969662150110596
15831,0.09098268752231105
15832,0.10765809790935607
15833,0.723007578104579
15834,0.018633560663232088
15835,0.0075436559664975875
15836,0.004191209054766023
15837,0.12011241396695588
15838,0.0035870030156501176
15839,0.0011800842433598792
15840,0.011673941541436765
15841,0.00663470805072755
15842,0.12259763316651655
15843,0.037881779082922534
15844,0.12069425100320216
15845,0.4177248069555185
15846,0.5665613266192441
15847,0.05817982841193086
15848,0.052896386804261335
15849,0.023723778195935154
15850,0.0020646040815429662
15851,0.05448926043966047
15852,0.023865152653550915
15853,0.08693466074811103
15854,0.0038062798207684646
15855,0.25782306612184935
15856,0.01131057540902828
15857,0.0747293635468377
15858,0.022522137997480113
15859,0.9551490543527584
15860,0.012197156743820865
15861,0.5272955074111204
15862,0.03106653394587962
15863,0.048915073149956995
15864,0.9959081677173376
15865,0.15234523358115648
15866,0.044924860658983705
15867,0.21391752080773302
15868,0.010715723170720184
15869,0.0286873138169248
15870,0.021193925738093693
15871,0.011108986335081112
15872,0.041836376201476774
15873,0.4279960402262566
15874,0.0009876848293906002
15875,0.03894831617679636
15876,0.021034257605036525
15877,0.01125766516547875
15878,0.23597448292685333
15879,0.7111263210433986
15880,0.02028242592332644
15881,0.035088367959978765
15882,0.0751812071556597
15883,0.010395289972963103
15884,0.1356821705149263
15885,0.02131849307745886
15886,0.36135888296340557
15887,0.07981806122787452
15888,0.2908597917013294
15889,0.028150693037052657
15890,0.019415701635980706
15891,0.9553399884423909
15892,0.011758299703280765
15893,0.25429179232982974
15894,0.007837433365130046
15895,0.0208352847252309
15896,0.1650776976105147
15897,0.3994593042191464
15898,0.05576892080982983
15899,0.024160402982504325
15900,0.24860300858260964
15901,0.29936960769057236
15902,0.030784428426138672
15903,0.4618561171349798
15904,0.003081516456087877
15905,0.12527524908031223
15906,0.04049559526814443
15907,0.15709652949630332
15908,0.10483900648015944
15909,0.16023506245335326
15910,0.05252330981117016
15911,0.07991601405235953
15912,0.024869030460030268
15913,0.010328394788532506
15914,0.5930601892613168
15915,0.08746571455236811
15916,0.04586975742379478
15917,0.020893282107275254
15918,0.005325937404661509
15919,0.3221334683368797
15920,0.19804389727067448
15921,0.3439056624154622
15922,0.030001538912678243
15923,0.00652528262349414
15924,0.6753225106052136
15925,0.004980116049905705
15926,0.026246113093357604
15927,0.9003282441322135
15928,0.08456851245308325
15929,0.6093015213467622
15930,0.8829408029166722
15931,0.36032463455439184
15932,0.14880901671779048
15933,0.6418669825241835
15934,0.020215841148391735
15935,0.0021262715629161914
15936,0.01398367543713169
15937,0.008390269931730613
15938,0.1957138415874518
15939,0.022622112136075265
15940,0.07187813459342209
15941,0.1421784787493856
15942,0.0025655337472619798
15943,0.08863122715137882
15944,0.012335106020646988
15945,0.006508226818065047
15946,0.07209235549422835
15947,0.0027258847294885256
15948,0.5729113889065017
15949,0.8815703835048125
15950,0.036529523979247365
15951,0.034244886694203384
15952,0.984590192422244
15953,0.25769054279530473
15954,0.010290546424632596
15955,0.015296601793113134
15956,0.007180821920634733
15957,0.06842059342298044
15958,0.893608299079312
15959,0.2621518183311359
15960,0.02354914536538506
15961,0.774903771651404
15962,0.023672178272973892
15963,0.0038779679062999357
15964,0.02078014373367937
15965,0.13191381248121745
15966,0.9892888784128653
15967,0.01806758834261089
15968,0.38548286455499914
15969,0.002855811954535081
15970,0.06986665477354134
15971,0.05633341702349922
15972,0.933932148172362
15973,0.01514380091893535
15974,0.08478896157043754
15975,0.16875279232195928
15976,0.0008468227104162395
15977,0.09979592340324132
15978,0.26717729587257
15979,0.0064230169835064925
15980,0.005253824643688192
15981,0.00951165060528618
15982,0.008262145439144785
15983,0.028543959171872843
15984,0.009847910633403168
15985,0.379214067565744
15986,0.3081967011634855
15987,0.026158301186872325
15988,0.02343050352287268
15989,0.06702419695638859
15990,0.5899077582398566
15991,0.00290794056634927
15992,0.9717562564567234
15993,0.1425752126743247
15994,0.016231914836337923
15995,0.03286230710873931
15996,0.9116564803508852
15997,0.18779967680750675
15998,0.02678951243305848
15999,0.03130351515699169
16000,0.5618933496917574
16001,0.008981469239705296
16002,0.018955864632714065
16003,0.019807206987121146
16004,0.14469376139791876
16005,0.20622980298850233
16006,0.03455875423702718
16007,0.09620978058539252
16008,0.006888473261249057
16009,0.671270328014128
16010,0.0068807576171487925
16011,0.6931009504168288
16012,0.02157591760327583
16013,0.006401796522586817
16014,0.03557118012159779
16015,0.4078495181951855
16016,0.6892394056994808
16017,0.053186855063942454
16018,0.08745063755657732
16019,0.05073191269935158
16020,0.04685789102826586
16021,0.004670537817670294
16022,0.0030409655099577406
16023,0.1402425760535594
16024,0.046002936328970075
16025,0.01269304480683874
16026,0.8727883505717993
16027,0.01485646035107671
16028,0.06056286949916227
16029,0.03844364679891168
16030,0.02220664866638085
16031,0.07263743273048535
16032,0.3404285701726075
16033,0.03586964812102139
16034,0.586595485690122
16035,0.015097080009829986
16036,0.05299740298452334
16037,0.14391611511913932
16038,0.31547111533166255
16039,0.05372172311984162
16040,0.21050548868632288
16041,0.9902992544965368
16042,0.2352302279716569
16043,0.009013182819547437
16044,0.0017181948445098739
16045,0.9730760118098603
16046,0.5616835915868977
16047,0.33119794779234385
16048,0.14283224152103635
16049,0.03150860454377771
16050,0.04692476167606045
16051,0.007411647939176985
16052,0.02470528333734453
16053,0.007620584898424099
16054,0.5578306679698287
16055,0.08155418373780733
16056,0.2877296222411743
16057,0.6528013634003961
16058,0.5474390069768633
16059,0.063243431004517
16060,0.6657423147754588
16061,0.1146655916415363
16062,0.010541229215506922
16063,0.005013200117967331
16064,0.015112571503231864
16065,0.00884320981432305
16066,0.011013374722571452
16067,0.014111065959952818
16068,0.4254879456774912
16069,0.09588045662447872
16070,0.6790868386289667
16071,0.010460532849323865
16072,0.025537924451123663
16073,0.5723854339343983
16074,0.02958235954443807
16075,0.14497020812329203
16076,0.5632715251023803
16077,0.2914925632990122
16078,0.8539786936406023
16079,0.6792650812380224
16080,0.029724540395754204
16081,0.01187141739174561
16082,0.14951067990473835
16083,0.1431638805283777
16084,0.015506827463227828
16085,0.018695951810497418
16086,0.6163957307950477
16087,0.02152820497112029
16088,0.015155281635638859
16089,0.0020688299522297836
16090,0.8932848906162691
16091,0.16329052352072698
16092,0.11536952840061375
16093,0.03150488000781178
16094,0.5923683030174594
16095,0.28685887492772794
16096,0.014234650297237842
16097,0.2908982701718246
16098,0.1888037636543302
16099,0.1542934811082772
16100,0.003070081391729904
16101,0.016738826553888416
16102,0.10751015343646622
16103,0.019083403573837462
16104,0.01037369649884629
16105,0.7992786268634612
16106,0.19117373149242728
16107,0.05125908647138498
16108,0.9783966472971332
16109,0.3425112077975228
16110,0.020007265794033904
16111,0.4774636426814628
16112,0.058979834185091076
16113,0.16888879941319795
16114,0.003512519245040925
16115,0.8715020817279606
16116,0.006738922434539072
16117,0.01369763325648504
16118,0.004567205440619245
16119,0.4881706824768155
16120,0.004411766718153627
16121,0.0024500168164067354
16122,0.027716607850739882
16123,0.009060665857637233
16124,0.00837640458026124
16125,0.0009877661509644338
16126,0.0702552129932346
16127,0.005488658935033669
16128,0.09659124394430696
16129,0.09152850285255988
16130,0.6589749068463345
16131,0.014042882196002419
16132,0.7035804498468651
16133,0.9798476517290539
16134,0.5543764370721873
16135,0.022961265713702914
16136,0.016452208699499104
16137,0.015578425851562343
16138,0.0037399476958879757
16139,0.006526175218521231
16140,0.010481780848917821
16141,0.2882361790286261
16142,0.027407970923864787
16143,0.03566681815460213
16144,0.0018702827256810385
16145,0.024848876303657504
16146,0.21856449833951533
16147,0.12121318533056641
16148,0.14346564182900898
16149,0.8887300813677307
16150,0.12272518792886906
16151,0.018579860849065873
16152,0.5496806688017604
16153,0.46335788870632866
16154,0.002519001623717466
16155,0.31517821241316984
16156,0.008307500500055754
16157,0.1874961570072166
16158,0.27686992330271565
16159,0.4176383902893843
16160,0.22104724748204702
16161,0.5496728854794822
16162,0.01669261928201216
16163,0.010011401945058219
16164,0.69131052480437
16165,0.02133879684089152
16166,0.01301264519789004
16167,0.4720455378929354
16168,0.062292885104565564
16169,0.07359760363139234
16170,0.07155145860708306
16171,0.34908341953054595
16172,0.0568849355400854
16173,0.7319954971712826
16174,0.17324021052642186
16175,0.039778570043740455
16176,0.020039198426803687
16177,0.6151031716870785
16178,0.01333655295644705
16179,0.14944671990281552
16180,0.005467809443401281
16181,0.01261472338813287
16182,0.08856874214770645
16183,0.005342978871582611
16184,0.021353362544808407
16185,0.06299084998249964
16186,0.9176448498458933
16187,0.054050405895361926
16188,0.1081343789258804
16189,0.0874071251388983
16190,0.0028944845135217083
16191,0.8315523100296084
16192,0.9899028098030711
16193,0.490128791631081
16194,0.9084187670153051
16195,0.07668460294345851
16196,0.1201884845523634
16197,0.05347574607821636
16198,0.0900511560372806
16199,0.14728883709401697
16200,0.004080396747114759
16201,0.09234896870652948
16202,0.1494101570623655
16203,0.5826768210517709
16204,0.019865476953063788
16205,0.41688374196958916
16206,0.013527641378577919
16207,0.07940469016323283
16208,0.368301691343155
16209,0.1873225608356521
16210,0.3189158527507627
16211,0.6208221069595032
16212,0.030357259951408228
16213,0.28856755095689984
16214,0.35451453241364367
16215,0.09871143961703858
16216,0.012700843336904407
16217,0.6000692296208086
16218,0.05227614494621419
16219,0.07335636588517246
16220,0.02379029964162695
16221,0.048825836858847865
16222,0.37213464472336566
16223,0.9596297353503583
16224,0.004090010265594287
16225,0.09794919200995157
16226,0.037740236409800204
16227,0.004292710526781097
16228,0.08932991730625048
16229,0.3670367877681284
16230,0.051232664613571545
16231,0.51434644602585
16232,0.6572085510709722
16233,0.54486801862805
16234,0.9088664311758199
16235,0.003662617138724293
16236,0.10793640641288797
16237,0.9753715369504978
16238,0.30698940492853694
16239,0.019089513402855585
16240,0.05190387397491776
16241,0.026355471251909957
16242,0.026927845779222883
16243,0.2646585292612088
16244,0.09121932328020989
16245,0.44563313836106927
16246,0.007621996604115906
16247,0.003490946410054479
16248,0.9465670524573557
16249,0.22533598610382824
16250,0.621728611399644
16251,0.7776879721877747
16252,0.004365754460082879
16253,0.03749225333220043
16254,0.007111816651690226
16255,0.05432355738084563
16256,0.008889139835308266
16257,0.016140524977648767
16258,0.07360787932414131
16259,0.1500779511707233
16260,0.0035829133281023353
16261,0.12346270796196784
16262,0.019713239899202196
16263,0.07298683448371586
16264,0.019968382630784192
16265,0.007561249838365251
16266,0.7834967790971148
16267,0.012010769046898975
16268,0.05429301277426467
16269,0.017716741347167005
16270,0.08241106582095456
16271,0.013294062224146272
16272,0.21497993594428713
16273,0.0625922034485004
16274,0.5297388572927073
16275,0.0239909532082785
16276,0.05268065542626284
16277,0.9731158089279985
16278,0.04094574295854264
16279,0.2498303334522597
16280,0.0015461507055748176
16281,0.6636959571665387
16282,0.039442605505351384
16283,0.006097282866610791
16284,0.22561875271920417
16285,0.02793159650620138
16286,0.04843455261476192
16287,0.04265966435077017
16288,0.20190263896377014
16289,0.018318674778284437
16290,0.007337065371736207
16291,0.017668161058445476
16292,0.7321883450453532
16293,0.6958770102562883
16294,0.01632835608228865
16295,0.16438052232484296
16296,0.030480429716778303
16297,0.8367804231309294
16298,0.04397099757128348
16299,0.8017882099458831
16300,0.04931191414989641
16301,0.3308734584321043
16302,0.470144346371156
16303,0.02409313380566412
16304,0.013129743544601011
16305,0.1766997942538239
16306,0.05087674591989704
16307,0.7661046496515073
16308,0.006912204450752843
16309,0.9385346300483857
16310,0.10861202385491284
16311,0.06973527682592819
16312,0.7442973014850497
16313,0.9452739086329445
16314,0.0009136124343758115
16315,0.7226387861805651
16316,0.8948939196186788
16317,0.021566529140822736
16318,0.018241795146279795
16319,0.2686064468077384
16320,0.2795635737714176
16321,0.035683888571752094
16322,0.14522978683425983
16323,0.002252160739319022
16324,0.003025702830179754
16325,0.09707240882536322
16326,0.06308436484370875
16327,0.02713748722584725
16328,0.2732272895742499
16329,0.06395045843854197
16330,0.07328733167672284
16331,0.0049817378848159635
16332,0.10955763983482085
16333,0.007555552504663922
16334,0.04878980467505586
16335,0.03340278161259288
16336,0.3096730422379987
16337,0.002983616560174741
16338,0.0039930836203391365
16339,0.009249842567533858
16340,0.007259861923608801
16341,0.4303564939481399
16342,0.0036109195370252747
16343,0.25664659606800716
16344,0.04168443163635871
16345,0.020305878372511462
16346,0.9999999877742268
16347,0.05223933583808829
16348,0.015391668924129102
16349,0.23322794159196586
16350,0.011691955872283498
16351,0.049084933206279664
16352,0.032658433567111615
16353,0.01377299724830616
16354,0.11108280956173834
16355,0.7444932817329994
16356,0.9742599225767722
16357,0.8875201772322358
16358,0.012799482911370851
16359,0.17616954242625074
16360,0.011860321768891874
16361,0.7139875200211689
16362,0.038946234987384136
16363,0.007727838243045587
16364,0.02591488449445001
16365,0.4695224174209072
16366,0.6589353404617367
16367,0.014711888931045632
16368,0.8876381110940028
16369,0.09261057650576172
16370,0.48419791558159153
16371,0.028761066294833
16372,0.007789636151418896
16373,0.12451454824030371
16374,0.02460226378649448
16375,0.00987274173524016
16376,0.25836313918841075
16377,0.12998710628137236
16378,0.0018109692955256326
16379,0.471759972102121
16380,0.4161446510595791
16381,0.3690751838395076
16382,0.016977657802225286
16383,0.003297641910816983
16384,0.04422763297200025
16385,0.06831412282854762
16386,0.8287464862550029
16387,0.013105685479443671
16388,0.03496563939582466
16389,0.9634023440373296
16390,0.4699903569741361
16391,0.24723116905979547
16392,0.0325677278163858
16393,0.0021183800569560696
16394,0.019818838897386386
16395,0.01644041805413514
16396,0.5195187318959453
16397,0.11664222746684476
16398,0.7519601109774408
16399,0.008818609073491282
16400,0.09261127864964544
16401,0.013611710470766189
16402,0.8507789249054716
16403,0.007014854248673501
16404,0.001210377587304729
16405,0.0571816158733998
16406,0.6421532561340468
16407,0.7871284197777855
16408,0.44776353698960175
16409,0.014778695960916098
16410,0.13722320475342434
16411,0.029041567818392417
16412,0.9880111785780278
16413,0.9236558002805159
16414,0.10301845002833013
16415,0.006117096370269263
16416,0.01124791062061439
16417,0.044930586225048544
16418,0.026389205364827636
16419,0.06583355546770545
16420,0.1467192786525479
16421,0.07677582743518097
16422,0.03551928908369995
16423,0.34109010184210387
16424,0.0029300493828756037
16425,0.15322867593389272
16426,0.030134798262968075
16427,0.0008699613413791119
16428,0.012584834112109176
16429,0.9055549270943402
16430,0.0032004871599469625
16431,0.04320373257343898
16432,0.08200013717724017
16433,0.10858020996928894
16434,0.5384360399043706
16435,0.003962926175206665
16436,0.014339862161666191
16437,0.0016739841892005874
16438,0.0881694607917361
16439,0.06577348845869212
16440,0.0020538749168928254
16441,0.010325841728818131
16442,0.23582090460114188
16443,0.13657648033654
16444,0.2702252204916232
16445,0.1282942397534539
16446,0.05854187769933616
16447,0.09402862047594586
16448,0.034795426423693356
16449,0.006317143918705302
16450,0.020674583946053086
16451,0.00677481131634079
16452,0.6864086313347576
16453,0.045927767458993
16454,0.24761579856074972
16455,0.1222095880537988
16456,0.02943584635246761
16457,0.16560836739638363
16458,0.03082744481261438
16459,0.013474003128723587
16460,0.010690461840038943
16461,0.03900444530138582
16462,0.0031340520562359317
16463,0.8405234742583763
16464,0.006806501467244172
16465,0.03336737665112417
16466,0.16535103990198077
16467,0.016806273678934412
16468,0.1526379212114012
16469,0.01675321113162253
16470,0.016796069795831387
16471,0.5092817035458619
16472,0.04130468537428587
16473,0.04112399466621534
16474,0.005303189164844123
16475,0.8805612533544838
16476,0.9936095990570055
16477,0.027289642582833132
16478,0.011214798997305823
16479,0.013592171751206555
16480,0.016249899682430197
16481,0.0542116845121421
16482,0.0006814965871938502
16483,0.5337084739239044
16484,0.12208500446967264
16485,0.002903082007883755
16486,0.04158327881332537
16487,0.017212032416342102
16488,0.03276618500121927
16489,0.9953853034126909
16490,0.06427967243581771
16491,0.01894749696964148
16492,0.5357618268286606
16493,0.02389131651469372
16494,0.6220952307099841
16495,0.0013570454929713676
16496,0.04032911114285533
16497,0.1210715190274766
16498,0.23258719031283845
16499,0.004832822632706753
16500,0.034063975007421546
16501,0.04561861887496275
16502,0.0907727421315575
16503,0.0444254701256847
16504,0.00825642472977963
16505,0.02595273408620497
16506,0.07663055555667775
16507,0.01337336652752868
16508,0.21185931159263316
16509,0.06453419666804501
16510,0.990365750289235
16511,0.05456237111018358
16512,0.006223650755543486
16513,0.02032490662798437
16514,0.3605626731003849
16515,0.01564937130615422
16516,0.0012612429913305147
16517,0.15375615900019235
16518,0.19511521451072636
16519,0.006993246916232499
16520,0.05441002035928929
16521,0.003043181283280467
16522,0.047126616492596946
16523,0.6399408490618228
16524,0.13173836213382473
16525,0.3368356227903651
16526,0.018807842896197278
16527,0.0037641369503669804
16528,0.9092540754239624
16529,0.24430494990608123
16530,0.009655172916638144
16531,0.0032936363756613453
16532,0.8194107357462096
16533,0.006606520134764617
16534,0.07837755757847445
16535,0.05421742336324339
16536,0.03092090055589311
16537,0.0020151501575907155
16538,0.018723427659991836
16539,0.6161562542553426
16540,0.3749214601056774
16541,0.005668339618824727
16542,0.018276170164768915
16543,0.14016234999611366
16544,0.3848907624574199
16545,0.17277762221590032
16546,0.008981778458103822
16547,0.3758971082542745
16548,0.5707294088709093
16549,0.027616586940313805
16550,0.11878105307900871
16551,0.021701407028502543
16552,0.02474810610039249
16553,0.03762024145544724
16554,0.04429796497584462
16555,0.04276396464827547
16556,0.23089403731315764
16557,0.8523327133487445
16558,0.05788350064611519
16559,0.10245243483033968
16560,0.0975486967444183
16561,0.06495212439951632
16562,0.05654112171353326
16563,0.03901722660677015
16564,0.05694640341165056
16565,0.9730456851945746
16566,0.3636763194581962
16567,0.4316922932700578
16568,0.43425464698475424
16569,0.013788079101844715
16570,0.18547770356722762
16571,0.2453964929268464
16572,0.007444998684842296
16573,0.006455693081258871
16574,0.6766039428098005
16575,0.004781332619475236
16576,0.04995554888331949
16577,0.05428734541260215
16578,0.007311920536453072
16579,0.061325012326247465
16580,0.015891962811501983
16581,0.017951946434206417
16582,0.30485101400857456
16583,0.06273823751763397
16584,0.0031367353579379994
16585,0.025270424277801
16586,0.7586806023082445
16587,0.12203501149699388
16588,0.8030714311281464
16589,0.011139514372087588
16590,0.6707398326100225
16591,0.0031737016550617185
16592,0.959371596203591
16593,0.2804113614605132
16594,0.7202966887717198
16595,0.030550551610225046
16596,0.014063736284455071
16597,0.6730691861640036
16598,0.5833956449222457
16599,0.02188647150377419
16600,0.6791569253840809
16601,0.01083419937552573
16602,0.5270652424911837
16603,0.004057892051157898
16604,0.1551532650859307
16605,0.09737079502333297
16606,0.013189279002374153
16607,0.07614676838272008
16608,0.6994925601655522
16609,0.7295710698639217
16610,0.4039747507776256
16611,0.022718270005585427
16612,0.013261532011872489
16613,0.008743166846868098
16614,0.5793696476246935
16615,0.047480467110246144
16616,0.41915016468696853
16617,0.051758770132917506
16618,0.0034752078929589404
16619,0.10739392336655713
16620,0.044712082922556844
16621,0.5637323471388003
16622,0.5471347873474631
16623,0.16968207096156726
16624,0.20240439178044062
16625,0.019290680604766446
16626,0.006202083706010404
16627,0.03210884477246301
16628,0.01041993226652569
16629,0.02198893040661795
16630,0.08843279774628303
16631,0.7465259954026541
16632,0.08781502923483349
16633,0.2736279267270417
16634,0.011019115069276398
16635,0.8433024735196
16636,0.10017753092567037
16637,0.012608026494195176
16638,0.1446073484729899
16639,0.039781710197056515
16640,0.4313673266379973
16641,0.007802198255647949
16642,0.006107466987537924
16643,0.06217984008951149
16644,0.03836234749621837
16645,0.08565403033732669
16646,0.01477005488331149
16647,0.02654785941687697
16648,0.048757096725896794
16649,0.2498476891495275
16650,0.0021086347638773475
16651,0.0009774246845653018
16652,0.11302756982723566
16653,0.00593552784221838
16654,0.010710049956561852
16655,0.0035060325115338392
16656,0.6701121672532855
16657,0.37144357924935045
16658,0.012200309296586524
16659,0.0036418884490105633
16660,0.8108473514947404
16661,0.02804958594837905
16662,0.06624994638847645
16663,0.0633985495852507
16664,0.0029038816327178448
16665,0.033983061007382576
16666,0.026512708510211504
16667,0.01615693374859312
16668,0.7123911596252259
16669,0.005649872661943601
16670,0.010790582369827465
16671,0.0012842561631994237
16672,0.3237225906540635
16673,0.7395787769475026
16674,0.009483802924075184
16675,0.08732818759192161
16676,0.014465679660626535
16677,0.04052850510089046
16678,0.005846278049697563
16679,0.0031140056857916504
16680,0.007190629850368749
16681,0.02870066472256981
16682,0.6286981854109136
16683,0.03190514065948386
16684,0.00590244605073555
16685,0.03106320866189646
16686,0.5127015234684468
16687,0.05388152728958774
16688,0.18664981398193312
16689,0.0663627792211314
16690,0.9978032611766123
16691,0.20509171281024557
16692,0.007441967332483573
16693,0.04964176965427088
16694,0.004979237524558091
16695,0.0032714204782502763
16696,0.008111287897625568
16697,0.025366370954457977
16698,0.024778019998552423
16699,0.03627035248788043
16700,0.029851846530425687
16701,0.8730243558540927
16702,0.0054307602836167635
16703,0.02610462860224019
16704,0.03695580261057771
16705,0.061590513054994654
16706,0.015255779419460158
16707,0.6483331106442781
16708,0.013455853904298534
16709,0.005807659167402595
16710,0.0792947384784105
16711,0.7342647772361436
16712,0.013115414226976119
16713,0.7133518886973509
16714,0.04500381275597633
16715,0.24667547176800914
16716,0.059412146480325924
16717,0.14731393976163873
16718,0.7649630652265081
16719,0.7544268442402393
16720,0.012747709389739827
16721,0.3759857395799834
16722,0.3339531587157405
16723,0.008466002249943903
16724,0.08403823246010099
16725,0.0022964734452786215
16726,0.008111028214123054
16727,0.9999999949546858
16728,0.29802450771347705
16729,0.0630573905702528
16730,0.0026397512984461867
16731,0.016524913628082352
16732,0.8610358688197698
16733,0.06783065902180983
16734,0.058328592777549176
16735,0.20182198022030204
16736,0.6661844655413471
16737,0.025202591942300314
16738,0.007079138726278428
16739,0.6476475026332752
16740,0.010100981971775145
16741,0.04928505541857409
16742,0.5873311666459866
16743,0.008963307857902305
16744,0.09506008324483017
16745,0.002211987491802799
16746,0.00599744447335891
16747,0.008610952472920338
16748,0.1101549375879827
16749,0.02206200215629688
16750,0.00306755611582295
16751,0.004408204951459578
16752,0.08567092811411085
16753,0.004042789977798025
16754,0.021553908650204474
16755,0.01068735755609528
16756,0.03481949102006007
16757,0.012543592738132289
16758,0.006394322824638578
16759,0.050024473320126064
16760,0.007005692230211804
16761,0.028833792713414522
16762,0.013221543813954005
16763,0.1335875253635936
16764,0.550949011048173
16765,0.008907226158867106
16766,0.06810002078325174
16767,0.04293453606642127
16768,0.09297991609670148
16769,0.1013691280842984
16770,0.5130110497650807
16771,0.002312117756339819
16772,0.23805309021308535
16773,0.004864139524836043
16774,0.004097012103410946
16775,0.015467045092498861
16776,0.01318200650800365
16777,0.027724743022823822
16778,0.2606837916738106
16779,0.02967316373288175
16780,0.1907369359325793
16781,0.22278936442233535
16782,0.6558824463134839
16783,0.012532557986570575
16784,0.04664171477561949
16785,0.01048903753548887
16786,0.01732574446132109
16787,0.019578928523464382
16788,0.027759394470539215
16789,0.7690009468606913
16790,0.09333781576153001
16791,0.00857775042688697
16792,0.14201579472421458
16793,0.03238513291116075
16794,0.07957816745766723
16795,0.6230860552206965
16796,0.048120515334368806
16797,0.06653213287390944
16798,0.06310660444397573
16799,0.013267436192705897
16800,0.21408228460441817
16801,0.08052089942208197
16802,0.04790616972691521
16803,0.0018012969445871379
16804,0.16408397076819684
16805,0.001365411801100956
16806,0.004946427097963769
16807,0.46794102714378116
16808,0.0016208327359832344
16809,0.0020404772810520334
16810,0.01291701924444035
16811,0.0022172648277017227
16812,0.029880704975501576
16813,0.2277063099178768
16814,0.09489647896404235
16815,0.13152755207346342
16816,0.015586350971840222
16817,0.039629409524624765
16818,0.7641145047270768
16819,0.9769686214672332
16820,0.19406348596782177
16821,0.9281031315573547
16822,0.0018894079157403276
16823,0.014558056972872565
16824,0.9206226613476878
16825,0.056775402547389324
16826,0.029374892729252824
16827,0.005083213529718409
16828,0.003090636359246925
16829,0.969739516764583
16830,0.17235580689380675
16831,0.8079818751298624
16832,0.7812300665860522
16833,0.7177241737099243
16834,0.014958093769979466
16835,0.03755451641839677
16836,0.09052428107670825
16837,0.23415757854538902
16838,0.39359635082260647
16839,0.70949881616396
16840,0.9929790361890062
16841,0.014602542193919
16842,0.34290624489432675
16843,0.21333691436509736
16844,0.9209540255037513
16845,0.019997657739852178
16846,0.7147500565211727
16847,0.48856435811846477
16848,0.6114015358988388
16849,0.08461849775315557
16850,0.9971929820753744
16851,0.059030773250814544
16852,0.004644931665877735
16853,0.338940957602528
16854,0.5960552373152834
16855,0.023373988891308504
16856,0.3932097328926338
16857,0.5822136168673755
16858,0.8621446014991849
16859,0.015418029660178132
16860,0.20454420355835246
16861,0.001947562006310442
16862,0.043043929857418596
16863,0.026006360024965407
16864,0.1258936617245424
16865,0.04363739739470541
16866,0.0984284772808432
16867,0.06025872700198142
16868,0.19670036597907015
16869,0.012562010954184898
16870,0.29099180449916756
16871,0.5943258580947612
16872,0.07623694928509747
16873,0.007407360150442743
16874,0.005108143351241914
16875,0.7784427305039665
16876,0.006917613830346178
16877,0.006029299712299509
16878,0.005706499175620568
16879,0.005192296350204785
16880,0.19193737680024242
16881,0.032222583265511806
16882,0.021467778367162457
16883,0.1630394621984398
16884,0.07223470662580678
16885,0.03011695584603953
16886,0.0028841069309272025
16887,0.3502031288199581
16888,0.006647477937356812
16889,0.13157832983308967
16890,0.34132126175815736
16891,0.006313872369842315
16892,0.0853211833831428
16893,0.15323144387417312
16894,0.030954892160122847
16895,0.05897980965645449
16896,0.25405752844265694
16897,0.023310214874960683
16898,0.015536554248174418
16899,0.02638217689381016
16900,0.031839661204863694
16901,0.0018531454819637441
16902,0.9301695451212295
16903,0.027395162673095344
16904,0.5553747851832646
16905,0.0019749267846280965
16906,0.09064631519167637
16907,0.018812778942412848
16908,0.037988347098400856
16909,0.002704527915717753
16910,0.008162607108261093
16911,0.054227263896905444
16912,0.0063357275319250745
16913,0.011499348029385317
16914,0.02710594074835351
16915,0.08747472667255629
16916,0.003209445443636286
16917,0.03247379320194739
16918,0.7115965555169608
16919,0.014991458200921499
16920,0.01377278144862537
16921,0.024787430494053676
16922,0.034953140899486104
16923,0.10133211728012519
16924,0.07634874573350399
16925,0.0952404154613739
16926,0.08210973523195575
16927,0.002754662403999641
16928,0.5251428300824588
16929,0.6470728830847937
16930,0.004662693151410311
16931,0.7647884080511266
16932,0.3070140861679406
16933,0.04662661433487597
16934,0.017788673997745058
16935,0.04289377741691203
16936,0.9021337649731458
16937,0.06863638344057259
16938,0.0012830578614051588
16939,0.007779458718705524
16940,0.4682971004418183
16941,0.02575187519286094
16942,0.2926429080782701
16943,0.9631008228912122
16944,0.03821863941064417
16945,0.007611474019939228
16946,0.0708246851706126
16947,0.07855228542851486
16948,0.11696549139632645
16949,0.973893577275566
16950,0.05138308266085142
16951,0.9771430973225881
16952,0.045767844682321
16953,0.10466879417463416
16954,0.09783763660696147
16955,0.007928069761724348
16956,0.07196711543389392
16957,0.2099839125768843
16958,0.03673370769622964
16959,0.004470938988926753
16960,0.032756777580996925
16961,0.005364152541882647
16962,0.030084088318729215
16963,0.06431544475866326
16964,0.0199313609373655
16965,0.032827986959086515
16966,0.9712880140694666
16967,0.14905858287953386
16968,0.8886597413842414
16969,0.02125160090047355
16970,0.008855857315104654
16971,0.5718064780561114
16972,0.8967564588947083
16973,0.486432444520176
16974,0.12127750789918594
16975,0.013195779030917764
16976,0.12158814148182887
16977,0.01645389072735427
16978,0.26894230339949954
16979,0.013856292020523747
16980,0.5581775855069103
16981,0.7511735916983973
16982,0.8796164654827647
16983,0.987822016477921
16984,0.07081889389450861
16985,0.013066344038429762
16986,0.0019190475669135843
16987,0.012679650882972222
16988,0.004707455625136101
16989,0.5164889159611991
16990,0.025532656052212808
16991,0.017907201173277296
16992,0.17869263131184032
16993,0.0026507104251357024
16994,0.12193453124494859
16995,0.029102310681319115
16996,0.012012396782727936
16997,0.0313309697722704
16998,0.7057652671937342
16999,0.024019552671167167
17000,0.008948275173766496
17001,0.006982839251261271
17002,0.02177816207269686
17003,0.5118598669921395
17004,0.11052682050496113
17005,0.21887133712618112
17006,0.06404146497948088
17007,0.4462888361171907
17008,0.05346843002716067
17009,0.7214429677938466
17010,0.09825954376216908
17011,0.06420255689879027
17012,0.05568861087911525
17013,0.010658800469560302
17014,0.639510505952904
17015,0.6262363206935911
17016,0.03108018245334914
17017,0.13732667204110544
17018,0.02316286196564054
17019,0.04151667575779809
17020,0.09713392118721824
17021,0.02369527671168157
17022,0.10580689242421588
17023,0.940613097947108
17024,0.010883211703353603
17025,0.06638213538244285
17026,0.012846437700827273
17027,0.012620541586149909
17028,0.6994600213349309
17029,0.017972285253999114
17030,0.003975926054878188
17031,0.00511865257654453
17032,0.5813653414124904
17033,0.03835282060449898
17034,0.022233519783400296
17035,0.02251412725886372
17036,0.03442380020488074
17037,0.002242377262896647
17038,0.006271382112193073
17039,0.01237377217119026
17040,0.028250882255773557
17041,0.003377301480819658
17042,0.9610263343107165
17043,0.05090438201389666
17044,0.018599013175774327
17045,0.22120049953119414
17046,0.5355858376424891
17047,0.004330198786646428
17048,0.19585978321794092
17049,0.05473856004863663
17050,0.12285196008871666
17051,0.9172094753766037
17052,0.1577908517430381
17053,0.9314754928822694
17054,0.037935591200067925
17055,0.04190106272715315
17056,0.04967875410892255
17057,0.010432644476875976
17058,0.014890958829803356
17059,0.010596844534719154
17060,0.40234650626498847
17061,0.9804263438956414
17062,0.009179105570662795
17063,0.028195025613427856
17064,0.34635279697879184
17065,0.03473098350112519
17066,0.7773752211687914
17067,0.6891703975950455
17068,0.36042615824330315
17069,0.2794330169710679
17070,0.512545427627101
17071,0.7867922352722552
17072,0.06187212106295417
17073,0.04855891030722392
17074,0.31359996879146446
17075,0.07455689352636596
17076,0.006028943544344782
17077,0.6264686502425764
17078,0.40745543209475815
17079,0.3617019868943411
17080,0.12653627394774922
17081,0.029893386530915025
17082,0.07656936404976117
17083,0.07063979734588433
17084,0.39085533542864004
17085,0.931965774386806
17086,0.05250995771407081
17087,0.19251283918925188
17088,0.003530835690817145
17089,0.03603623301134828
17090,0.0037780537249049928
17091,0.006771491342276918
17092,0.32270054598851516
17093,0.01543599157515683
17094,0.039274878707260645
17095,0.8928333168537848
17096,0.49130464811975944
17097,0.2327006458515506
17098,0.01691842773057761
17099,0.008417959199154655
17100,0.6260830908846241
17101,0.1397361851351545
17102,0.7482401659961266
17103,0.026354182259729502
17104,0.06964853256756497
17105,0.03775989786496428
17106,0.02086327946314888
17107,0.08727768203566284
17108,0.1046500319116645
17109,0.026506309101020063
17110,0.0038074497684561213
17111,0.033633996900264626
17112,0.188589967881237
17113,0.047634850973262706
17114,0.007970589431270814
17115,0.15685377989209287
17116,0.22722898436651032
17117,0.01652380218062386
17118,0.37831316434484663
17119,0.04833411242891755
17120,0.10686891942634233
17121,0.012427877742265314
17122,0.4762468788445059
17123,0.2470717552194598
17124,0.9613691093788416
17125,0.0035334346505363884
17126,0.20787066314951974
17127,0.00713459083194679
17128,0.8930728772169616
17129,0.04779306167479521
17130,0.15943545942529525
17131,0.011212883815095023
17132,0.19584696686716693
17133,0.05430886524390891
17134,0.17416068744773863
17135,0.19686605002140983
17136,0.07530681603273655
17137,0.03594003143442268
17138,0.9953372256668
17139,0.3063308627582655
17140,0.011546653005848543
17141,0.31860008591529915
17142,0.15311965093281357
17143,0.5493884023966848
17144,0.007598007593048755
17145,0.023736502390479936
17146,0.3803365511466405
17147,0.07549811399330904
17148,0.08155029135872024
17149,0.12137932959458604
17150,0.050778899519268554
17151,0.23550465246913158
17152,0.04757260543085544
17153,0.009403200630789877
17154,0.09855618268767381
17155,0.018968536871557397
17156,0.2846573222930791
17157,0.07612389651099147
17158,0.28131971738532385
17159,0.13037024553357268
17160,0.06481199060276881
17161,0.45998825257337744
17162,0.010031797811952285
17163,0.8342885496030177
17164,0.008516896371021716
17165,0.0009081281853041411
17166,0.051119898538368805
17167,0.03439086339107688
17168,0.053150452920474385
17169,0.572165443269814
17170,0.0038542461407947296
17171,0.028107140431580482
17172,0.13972926902352586
17173,0.1930528602222564
17174,0.0672614329167376
17175,0.5024660689443301
17176,0.03339554859743747
17177,0.3710802644404123
17178,0.04878261146102738
17179,0.5575253627274259
17180,0.021124608474150354
17181,0.23643592378759037
17182,0.0
17183,0.20897175212885877
17184,0.31602988351661365
17185,0.013816430560263696
17186,0.0085205465676835
17187,0.018236605771807093
17188,0.68273767744531
17189,0.02100848434685604
17190,0.15944872574077462
17191,0.03075481453121371
17192,0.002662862392169691
17193,0.004374599481538061
17194,0.006217440540544085
17195,0.020727526557768237
17196,0.02232985112031887
17197,0.011766242839815085
17198,0.13316865136206438
17199,0.9512209096453172
17200,0.10671912281416915
17201,0.24759868359469245
17202,0.047009493914095764
17203,0.039657288548652914
17204,0.9149515689703722
17205,0.016366591274295808
17206,0.010356194012078764
17207,0.018149556855554666
17208,0.005655293578223613
17209,0.01542916538636997
17210,0.0043327050476679166
17211,0.00119636719116141
17212,0.06151024563611123
17213,0.17793338141663484
17214,0.21758373880429754
17215,0.9924153291180071
17216,0.005150138823502842
17217,0.481103847479968
17218,0.3904932396720891
17219,0.008505541810357384
17220,0.004469735801347664
17221,0.030498990663847265
17222,0.23277736834973678
17223,0.059817990123274906
17224,0.13566838890197017
17225,0.3914771357229282
17226,0.035497659057089265
17227,0.006167215078462052
17228,0.03367653544514308
17229,0.630528410602295
17230,0.02858504386242065
17231,0.006968482354203848
17232,0.018381249560001985
17233,0.036102235374722624
17234,0.05710676130847345
17235,0.04294666326321762
17236,0.009666298745992034
17237,0.021750234849416003
17238,0.2954344634598513
17239,0.054156615234792996
17240,0.004374328066336017
17241,0.031832319391548874
17242,0.024998253238452717
17243,0.044060485567370855
17244,0.6382796226426259
17245,0.0020208284551918713
17246,0.003069756715611094
17247,0.005073193505031897
17248,0.02884633389041062
17249,0.08720576677558718
17250,0.6726844887335716
17251,0.29426599202746717
17252,0.12848369863521125
17253,0.04445187801090521
17254,0.11486107466412408
17255,0.046508825706866604
17256,0.02394838664563523
17257,0.9542720756265379
17258,0.3472008238345231
17259,0.902277555039373
17260,0.15122519961368727
17261,0.08020014280671277
17262,0.1873505513555565
17263,0.022971147480555516
17264,0.3722893870642294
17265,0.004804655835327043
17266,0.0032536844331990463
17267,0.021855243862012326
17268,0.20843318656377663
17269,0.265779328668532
17270,0.010387397249922381
17271,0.05178677476669513
17272,0.3573628758121788
17273,0.914049625772497
17274,0.00819677878858223
17275,0.2032650360397289
17276,0.1580881994044401
17277,0.02942408672809637
17278,0.020711499608911835
17279,0.9329851729231324
17280,0.14206897014201061
17281,0.040872471833000676
17282,0.05717173208122442
17283,0.7511215339882683
17284,0.05726727640847027
17285,0.02927501902573552
17286,0.07468993780050893
17287,0.6265075831775104
17288,0.004274133291938681
17289,0.08158509758764879
17290,0.0043750309795237904
17291,0.007973009473013508
17292,0.3436779405668254
17293,0.5606576538483421
17294,0.7552016724077449
17295,0.014449077661839773
17296,0.0018683878034058971
17297,0.012882760208236012
17298,0.08246962805432821
17299,0.20072481997156327
17300,0.03324651085400428
17301,0.8429039707087039
17302,0.05495908061145638
17303,0.09368182717674459
17304,0.13002052240652784
17305,0.008285536130920082
17306,0.28946913929397267
17307,0.03779091837802214
17308,0.009605450069636697
17309,0.9583573195305488
17310,0.22251946187658933
17311,0.15872756394116078
17312,0.886090931010162
17313,0.987098157205598
17314,0.0025104769265290776
17315,0.29820048367106083
17316,0.17952242201830607
17317,0.010845384330208322
17318,0.008772206185716393
17319,0.06370493920842434
17320,0.9955901398077434
17321,0.18410837495063634
17322,0.046997424345703205
17323,0.9945477011911193
17324,0.042947123494485186
17325,0.006128508619019799
17326,0.04812779576323809
17327,0.006929958546315534
17328,0.6597410465300433
17329,0.022693547479971935
17330,0.01226290190361574
17331,0.07361906534502606
17332,0.20034008635532236
17333,0.4024941383833599
17334,0.36176862463326387
17335,0.07309224072954218
17336,0.05155682586397902
17337,0.17659967711400673
17338,0.019971760780468265
17339,0.03521092004796408
17340,0.06077512785848661
17341,0.1214344920913027
17342,0.35348073254963636
17343,0.013894409837944644
17344,0.9412461435351301
17345,0.1798908691225287
17346,0.1619819641228574
17347,0.8150815069833484
17348,0.5569616683206616
17349,0.001553849096407698
17350,0.07994496283860367
17351,0.0580994470490199
17352,0.06430145290310595
17353,0.0045548700930486885
17354,0.1190089661440976
17355,0.3868887338101583
17356,0.8403005649144832
17357,0.11640464651024955
17358,0.004401574097099264
17359,0.0687660146018536
17360,0.05019702469245933
17361,0.19831129671438466
17362,0.19292824257403063
17363,0.9800421379786585
17364,0.05197115073527386
17365,0.004253834889574593
17366,0.04407177136215705
17367,0.01778580349761352
17368,0.11528736512642083
17369,0.016358209648759954
17370,0.0021912537046656026
17371,0.999449484384427
17372,0.05719605355675899
17373,0.027169642209378744
17374,0.0015675837172541172
17375,0.024654852259938714
17376,0.7442282198122825
17377,0.6747550434613284
17378,0.13078021590888958
17379,0.9228494070586216
17380,0.011743921661060303
17381,0.003998226912176135
17382,0.060321473029782365
17383,0.014990893906621363
17384,0.010207727819909241
17385,0.7308367277046126
17386,0.0032132079357165316
17387,0.4904287204057124
17388,0.42696246851828396
17389,0.01877984522179423
17390,0.5729758255708706
17391,0.7524808142735071
17392,0.2309948743698513
17393,0.12138997849434474
17394,0.7727846038756859
17395,0.2643417911360284
17396,0.11943278787867184
17397,0.08486477981185776
17398,0.9156347465284386
17399,0.02886664681902593
17400,0.11485026561732921
17401,0.002145369515241895
17402,0.02649678375268821
17403,0.5972611788129167
17404,0.05107039064024521
17405,0.6953747037070911
17406,0.014429256673457402
17407,0.00669851128841977
17408,0.2604383352916129
17409,0.018254954405451145
17410,0.03624795657838387
17411,0.004681554375211113
17412,0.3037948564570019
17413,0.04342598999011592
17414,0.21465973247890613
17415,0.1842315965993389
17416,0.003787222585667094
17417,0.055738691731576646
17418,0.5498006745616357
17419,0.34327966319108044
17420,0.020593402670430746
17421,0.7663311978857908
17422,0.03886539104971554
17423,0.014163304190242941
17424,0.40280123832508136
17425,0.0068369929519473075
17426,0.25551444623328734
17427,0.018736131194752613
17428,0.005884867790936309
17429,0.1722438047623582
17430,0.006998677839007146
17431,0.08360034595534425
17432,0.17459506627080845
17433,0.8468252931911434
17434,0.0323406805264529
17435,0.01804569460099691
17436,0.8288158583497842
17437,0.7919158217056991
17438,0.03558945326200029
17439,0.0048714097037208266
17440,0.08718293211593099
17441,0.0006467069634253869
17442,0.0029615179713870492
17443,0.04972690854468654
17444,0.005385567549985697
17445,0.00642228024370787
17446,0.9649803944980977
17447,0.005721127774761847
17448,0.01562532320138337
17449,0.6681708832924745
17450,0.028590350867752752
17451,0.017284080054829173
17452,0.15593062370380956
17453,0.040497588596146036
17454,0.6074116987963711
17455,0.0826474246283142
17456,0.018002837797275986
17457,0.03352011116870077
17458,0.02704033027998235
17459,0.18435292569147885
17460,0.057496247750356846
17461,0.06385899990196393
17462,0.590198061229361
17463,0.013676836081690237
17464,0.7699448482228255
17465,0.002733492309714314
17466,0.025058390677741033
17467,0.06741757123890509
17468,0.011032225710419133
17469,0.014481551936240976
17470,0.15925010534284123
17471,0.6396834699008668
17472,0.01683968431370419
17473,0.01756425688222968
17474,0.01794116923292461
17475,0.7181472853531057
17476,0.0026090558319138393
17477,0.03083362674832099
17478,0.03433963221388057
17479,0.07686010087157444
17480,0.018965762387522296
17481,0.011154948521884403
17482,0.04120199828256661
17483,0.444351086099174
17484,0.09717022297084577
17485,0.0021364385847823467
17486,0.24984529331572164
17487,0.022105145409168088
17488,0.0039102714231161574
17489,0.983824195707481
17490,0.775184145287783
17491,0.016381244697675525
17492,0.057953300678982037
17493,0.013032714515771166
17494,0.007154486073591746
17495,0.028492765565501198
17496,0.03104276004333552
17497,0.217956176378862
17498,0.01684395043404101
17499,0.5350098244769667
17500,0.0014196816652894619
17501,0.009198020517937968
17502,0.45358374543706487
17503,0.0771822303649669
17504,0.0061120306919341125
17505,0.9619608875839287
17506,0.007448712337399139
17507,0.49965066724798995
17508,0.7182581835711979
17509,0.013560842925640346
17510,0.5659229592960725
17511,0.2108427167046554
17512,0.10510260256559929
17513,0.08547288452081855
17514,0.7393934492962111
17515,0.024369599209230017
17516,0.0335576785346241
17517,0.833464695333325
17518,0.020646224786221797
17519,0.6225921753474769
17520,0.2160881738671408
17521,0.7387717826398225
17522,0.006025802973466719
17523,0.09971201866139678
17524,0.02261029037260855
17525,0.05779711412840639
17526,0.0022262839961502312
17527,0.04568008787714681
17528,0.010664372204152544
17529,0.9831569983328259
17530,0.06884159485668001
17531,0.010381827962980476
17532,0.9962510692244335
17533,0.05188391491292465
17534,0.21782050908132802
17535,0.012813741855844538
17536,0.01002346016694077
17537,0.00904998638700744
17538,0.0037764878655962286
17539,0.0713589719469242
17540,0.6677710749473925
17541,0.499613045959022
17542,0.036048872617398316
17543,0.05219505310233543
17544,0.0008281517585075156
17545,0.9454341191778719
17546,0.17454075343768724
17547,0.3360120379946316
17548,0.2877222152747656
17549,0.6107982209709175
17550,0.8950177163206541
17551,0.1725635715425145
17552,0.009019638090598888
17553,0.29431449414545413
17554,0.9182909639970313
17555,0.09704437132417852
17556,0.019048548258002434
17557,0.027691390302831513
17558,0.007815287167085922
17559,0.054080944509834555
17560,0.09762450800395107
17561,0.006147023607556181
17562,0.36648743644352344
17563,0.5304216756659341
17564,0.008241706340623664
17565,0.05071155810562644
17566,0.03382608302100232
17567,0.22403395342182644
17568,0.025603588475874118
17569,0.24019259648454935
17570,0.007279017827509189
17571,0.00602230643701847
17572,0.0009103861854697329
17573,0.03277064203380047
17574,0.1319235323104309
17575,0.6811118699973696
17576,0.10461889394204811
17577,0.4901903150589312
17578,0.8154285033127433
17579,0.011237262054823715
17580,0.5860761294088771
17581,0.4306863823974255
17582,0.0063318516866219515
17583,0.007241216035903229
17584,0.01628357275036782
17585,0.036512075630358805
17586,0.048464857016916676
17587,0.04054755400165026
17588,0.020377761604773486
17589,0.07694670786869243
17590,0.2523932842394593
17591,0.4689094011635897
17592,0.027575816734154025
17593,0.23915775166760267
17594,0.005893926067926123
17595,0.03933640061716855
17596,0.02731883119032486
17597,0.018100290780667626
17598,0.23007720715233854
17599,0.14471861167058908
17600,0.04835406402755654
17601,0.1412652242106157
17602,0.6429330609142916
17603,0.20245019821568264
17604,0.007272878139301168
17605,0.04372333885608481
17606,0.00984540917007275
17607,0.012736515827268405
17608,0.15120400094009862
17609,0.9626398726726648
17610,0.053026546043075544
17611,0.5138203569750447
17612,0.025207527970583617
17613,0.2478755030081986
17614,0.03577945283692558
17615,0.2470827955915093
17616,0.12606006336583
17617,0.1502568373085734
17618,0.011455461481216869
17619,0.9807033235787306
17620,0.01816031414466198
17621,0.009140765056871544
17622,0.01834764992720081
17623,0.0017281210280877218
17624,0.028805537516219334
17625,0.9058781111474015
17626,0.06451369594490089
17627,0.9501995762540468
17628,0.03325003885186845
17629,0.22506126551799682
17630,0.5954909478385004
17631,0.013608935202742579
17632,0.9471230186585059
17633,0.005529333088457778
17634,0.45833868889854895
17635,0.04041209867248907
17636,0.06070625228161839
17637,0.9915618481204486
17638,0.2998559194656234
17639,0.015917498027367805
17640,0.2985065739032172
17641,0.008104151350069262
17642,0.17485440838166702
17643,0.009819222481604474
17644,0.06782817491583505
17645,0.020171084520370423
17646,0.08169752327257837
17647,0.5766470615099595
17648,0.7903757331420447
17649,0.03284265488093561
17650,0.0036742455273920216
17651,0.1586013379403284
17652,0.9967056024213066
17653,0.037688843914130805
17654,0.15525863219535901
17655,0.13781189883516276
17656,0.005040730900711392
17657,0.054672401397631055
17658,0.022399315244538667
17659,0.9156769793989558
17660,0.022580098082711976
17661,0.07867958834928418
17662,0.07184333863890512
17663,0.11255567720840877
17664,0.17271997212038542
17665,0.003574802731296227
17666,0.04120707968693118
17667,0.16326981410593347
17668,0.024609155480252415
17669,0.08401161592499691
17670,0.006422750564184337
17671,0.00044167304227012995
17672,0.07448021864846105
17673,0.00943065955878284
17674,0.004186697160027552
17675,0.08742107960130105
17676,0.8540984631964254
17677,0.012561494724432963
17678,0.0217035892064621
17679,0.00806846110337541
17680,0.04636443628154813
17681,0.12768550628928235
17682,0.661620242010177
17683,0.07095893967773648
17684,0.9562861455761165
17685,0.03851324542690085
17686,0.04427183568746148
17687,0.0626936091610254
17688,0.04280014631478462
17689,0.0160917566234275
17690,0.010315766159633024
17691,0.029611023925751045
17692,0.1378608312644717
17693,0.2324505844437886
17694,0.013974463887809716
17695,0.9332573736109081
17696,0.06261397708653609
17697,0.010018931601654561
17698,0.5005411132834386
17699,0.0034568389040207383
17700,0.015357708603552667
17701,0.05176771157565127
17702,0.025026810475866666
17703,0.5324376309359545
17704,0.0034840054217898033
17705,0.01459422938134288
17706,0.939767746858192
17707,0.03119588255155723
17708,0.003339183293723337
17709,0.002326362583401898
17710,0.004347708817647675
17711,0.005611482504085633
17712,0.13313794274823448
17713,0.008280920036941726
17714,0.011396123770990599
17715,0.04653638959278304
17716,0.002219530704572757
17717,0.11763471991769475
17718,0.11663233073517884
17719,0.26889048834723384
17720,0.7589370841332231
17721,0.3853839323899163
17722,0.0006852823677807601
17723,0.01260118571011642
17724,0.07043912966329786
17725,0.8596539100064295
17726,0.7250924477606988
17727,0.41134731380942163
17728,0.11021498961612014
17729,0.061935274218327174
17730,0.5433841468540298
17731,0.44767378031114274
17732,0.0043546558508074165
17733,0.06172837108913628
17734,0.21126049337898778
17735,0.5820164378224715
17736,0.014296094338940277
17737,0.04832968290500737
17738,0.5506183962701731
17739,0.002451989793883919
17740,0.08869945477430656
17741,0.006282900379436642
17742,0.06594265944258186
17743,0.02603543930210866
17744,0.06824129910647572
17745,0.008047590650767895
17746,0.13833323089443925
17747,0.2004881623328385
17748,0.020515637603538663
17749,0.01156479855912027
17750,0.012808544690059832
17751,0.020945715496396476
17752,0.08406288923561393
17753,0.49913817216576384
17754,0.01985869513135087
17755,0.006850647376833464
17756,0.2357791038296053
17757,0.40342102956659875
17758,0.060954924958075925
17759,0.18133532250891268
17760,0.35786675478606156
17761,0.09117634408283776
17762,0.042837268502629464
17763,0.016993786314791176
17764,0.1343210411317802
17765,0.7841452263620567
17766,0.2495330197185421
17767,0.9226863436457379
17768,0.6204219219693928
17769,0.9954111282503415
17770,0.020531750521001722
17771,0.1304361049679161
17772,0.08988185743853583
17773,0.004644006311570406
17774,0.19676526025643418
17775,0.5973898932997959
17776,0.3085568983934484
17777,0.0038184883028842004
17778,0.012022958260026162
17779,0.6401649065786171
17780,0.015325092647313621
17781,0.7719731112368287
17782,0.04833386780488026
17783,0.015733310438126525
17784,0.04251597696663052
17785,0.003364651911927821
17786,0.09378219753675995
17787,0.8948718952264976
17788,0.038017606479565196
17789,0.069510794636765
17790,0.024611502620208614
17791,0.058535448518767554
17792,0.04762309749301707
17793,0.3883163456679676
17794,0.0169415456213236
17795,0.03581892069729402
17796,0.023730468881210307
17797,0.9490388990124566
17798,0.6613076171007818
17799,0.00694383588880075
17800,0.10621338212555581
17801,0.25540367482018134
17802,0.010577813474124469
17803,0.1255281542616301
17804,0.014337900213254342
17805,0.034812655262298854
17806,0.8274113935153685
17807,0.0729831260349805
17808,0.004532935299605071
17809,0.8041347574598382
17810,0.00857541019536939
17811,0.9997897730159025
17812,0.03612979008183092
17813,0.01916713370783693
17814,0.023837604545618653
17815,0.09592116906116727
17816,0.32729026090258867
17817,0.015152081783026414
17818,0.010486684022795824
17819,0.5192445519638108
17820,0.0962406620102599
17821,0.15999502593189124
17822,0.0003451357238866905
17823,0.6154876741315538
17824,0.0019491412537649543
17825,0.02794750622494394
17826,0.02867871735383762
17827,0.06542214863914624
17828,0.01261552657542312
17829,0.011136096819059459
17830,0.35858403739111355
17831,0.2966184638007672
17832,0.0013303778508230231
17833,0.8036767991464855
17834,0.0015342937110752063
17835,0.7651702784371972
17836,0.062139418295591047
17837,0.21174916619084078
17838,0.8145951802269885
17839,0.15108856768741866
17840,0.008995877551310687
17841,0.201061602073122
17842,0.03429856187239294
17843,0.06332734258541134
17844,0.05450202937545918
17845,0.5353429452540319
17846,0.00852237551773784
17847,0.02433601627655697
17848,0.03188235589417387
17849,0.9696870578493275
17850,0.3606805963644034
17851,0.0386529874716887
17852,0.002567861974336688
17853,0.012948192368236158
17854,0.015747042148567435
17855,0.017038328250647366
17856,0.5399007147127088
17857,0.11372145733451712
17858,0.04034619381980376
17859,0.038929489934300815
17860,0.6067970686779691
17861,0.05769801277417689
17862,0.8923003886395634
17863,0.011660184285627224
17864,0.01490858087271772
17865,0.8820999833187526
17866,0.08319175381824531
17867,0.6986307328209918
17868,0.023352101449380495
17869,0.00576234315725529
17870,0.054502372853488454
17871,0.007183614956956141
17872,0.005658284718547019
17873,0.013691432748807995
17874,0.16616215377563312
17875,0.04573793824005653
17876,0.08846506839203892
17877,0.5669302576259129
17878,0.03190491651824778
17879,0.010865905297525175
17880,0.001534010472222964
17881,0.014209624919368273
17882,0.11969490455504654
17883,0.14378770239388683
17884,0.05414284221732176
17885,0.28541415963802247
17886,0.10386925180586945
17887,0.008649804298711799
17888,0.7210994263843173
17889,0.9891937802938876
17890,0.0251560320388719
17891,0.004015596447725541
17892,0.5926480703526164
17893,0.9680421804632271
17894,0.4333147522381199
17895,0.22720877725142183
17896,0.2592924603780125
17897,0.11413663122578473
17898,0.2539296710278064
17899,0.005919804199207263
17900,0.02607457206331633
17901,0.07974893410013029
17902,0.010880177716481438
17903,0.008309375455234323
17904,0.055031375115581684
17905,0.9453555379998867
17906,0.002991146156462306
17907,0.014705326215562031
17908,0.9125703679713784
17909,0.006093475321436557
17910,0.11129992660514597
17911,0.4025073867735002
17912,0.6455454939520757
17913,0.00848511912239332
17914,0.6639347861170516
17915,0.06133591938826699
17916,0.03160468890893054
17917,0.025811624861218577
17918,0.010548468987084397
17919,0.012178830310985541
17920,0.02260263104051564
17921,0.19535340324631645
17922,0.24305461307724385
17923,0.00342640788337405
17924,0.14793074586096722
17925,0.022369042088540046
17926,0.012620818590876413
17927,0.00965798256075202
17928,0.12552420057472186
17929,0.12529004207884054
17930,0.5589015984272431
17931,0.4841977414312379
17932,0.7317332040085912
17933,0.024190559666288646
17934,0.005061553994663291
17935,0.460068383510051
17936,0.0039255472853194735
17937,0.5416297050391506
17938,0.022705932118035677
17939,0.029304512890216794
17940,0.0928512876820118
17941,0.03190831795249835
17942,0.003807898720627564
17943,0.09123476390972406
17944,0.8888918368010891
17945,0.5157973460258326
17946,0.0034040058190224955
17947,0.06369298962047319
17948,0.2541838470666108
17949,0.003571960934080761
17950,0.04636204130705408
17951,0.03730417109683734
17952,0.0012856346286811281
17953,0.7240791659694121
17954,0.03374823242466052
17955,0.024430553517498014
17956,0.003145799702921589
17957,0.016174268695452024
17958,0.23533283723554257
17959,0.6691496745832195
17960,0.9353231858761123
17961,0.006212635761469587
17962,0.011144134691766332
17963,0.4889801765812422
17964,0.026615677306534975
17965,0.004471208349138551
17966,0.48112560979078584
17967,0.06489131305782135
17968,0.03715458180782427
17969,0.04129497054261802
17970,0.189108587606332
17971,0.0031510439894218774
17972,0.1448461697293381
17973,0.04971193287531973
17974,0.031148189394473814
17975,0.06520128851863109
17976,0.014445539728605048
17977,0.05217560389424455
17978,0.035234746912590265
17979,0.01569085354782414
17980,0.026256613319934074
17981,0.5312712532231622
17982,0.008986602482337508
17983,0.04655669016623839
17984,0.02189322762117663
17985,0.1733981400101291
17986,0.008533717946481794
17987,0.023456532578407557
17988,0.02544665968741518
17989,0.01190763179854055
17990,0.0030625871826790063
17991,0.0015824188801135466
17992,0.05764871676860196
17993,0.2071637041608148
17994,0.012391570605192798
17995,0.027326286354273616
17996,0.18821973992573354
17997,0.06096231800762694
17998,0.006677552774033381
17999,0.8421841989882374
18000,0.0009219963600505654
18001,0.8870653505477555
18002,0.14868314587861192
18003,0.028182680556551973
18004,0.022664597181363565
18005,0.13159940956746574
18006,0.13652892642535133
18007,0.0023359945527104656
18008,0.062285667266943935
18009,0.006820441388870456
18010,0.09575070532816869
18011,0.024986618564018955
18012,0.06202688090137768
18013,0.11210137392781319
18014,0.024642298006979178
18015,0.0068386410747130815
18016,0.019044975175829496
18017,0.007882988692902696
18018,0.08606091211503387
18019,0.09663286429146066
18020,0.0041875644186365486
18021,0.4581599155709745
18022,0.10445576102884822
18023,0.11118684903593858
18024,0.8853265613538107
18025,0.012899312418324734
18026,0.24603326201463582
18027,0.09279056814069699
18028,0.012147690366424548
18029,0.9602043355462441
18030,0.01840554777804113
18031,0.06693842853989895
18032,0.017111684252391762
18033,0.10641233792350259
18034,0.039664384952352964
18035,0.1613718918532954
18036,0.058576106602504875
18037,0.012147346195043604
18038,0.004978238798508064
18039,0.11663301047716619
18040,0.2169932268019046
18041,0.1420863581511137
18042,0.9375117627143981
18043,0.12328977392160455
18044,0.01977122008477537
18045,0.012421768846347997
18046,0.034478959353013115
18047,0.04429904786975426
18048,0.0024190872783852366
18049,0.05280696011197019
18050,0.40155688356385016
18051,0.14712302432327545
18052,0.015005299532550791
18053,0.9210967229879046
18054,0.07520825508246147
18055,0.33985098110802814
18056,0.002744109112564907
18057,0.048258495373864736
18058,0.010044968215471921
18059,0.06868173050758017
18060,0.4032683942773784
18061,0.021900843829743874
18062,0.04582510635726458
18063,0.1291734070164435
18064,0.04448691227681361
18065,0.7459600880787796
18066,0.05449327341091713
18067,0.3480089237991095
18068,0.004003145727701258
18069,0.014132889401475088
18070,0.01993416113678122
18071,0.01094884551122211
18072,0.8442001474188768
18073,0.9234007937292269
18074,0.0035934713268153595
18075,0.012208723174577695
18076,0.007515713198784751
18077,0.06018610838575079
18078,0.036987566104556065
18079,0.013514947168260474
18080,0.009750867312026578
18081,0.17133210370973473
18082,0.06543267563032143
18083,0.0033324657282044054
18084,0.17075818103756019
18085,0.12578499855283917
18086,0.9869329215122735
18087,0.34905469880361834
18088,0.3638862204614895
18089,0.012466209107174286
18090,0.0043302531212713385
18091,0.9245844960314404
18092,0.6120059611254779
18093,0.0849795440431854
18094,0.6663382223453991
18095,0.01199442377594602
18096,0.032608382972884715
18097,0.003018506617602022
18098,0.006100091491187301
18099,0.06587632770797545
18100,0.5195366610377212
18101,0.9999926030518184
18102,0.005518393660492759
18103,0.08186958553791826
18104,0.02984791697518605
18105,0.006218553746785419
18106,0.402918680264947
18107,0.007777715138340487
18108,0.05920050962373623
18109,0.24627111623781464
18110,0.11037445185555128
18111,0.14617229897922793
18112,0.3227529755907267
18113,0.003466659802588886
18114,0.03197607798097159
18115,0.030193292347443376
18116,0.004964793170417699
18117,0.013559472525487762
18118,0.014210890452157792
18119,0.03619602499393523
18120,0.035998445087224
18121,0.01018070097403557
18122,0.031234945772364856
18123,0.0186525809295065
18124,0.16321269309705366
18125,0.08677001383800417
18126,0.12038541053890695
18127,0.4568524378224877
18128,0.008657325605448992
18129,0.0013984449407215042
18130,0.2201781627981033
18131,0.0074430431070275655
18132,0.04685018160639774
18133,0.021694019617941433
18134,0.001283933352429478
18135,0.05198431872334667
18136,0.9241583410945455
18137,0.9013062731609576
18138,0.09074338208923179
18139,0.07824166665625133
18140,0.18353317247224377
18141,0.025055240643019058
18142,0.0019524257756040637
18143,0.9948385984343708
18144,0.026385679129424584
18145,0.017220922449404666
18146,0.5090373420174413
18147,0.029924982102947403
18148,0.5487768739233143
18149,0.006011727505047902
18150,0.01057205645771544
18151,0.15335144854051935
18152,0.016953111464675617
18153,0.005360404207410075
18154,0.030613094332655782
18155,0.7182114157100442
18156,0.00041239219081552417
18157,0.25902488057070505
18158,0.8802003029317945
18159,0.0235897821488621
18160,0.7016278381073474
18161,0.06976579347178885
18162,0.17890904313287395
18163,0.013490836333360423
18164,0.19167636276727487
18165,0.09652470592556912
18166,0.11289116950767732
18167,0.6317048264210938
18168,0.39354803754832013
18169,0.03483751768899712
18170,0.9193791328330009
18171,0.9868883976245415
18172,0.09805130126416163
18173,0.01334201500850641
18174,0.06379767673827594
18175,0.025715913921369977
18176,0.9685634608318526
18177,0.6315733117479114
18178,0.06483737419679138
18179,0.13991385395881445
18180,0.9993155927532522
18181,0.4017868218383009
18182,0.0006954725824014845
18183,0.22012859611541188
18184,0.02021398850130515
18185,0.49509633393958624
18186,0.0053257010303557634
18187,0.08652382075841245
18188,0.9366930792675218
18189,0.23865599362563147
18190,0.7791136154878304
18191,0.03196147851310352
18192,0.8105447638779791
18193,0.013562746506505375
18194,0.0075797095260572555
18195,0.9495664221199339
18196,0.008454698229294825
18197,0.015825650202614998
18198,0.5260481049256159
18199,0.02466777670819103
18200,0.3955103516925792
18201,0.6362509262513053
18202,0.39025188415418743
18203,0.45645124802332726
18204,0.02550019812314647
18205,0.008387575749192792
18206,0.04348524240346529
18207,0.09294435297205952
18208,0.018243395768989274
18209,0.022295705449092366
18210,0.0230998527130967
18211,0.10527298239406424
18212,0.02200348348096421
18213,0.1898204341963802
18214,0.9936208054726166
18215,0.028267375775014227
18216,0.4575052772941849
18217,0.5216787111767269
18218,0.12851193942073413
18219,0.06829188579575268
18220,0.47874229468189144
18221,0.09277641311341027
18222,0.0037459424066612463
18223,0.42114938523109896
18224,0.7054269675649149
18225,0.006263313533158746
18226,0.5431055590038564
18227,0.043999542562743986
18228,0.001965591626302326
18229,0.562703829443712
18230,0.01715714913153944
18231,0.7880331099536472
18232,0.9057999205589069
18233,0.19209989504124678
18234,0.8178378304659912
18235,0.7919557937596312
18236,0.009748197595572024
18237,0.4172879580508103
18238,0.05375053360348675
18239,0.07499596162862751
18240,0.064870550434149
18241,0.5961605260603947
18242,0.038776837495715845
18243,0.0339176672959773
18244,0.7543846997485958
18245,0.1081174826132985
18246,0.08071352336678046
18247,0.07543799557658434
18248,0.3173321573733951
18249,0.07049956044237694
18250,0.01282922091928707
18251,0.029897088018235676
18252,0.014773887523672577
18253,0.7789157693739276
18254,0.3134017598481791
18255,0.8870629631716382
18256,0.010492522579395726
18257,0.002606657668651362
18258,0.11608476518802428
18259,0.00829426232101982
18260,0.008180448419686489
18261,0.0018709913881659916
18262,0.022056664588662366
18263,0.36422240687228163
18264,0.029740261495671383
18265,0.33945028702875507
18266,0.4381097428433188
18267,0.7118817884233469
18268,0.002708950115073062
18269,0.9978824378148885
18270,0.07847568848382148
18271,0.09573621820395219
18272,0.5676643185091325
18273,0.019284093622827823
18274,0.0311293444998364
18275,0.013545789846202465
18276,0.7144880489490534
18277,0.030061462561404392
18278,0.032471733648064376
18279,0.005879416203231105
18280,0.04728138905691274
18281,0.06325890555853698
18282,0.04614332756109783
18283,0.1262838414877619
18284,0.15563552663961094
18285,0.008464679530079323
18286,0.07753814576442393
18287,0.007854197934646685
18288,0.015259716483639954
18289,0.4482415080951971
18290,0.011396861171782978
18291,0.0037054548157991305
18292,0.04321250686389143
18293,0.07810979401984677
18294,0.012609696093547028
18295,0.17271212311267495
18296,0.8661895130347569
18297,0.008817953464177455
18298,0.08661354729046539
18299,0.1851110821362263
18300,0.35380024557540035
18301,0.003214014739318181
18302,0.7165111209825418
18303,0.05990589405396282
18304,0.008829101385569521
18305,0.7174173228531863
18306,0.08542361309984427
18307,0.028930280943664698
18308,0.8913087588576327
18309,0.005179180763357401
18310,0.08765839033473641
18311,0.1673815329690506
18312,0.014929878277662529
18313,0.020111077167093188
18314,0.04638281146661822
18315,0.0221607627915025
18316,0.016428191094273036
18317,0.023718061016375927
18318,0.0069909896324694635
18319,0.006378094070858254
18320,0.22121906541325856
18321,0.24520239362742535
18322,0.6780808561157653
18323,0.06833124037247584
18324,0.8205057625108743
18325,0.7558900019468933
18326,0.08632506569094937
18327,0.05023524908526518
18328,0.03762428022186881
18329,0.23029058008916367
18330,0.06277662861148163
18331,0.32721009353759767
18332,0.009618005118041041
18333,0.01921462221508414
18334,0.002925599826094644
18335,0.0648753157007933
18336,0.06768305219468904
18337,0.7600376879718609
18338,0.015001576281230803
18339,0.0123566104904597
18340,0.05680780992482455
18341,0.00983869949142588
18342,0.07678947265422403
18343,0.014945191495988445
18344,0.9346143596718391
18345,0.8619136814861417
18346,0.05497543950062857
18347,0.051921495087871736
18348,0.004644017595719529
18349,0.04390256821587118
18350,0.6256352558265246
18351,0.005555192614320295
18352,0.058958444374845626
18353,0.04901970332386667
18354,0.013127009098629959
18355,0.002780299886540326
18356,0.01896827075685847
18357,0.8096718174418776
18358,0.2017007988685791
18359,0.03440169139766212
18360,0.018423997395563323
18361,0.8796966608194249
18362,0.03172759559374843
18363,0.0072095243195534646
18364,0.5599074173584215
18365,0.9030538018738655
18366,0.7314544497670064
18367,0.007196168033372085
18368,0.007669489214833458
18369,0.09109866832782247
18370,0.24573132189179975
18371,0.7222646821531145
18372,0.019259838307290316
18373,0.11086687665345325
18374,0.0118041000007213
18375,0.2205227148884003
18376,0.11086017402771418
18377,0.011319169918447128
18378,0.15820139819835224
18379,0.017588284616288946
18380,0.4429603033414516
18381,0.9746413485857547
18382,0.19935990424680322
18383,0.2800531435970743
18384,0.003598292676138212
18385,0.0028218868375046572
18386,0.9375021447647337
18387,0.7827572378348381
18388,0.3399832131211888
18389,0.020211182598653808
18390,0.42850447677520803
18391,0.20695347895415314
18392,0.13360716280049584
18393,0.20075546873614086
18394,0.06552207199057686
18395,0.336800393727315
18396,0.7573992512368626
18397,0.014551739535344591
18398,0.9661717137896867
18399,0.29210579041021545
18400,0.12745685365405163
18401,0.001713153427213488
18402,0.43350144190930057
18403,0.44318409580574164
18404,0.026574832671543005
18405,0.050695191909863296
18406,0.7929909739945599
18407,0.10287234853531019
18408,0.7634839963612452
18409,0.019222391345444505
18410,0.05618913420651876
18411,0.00966455336791878
18412,0.019067255454162782
18413,0.42718470194714336
18414,0.18593837032462282
18415,0.011173346997376604
18416,0.15484561692468377
18417,0.0028381525721006364
18418,0.9821553296472376
18419,0.3379439711372777
18420,0.011548726942043995
18421,0.9243795612254817
18422,0.008381148870604083
18423,0.04505484368127685
18424,0.5443478596924987
18425,0.9925659496064081
18426,0.26630171260647617
18427,0.7599168027169476
18428,0.006538378611896605
18429,0.21398306879401185
18430,0.8902081622964798
18431,0.009218353946004766
18432,0.002582229436061494
18433,0.015492768503282538
18434,0.02355364188142158
18435,0.18566486700497709
18436,0.27323351292352693
18437,0.00957344112489897
18438,0.055220977441278754
18439,0.03488327552247851
18440,0.09774174806934766
18441,0.1814783489761282
18442,0.10901124172156382
18443,0.02645748944179273
18444,0.2309585564665273
18445,0.8205002366921318
18446,0.8010733882657066
18447,0.007178078728445408
18448,0.8299760372212378
18449,0.01672356630889389
18450,0.13375842423933537
18451,0.002908798979317478
18452,0.8770398230518381
18453,0.06454349144956045
18454,0.8682788170974268
18455,0.47193944644339614
18456,0.007319082286468982
18457,0.03618900688382762
18458,0.8476273492636764
18459,0.634639912964815
18460,0.08117992350532395
18461,0.28255367381124274
18462,0.06654926114203483
18463,0.00901251658446572
18464,0.004177221143374879
18465,0.005112175116062018
18466,0.01650827052123379
18467,0.09829372154130027
18468,0.5744919562105185
18469,0.029257656258545373
18470,0.3861515706756959
18471,0.9139796436804376
18472,0.00891277661108256
18473,0.04823258722606009
18474,0.003686711595410911
18475,0.04930310220931144
18476,0.13923948864365857
18477,0.006144763456053343
18478,0.9855201785226737
18479,0.05075109488045332
18480,0.9484973998076331
18481,0.0110572750318026
18482,0.6391742978065964
18483,0.003108191349483782
18484,0.1061048906356341
18485,0.9908698314047528
18486,0.14409560917264308
18487,0.010102718714494982
18488,0.8747962227564073
18489,0.03382513278706798
18490,0.003245319793637693
18491,0.012403302331175077
18492,0.7890375500758422
18493,0.10742198491909086
18494,0.2566898636309508
18495,0.9055002107720742
18496,0.09026475493029584
18497,0.052333788605720945
18498,0.7999258304351685
18499,0.0005446125708954145
18500,0.4118870268216321
18501,0.6953388143946875
18502,0.020799420964355435
18503,0.008400768887080025
18504,0.012590896649944705
18505,0.016183121484687663
18506,0.30259337757311583
18507,0.0852421789700274
18508,0.02378645181569207
18509,0.01105923930397315
18510,0.298285351657762
18511,0.004494379601389443
18512,0.05573800493395748
18513,0.8456113091189262
18514,0.0018239071515893318
18515,0.036284613721601876
18516,0.1231027279494854
18517,0.0008845178504745992
18518,0.045039868916154746
18519,0.08357002087156745
18520,0.0019328532658361014
18521,0.12455520653272463
18522,0.0313529690954809
18523,0.0045551812479780384
18524,0.05931525540527009
18525,0.009221711491231145
18526,0.29556710216713994
18527,0.9899430772126223
18528,0.010373838544499303
18529,0.006565296005673928
18530,0.01045659901837173
18531,0.04466183025505309
18532,0.16777646884275713
18533,0.0019835780055652975
18534,0.4192232637412572
18535,0.008225878848936738
18536,0.0034349670202686866
18537,0.319694428839248
18538,0.4727399636172084
18539,0.05809630581005945
18540,0.31934353223641254
18541,0.013710905441720253
18542,0.38317388482013653
18543,0.02444736278854261
18544,0.12608634904481028
18545,0.059036394922170714
18546,0.1334566748130828
18547,0.0640989069229263
18548,0.8278971285516418
18549,0.9934099639427435
18550,0.9910600040349046
18551,0.02433551330375448
18552,0.5513232667690773
18553,0.5575964716979579
18554,0.08108452785464887
18555,0.009501406191134824
18556,0.0043901461093178
18557,0.018455464459709556
18558,0.01651415888557977
18559,0.7668913630096031
18560,0.21865343613030785
18561,0.018742859417839725
18562,0.5053738871690634
18563,0.02775076423585677
18564,0.776772663455957
18565,0.0061365296126468846
18566,0.006391571611160675
18567,0.0668995875655961
18568,0.0009222394616657983
18569,0.007953996140506339
18570,0.3855371049565374
18571,0.008445815254722464
18572,0.0025335486766281125
18573,0.028249247064586914
18574,0.138941866218108
18575,0.04460428465498628
18576,0.014101372553382644
18577,0.08357785089292102
18578,0.019632567890619342
18579,0.10012701675948776
18580,0.0505821233972166
18581,0.00892609273210685
18582,0.037802939053037186
18583,0.019222664676780955
18584,0.287530032784385
18585,0.031399049184411734
18586,0.14237026285632648
18587,0.029702887386035
18588,0.6264444430539672
18589,0.1341378588441449
18590,0.010972873203696743
18591,0.27043724955514087
18592,0.39137770486881884
18593,0.026592273146208205
18594,0.0717248156214275
18595,0.8880050340218805
18596,0.2863532791805588
18597,0.030965440147990998
18598,0.657111648047452
18599,0.7106669168478195
18600,0.6675788813269564
18601,0.008454580038846896
18602,0.0012608634645938537
18603,0.009722067553103076
18604,0.6597509231311004
18605,0.022311842357585338
18606,0.040413566999231126
18607,0.13408718858470187
18608,0.6854566678353249
18609,0.41318024698436845
18610,0.32722607999344805
18611,0.014091853472213145
18612,0.04756418436802379
18613,0.9695655102516779
18614,0.03037112570885626
18615,0.6399181270052687
18616,0.007649633318164285
18617,0.7900637374858589
18618,0.08921035701531309
18619,0.0061350807575874505
18620,0.007345338165818968
18621,0.008327575652631035
18622,0.013711364674336979
18623,0.2081681367769044
18624,0.062298581791145884
18625,0.013574932607431882
18626,0.0019219912065937125
18627,0.12273747761053234
18628,0.005985908967106229
18629,0.08319291514438067
18630,0.1401657188781169
18631,0.6969991817339523
18632,0.017872443317204563
18633,0.008860583235332993
18634,0.44463232995026536
18635,0.003104863123589534
18636,0.3099770523855181
18637,0.24314341408454357
18638,0.01999503233871483
18639,0.13257408315859254
18640,0.39069101246481774
18641,0.006426443528342417
18642,0.701922662491756
18643,0.022741243072643202
18644,0.007918959076070195
18645,0.00845671177278839
18646,0.28223626096186444
18647,0.010314969523003436
18648,0.14148472106797186
18649,0.00732389896695047
18650,0.08485487162305703
18651,0.040214854278194455
18652,0.008076003794629482
18653,0.011660486625283947
18654,0.2536634573051224
18655,0.09596321282624283
18656,0.068098514994185
18657,0.00594453893634321
18658,0.08996953564917683
18659,0.031249236894802444
18660,0.004180252069162617
18661,0.016955103658405513
18662,0.009116899018789905
18663,0.050118842018710835
18664,0.01902747410060552
18665,0.06191003505653091
18666,0.12130768720148431
18667,0.037437513983747256
18668,0.030792186756093676
18669,0.04602917128488309
18670,0.08621319957824512
18671,0.009874536226523867
18672,0.9206070932175865
18673,0.6208719033114892
18674,0.009589205510655395
18675,0.694255913060937
18676,0.009480203110888933
18677,0.01919119167957486
18678,0.05168543283856157
18679,0.03017753483787842
18680,0.5143591948382702
18681,0.036814879503154326
18682,0.13209787289485309
18683,0.12350608695599398
18684,0.969412603883331
18685,0.002464254947626713
18686,0.1748748651777309
18687,0.9201397795713702
18688,0.03643387018141011
18689,0.14447547806150215
18690,0.00850396126614618
18691,0.1290334529397062
18692,0.15708010373456563
18693,0.44995607933688325
18694,0.09513735332553729
18695,0.999999999841976
18696,0.3708072289332507
18697,0.5369120501786014
18698,0.8750037623847822
18699,0.023252343203916132
18700,0.0017496771191945967
18701,0.053305303536609436
18702,0.3313338476570049
18703,0.002477971860086801
18704,0.6030044826529724
18705,0.08241319966206324
18706,0.058572634254383034
18707,0.22364629280304085
18708,0.036373634665425925
18709,0.7752071405632327
18710,0.08088244176251948
18711,0.03395038337493669
18712,0.030126811360014966
18713,0.01409695144067658
18714,0.1512535832336179
18715,0.014890529248650902
18716,0.6172519867718205
18717,0.028982036431521776
18718,0.01969500993847044
18719,0.00984009744455384
18720,0.09748524667555493
18721,0.027732344160910184
18722,0.0037212599652466523
18723,0.6465603521708184
18724,0.6306127614863809
18725,0.9004883824452018
18726,0.19519709187330084
18727,0.021895531469043685
18728,0.3955545358347314
18729,0.5558035508523812
18730,0.0036753534530792912
18731,0.9432884303357746
18732,0.0013089026344277773
18733,0.8961920713252167
18734,0.017354902583370305
18735,0.14159889789284752
18736,0.12848536363958177
18737,0.3050218432005996
18738,0.22185353693991336
18739,0.0045718803069118834
18740,0.017755472799563146
18741,0.0042039571924859425
18742,0.44664773083916665
18743,0.02363647590189245
18744,0.00275963623379635
18745,0.006671573463316515
18746,0.14145698867599069
18747,0.9999991825232152
18748,0.9711639563083986
18749,0.4209490001345555
18750,0.016924918027303653
18751,0.050081815552056416
18752,0.00042870339964286183
18753,0.4289645937027579
18754,0.11548489172790988
18755,0.0046269517160110974
18756,0.1035493687242254
18757,0.05161945271783566
18758,0.10087334107821151
18759,0.368691200434408
18760,0.011960365219729556
18761,0.01046854737870426
18762,0.2404373435676251
18763,0.5392509165938509
18764,0.013253579393915079
18765,0.04489792086040336
18766,0.249773724278289
18767,0.13777612262378378
18768,0.05335688527959556
18769,0.015712468511640282
18770,0.00884759298313041
18771,0.011765752467230715
18772,0.035706137326965946
18773,0.04318053031269932
18774,0.14648090858699692
18775,0.004979796487453796
18776,0.0020530555240073378
18777,0.020449618201626454
18778,0.015263608434643814
18779,0.003919612987489736
18780,0.03799415599004414
18781,0.030775400219190115
18782,0.012000023512340722
18783,0.43873196936758957
18784,0.8535416160787409
18785,0.016473384145838748
18786,0.02808358393644205
18787,0.012171448247633323
18788,0.45555442104674176
18789,0.23415025411668905
18790,0.6165300628713618
18791,0.0022169785724154966
18792,0.029358946564991474
18793,0.013553684253651157
18794,0.007130095387523859
18795,0.32146000977651207
18796,0.037739898912034185
18797,0.020434490124541453
18798,0.012655090410040815
18799,0.015799687327907395
18800,0.009335024186628403
18801,0.04412893565525361
18802,0.8416470443605081
18803,0.035958760549800496
18804,0.026357125404739324
18805,0.10506953835806525
18806,0.05758711008292478
18807,0.15996211957782103
18808,0.25908746563634083
18809,0.017594225248272463
18810,0.21668528800012812
18811,0.06716866396042664
18812,0.03838031038833312
18813,0.022963687674457143
18814,0.036765306353841724
18815,0.03572252546140751
18816,0.015334726330509741
18817,0.010816957147063249
18818,0.0181998542649691
18819,0.011147910721534215
18820,0.07745137478988971
18821,0.5399040330339885
18822,0.06429121709213306
18823,0.07678474254405732
18824,0.9132332695923691
18825,0.08821702720113549
18826,0.5782089787672466
18827,0.7666411604517793
18828,0.027446203233981663
18829,0.010163133207680562
18830,0.038941585963582916
18831,0.9661785078129674
18832,0.8231647944243765
18833,0.016045926929420022
18834,0.6186172659094149
18835,0.36506626206506504
18836,0.5169221750947249
18837,0.32846298680266717
18838,0.11209755526331242
18839,0.18576396730984077
18840,0.008056974545215707
18841,0.0029869169810728077
18842,0.018934592154186438
18843,0.012537046212478677
18844,0.15905266299673076
18845,0.1153357035525899
18846,0.01617294324046865
18847,0.587399396875543
18848,0.043871192321042515
18849,0.005357805036650521
18850,0.8515576115213794
18851,0.00961098818476307
18852,0.07716795114070911
18853,0.9895554919010912
18854,0.1140220875700126
18855,0.07987979948400328
18856,0.04891146396183532
18857,0.137332452729216
18858,0.009212347732545369
18859,0.02224430698083194
18860,0.6530215406330916
18861,0.013623659961044572
18862,0.018406863030930858
18863,0.19333861859109425
18864,0.12351572502504508
18865,0.00864928356694409
18866,0.054059810049776794
18867,0.009169519341221425
18868,0.017400495166520608
18869,0.025254536117058735
18870,0.07578631242256063
18871,0.024749232376829914
18872,0.8440161008854496
18873,0.6006479192253925
18874,0.02613839520296094
18875,0.007725074090392006
18876,0.9850401371240782
18877,0.019924476293836178
18878,0.4658407701934639
18879,0.08218299451468297
18880,0.6815975159932385
18881,0.070287182712786
18882,0.3754396611702166
18883,0.32878181326683664
18884,0.9303319719844848
18885,0.9999958255254844
18886,0.9955722551457126
18887,0.02122061676328278
18888,0.033665263276098596
18889,0.03737657583709894
18890,0.2649046092881687
18891,0.0021677036072301724
18892,0.008423270416880426
18893,0.013585535077769243
18894,0.06116034088419919
18895,0.2650487818194064
18896,0.5957860732311252
18897,0.02905865800979917
18898,0.016670280013153765
18899,0.020898684500976324
18900,0.05310443125264633
18901,0.2565479609657747
18902,0.010286211172602361
18903,0.016570137085924697
18904,0.039533269167321125
18905,0.0037991582178851075
18906,0.10835011719978299
18907,0.00450284152781226
18908,0.015124231851670443
18909,0.5761576718029744
18910,0.32653686010742455
18911,0.24289266150281794
18912,0.631766777624802
18913,0.08244485002450726
18914,0.2271436451233028
18915,0.04948316917633005
18916,0.6940597761501122
18917,0.0032182897815943804
18918,0.9749997065105744
18919,0.4547581166177235
18920,0.18540559003325108
18921,0.1694567896834057
18922,0.7241447891084929
18923,0.9209935497669712
18924,0.0326277596040767
18925,0.5754568064014604
18926,0.026855687118297417
18927,0.005713699452800859
18928,0.20201206998572865
18929,0.01473769943357013
18930,0.06629619687161108
18931,0.9403424489832641
18932,0.050038240398384885
18933,0.788484327124299
18934,0.007838236266796614
18935,0.38858187846669495
18936,0.005970474649171686
18937,0.013629901333695472
18938,0.2526341305639756
18939,0.8202439522179625
18940,0.014032089541699478
18941,0.027653810656003853
18942,0.06593763244015151
18943,0.0007142160369591923
18944,0.8334940726662293
18945,0.15712640249414012
18946,0.01715588362742379
18947,0.001796475495607136
18948,0.007144794675646769
18949,0.011519479766474095
18950,0.32560265102777647
18951,0.9208149319361951
18952,0.20708546471491474
18953,0.005425890322212662
18954,0.00032904785016541014
18955,0.12487506719879267
18956,0.9002307256960085
18957,0.005992742441063517
18958,0.10827644450631524
18959,0.003824171829530707
18960,0.04211627219252837
18961,0.019637165864211284
18962,0.012265294101169971
18963,0.09520557354224059
18964,0.009661565522466125
18965,0.5792033658426263
18966,0.04134649178370209
18967,0.7631494948657294
18968,0.9217579724575362
18969,0.17170052783172002
18970,0.7706629001390018
18971,0.004851140964491337
18972,0.03316179671871352
18973,0.036918134921942666
18974,0.011257950235243175
18975,0.008536506323515557
18976,0.01316908365197277
18977,0.0794676062343552
18978,0.36800191264292625
18979,0.02336684196330522
18980,0.3958244961324658
18981,0.11033072632111401
18982,0.3538467450426541
18983,0.043236352347282646
18984,0.014374549098664853
18985,0.0027369133232163644
18986,0.9810130707570002
18987,0.006834280101918781
18988,0.004412107600788737
18989,0.11568645054013738
18990,0.26927128775824327
18991,0.010040561510929214
18992,0.9174626913987708
18993,0.014796768800631832
18994,0.12729548107221003
18995,0.1310025883396589
18996,0.7973149273152234
18997,0.7278184326579906
18998,0.11368783153958144
18999,0.02350150260869101
19000,0.16929832021024965
19001,0.032611834091941336
19002,0.028565178694040048
19003,0.007287195169977875
19004,0.918535948158947
19005,0.1271049304692613
19006,0.21164422283171916
19007,0.006194951174852012
19008,0.915306437139569
19009,0.3126247638767093
19010,0.011218514049374123
19011,0.0357104486791359
19012,0.00964329231260426
19013,0.005496051716243125
19014,0.819854322637871
19015,0.08288747955686193
19016,0.14414701493355941
19017,0.019952889340851074
19018,0.001541846029147728
19019,0.018640246227840267
19020,0.020639571164518675
19021,0.13319594198417728
19022,0.010714198134429987
19023,0.03940398903530602
19024,0.6613768848128427
19025,0.02132842841748106
19026,0.02690061901111863
19027,0.16401428930471768
19028,0.47959142763711127
19029,0.005458905807089403
19030,0.24762421792464095
19031,0.03106286255100434
19032,0.05431124586592802
19033,0.05467047758606549
19034,0.01806110630635221
19035,0.00816542535321747
19036,0.006353342360374312
19037,0.022993003579032476
19038,0.005379496295556608
19039,0.007677328589221525
19040,0.21677689289570648
19041,0.04716414891325955
19042,0.0036444539356523136
19043,0.0048816356652908064
19044,0.04871872552838608
19045,0.9936305153361877
19046,0.0028093198485408745
19047,0.7341525042005462
19048,0.015852985766629954
19049,0.15123717700432868
19050,0.035620660598389906
19051,0.0579105454679357
19052,0.9543836779114455
19053,0.021287833511277932
19054,0.1133684826955114
19055,0.3263380515823053
19056,0.12625271404986874
19057,0.008371590303113186
19058,0.4466652751268395
19059,0.20000557726633963
19060,0.03318817437630092
19061,0.0031655519477832334
19062,0.019741511549766486
19063,0.0015788887535762334
19064,0.07030451625123568
19065,0.01802930611863854
19066,0.6324599899357153
19067,0.025483101861585818
19068,0.011384129004765488
19069,0.029339374965562597
19070,0.15565712337135099
19071,0.7086725902137454
19072,0.2691948251507676
19073,0.8680059953059541
19074,0.0009277941252406998
19075,0.4582373931937675
19076,0.12296973916752174
19077,0.03685792056745554
19078,0.015992176476876476
19079,0.31155664145879763
19080,0.0026407902220797743
19081,0.03520309303543767
19082,0.004689435477917888
19083,0.6804050319374071
19084,0.001952826280547903
19085,0.015436322863282587
19086,0.7615899237269945
19087,0.5838722519944022
19088,0.1421721436006653
19089,0.12095905839257319
19090,0.31974382980118266
19091,0.6027221496427632
19092,0.950550727336215
19093,0.029915818703408564
19094,0.024758691284808062
19095,0.19198052152136738
19096,0.06275211990758817
19097,0.0751366470701645
19098,0.8638108311714402
19099,0.04687657851385217
19100,0.8053467000832962
19101,0.3565258630920411
19102,0.010479586906620968
19103,0.017712455088693277
19104,0.02285831879510755
19105,0.018227313973509598
19106,0.02503048100448442
19107,0.15502406543489808
19108,0.04299667078751442
19109,0.045811958768834725
19110,0.0625173996058945
19111,0.05162945885132189
19112,0.006079177737774321
19113,0.02944745816488543
19114,0.02624539198733923
19115,0.1317145236576916
19116,0.09979105376298306
19117,0.08234695418418743
19118,0.021709228558222687
19119,0.20607569160700176
19120,0.006490400961151843
19121,0.036844019721165376
19122,0.00381818250998115
19123,0.02044836180251026
19124,0.019030589176094702
19125,0.0328474346073154
19126,0.025879223203580708
19127,0.008750543764412673
19128,0.015304606976513434
19129,0.005766302187516453
19130,0.9039164050731954
19131,0.10526916416764273
19132,0.4445886836295522
19133,0.009119207827886283
19134,0.0007994357860216563
19135,0.7376616038916314
19136,0.37924485056285967
19137,0.012328352196645732
19138,0.01584358539870717
19139,0.002457452660931553
19140,0.06016262114569817
19141,0.3106124870889139
19142,0.7666982827304342
19143,0.4744182147257731
19144,0.27948709843707026
19145,0.005651089626210015
19146,0.005489972106568528
19147,0.006413687239387963
19148,0.22949567240247154
19149,0.04054216169875831
19150,0.014518857129346825
19151,0.010504357810486937
19152,0.6895092947674001
19153,0.9477275439549483
19154,0.12763850177692343
19155,0.131085740332708
19156,0.11888728732445775
19157,0.17438551568558838
19158,0.008253635788589012
19159,0.05889491260023414
19160,0.8297218816114583
19161,0.5170930527892463
19162,0.0194683490394484
19163,0.03098299456377917
19164,0.05816191857550766
19165,0.011355333093133
19166,0.0013877120692295263
19167,0.04634769355235039
19168,0.7801618918600289
19169,0.26714813748348776
19170,0.7043885843742298
19171,0.016552406386386286
19172,0.22845340618787285
19173,0.021375882092653377
19174,0.01117691710041182
19175,0.0589265003929755
19176,0.047182504539284346
19177,0.005339429299447969
19178,0.014453258664891281
19179,0.06720597594271692
19180,0.028723850257543263
19181,0.1132426572470351
19182,0.5317226748011584
19183,0.05976438131057764
19184,0.06489320650927688
19185,0.0015647494331120458
19186,0.018492000084049304
19187,0.2749671254441562
19188,0.04641608298047009
19189,0.016924248992914528
19190,0.03429623679677148
19191,0.23993878141790542
19192,0.8084260027909212
19193,0.034929209634954744
19194,0.07739217095803616
19195,0.08167365115779464
19196,0.999999381212407
19197,0.055443346897624646
19198,0.13960073937726242
19199,0.9739552995836452
19200,0.8674946328671779
19201,0.26448601189610016
19202,0.7525309709282977
19203,0.010224014567255987
19204,0.006355370914867612
19205,0.06755751851478306
19206,0.026737912683877117
19207,0.8811640886681985
19208,0.0028134218792114827
19209,0.8813521334932832
19210,0.7644354589849888
19211,0.2022903510282145
19212,0.9959652803747234
19213,0.027801763926307115
19214,0.06604643271690869
19215,0.33260670447015694
19216,0.026409253845747185
19217,0.01875442954264044
19218,0.3223938352583508
19219,0.014132749517842222
19220,0.42871919546284815
19221,0.06177773358145176
19222,0.2954178762032757
19223,0.00795865461212708
19224,0.37370116066581216
19225,0.5818157374587015
19226,0.4994705252354703
19227,0.3169807359618165
19228,0.006863952831481739
19229,0.016136613113170814
19230,0.23176397649508076
19231,0.062248648965275793
19232,0.07334847353073967
19233,0.014066489763189794
19234,0.03843632112843846
19235,0.0066124882890100265
19236,0.05515132094874817
19237,0.241993017946395
19238,0.04015129387672306
19239,0.004607236446262356
19240,0.004905918038848602
19241,0.06742002578743093
19242,0.004058643094330592
19243,0.9348517142923295
19244,0.02049360860597352
19245,0.12818039698107878
19246,0.0004527797795907454
19247,0.8215890319742015
19248,0.016825244685951982
19249,0.007287468435900863
19250,0.04606029756007437
19251,0.015519319610263494
19252,0.008117169196806282
19253,0.0010071866494955892
19254,0.00966211490798794
19255,0.06654980595494955
19256,0.06384741208001005
19257,0.033824029811979454
19258,0.9062954028086446
19259,0.9171115820537441
19260,0.7980459479691872
19261,0.027965003033887364
19262,0.010132962506858656
19263,0.0008701420413855469
19264,0.33170809120133304
19265,0.07860248891829573
19266,0.012137810512994755
19267,0.010268921865820105
19268,0.43392250616791866
19269,0.05873926546577984
19270,0.08352863882177763
19271,0.13363063249291793
19272,0.4572291188536216
19273,0.005987145275556352
19274,0.0030039809200300433
19275,0.2896669839381391
19276,0.0488687130130991
19277,0.0024262518820116
19278,0.719567248953312
19279,0.00770816206720362
19280,0.06463864032603178
19281,0.019549718669206923
19282,0.004030840507696575
19283,0.018808907147635317
19284,0.008254756000482437
19285,0.564472630806439
19286,0.006994721707040511
19287,0.0176910185554745
19288,0.12181579107096634
19289,0.003103688690685882
19290,0.20561576938446136
19291,0.17040706374311632
19292,0.8061740415510587
19293,0.9104180883577526
19294,0.0027024518838211233
19295,0.002162262639491758
19296,0.011367639113588549
19297,0.042567858483783784
19298,0.9817041426681443
19299,0.02718616678848336
19300,0.05356158038125851
19301,0.18627288658769103
19302,0.22915129302885273
19303,0.1007266293188167
19304,0.7158681650164118
19305,0.27041900678533004
19306,0.030020084853540956
19307,0.03696412946643982
19308,0.21887787660528066
19309,0.38966867728186605
19310,0.004139443158380945
19311,0.35944701826236103
19312,0.2235462486611858
19313,0.15156358016351085
19314,0.6967947374736536
19315,0.058161068558256014
19316,0.18412396307075354
19317,0.1511014555004195
19318,0.2630881607203692
19319,0.2327974887258382
19320,0.011569524833172343
19321,0.11831777119978241
19322,0.24334984294297782
19323,0.21987476221904603
19324,0.00211510392077595
19325,0.2832174359601177
19326,0.5884187200459164
19327,0.012062061889937862
19328,0.02492638866965875
19329,0.011191236254606456
19330,0.014945839113842316
19331,0.982048742478625
19332,0.023855741311851333
19333,0.020352355444560138
19334,0.01651374885316482
19335,0.014010063754312503
19336,0.20827329170542655
19337,0.9594698874615307
19338,0.5782075678504717
19339,0.003391168261512637
19340,0.19078322128619063
19341,0.13962099634608258
19342,0.005245963175631295
19343,0.032055732173445185
19344,0.03216596460748823
19345,0.08276025695874721
19346,0.0007621772488042557
19347,0.033511987834858405
19348,0.037016218368194034
19349,0.47032063013271663
19350,0.08773610281990432
19351,0.051491983705317206
19352,0.7821934439062811
19353,0.2018367183485527
19354,0.11887484062690376
19355,0.06751023135456502
19356,0.0640867533501813
19357,0.03382172823872853
19358,0.11179350823335307
19359,0.13076241062295746
19360,0.2405040013136716
19361,0.0088643694427367
19362,0.5694267893964544
19363,0.15740108156391472
19364,0.26908317584315833
19365,0.49546345834375943
19366,0.008084574347580259
19367,0.7544014873282109
19368,0.27250104375795575
19369,0.15846038877295168
19370,0.0057874106632317505
19371,0.621339518659021
19372,0.03135540454734581
19373,0.01210304729030614
19374,0.030441932742196552
19375,0.02641237963938141
19376,0.004401734826230179
19377,0.851428273500833
19378,0.16546402198247245
19379,0.004226551529177075
19380,0.0028921187900378424
19381,0.009222182928906713
19382,0.03245229654631027
19383,0.03148221413374732
19384,0.0050802487666506855
19385,0.1301471963534764
19386,0.04515694958025157
19387,0.014021914067417884
19388,0.17066767641650088
19389,0.8778899243248051
19390,0.6469131171860165
19391,0.7266471795191622
19392,0.020652367970882504
19393,0.012095643692981776
19394,0.17251435780317426
19395,0.09648402197258703
19396,0.024741103180827655
19397,0.6389815776462735
19398,0.15186066517794816
19399,0.00564437728339682
19400,0.6502467363293748
19401,0.0607036871606837
19402,0.00763079515920261
19403,0.20892714324642833
19404,0.009146813106833332
19405,0.0017081798925505595
19406,0.6855313711378528
19407,0.24605031429236718
19408,0.04299817017865433
19409,0.018483565394989215
19410,0.006927965475882172
19411,0.0007194301117796468
19412,0.021150966049632305
19413,0.006795189979172885
19414,0.694046313371062
19415,0.002990288395231278
19416,0.17819906126303586
19417,0.9577781936378614
19418,0.01648672897466687
19419,0.16794422752462923
19420,0.12177154623285369
19421,0.9218307155488076
19422,0.07717579379471509
19423,0.1772148985651897
19424,0.7749739557946003
19425,0.0032829117233887377
19426,0.012673586598095705
19427,0.07785083088952985
19428,0.015526237180668576
19429,0.054789112987047216
19430,0.006222220265369441
19431,0.0478668776766957
19432,0.008550475529250692
19433,0.04062688408269539
19434,0.646867827899447
19435,0.04509964065451682
19436,0.0029046763030971304
19437,0.989780444188906
19438,0.0007839866838089833
19439,0.5882735820160553
19440,0.09172421397344964
19441,0.07267138586859435
19442,0.3357018755895352
19443,0.038718496073253235
19444,0.013356689472170719
19445,0.17034545007731602
19446,0.002993744628107052
19447,0.018002720651472685
19448,0.1695496244968247
19449,0.0033174649010833277
19450,0.05827703497048747
19451,0.5774686720251664
19452,0.0075698701774758285
19453,0.04486328435326099
19454,0.7294607188748476
19455,0.4463535748300297
19456,0.7426843012184472
19457,0.06610153605205346
19458,0.07870994920306976
19459,0.01242847237944672
19460,0.9965671107732611
19461,0.04713054579582275
19462,0.0038692691154471213
19463,0.014799034537343558
19464,0.12703845958093943
19465,0.12838862611390064
19466,0.08039060524451952
19467,0.07483424340788566
19468,0.8987962510146338
19469,0.009474337193129788
19470,0.05993527655658537
19471,0.3714165193216238
19472,0.644434665979735
19473,0.02330358087500236
19474,0.0685198323886619
19475,0.13116556182925623
19476,0.017497022595639254
19477,0.8970732239496699
19478,0.15694165801960155
19479,0.007247131756215518
19480,0.049425592570798246
19481,0.6359936230671177
19482,0.04159316063748868
19483,0.014205014697904635
19484,0.0011514762335326208
19485,0.007688719315308665
19486,0.9416049814016874
19487,0.11392490283351242
19488,0.06374750491608848
19489,0.2536223484558533
19490,0.005271328797023949
19491,0.18905954817651197
19492,0.12377503878800997
19493,0.2224416719949233
19494,0.42320161786856264
19495,0.03848032246141476
19496,0.6717355869205258
19497,0.03651948263069478
19498,0.08060094494351133
19499,0.011802330771610706
19500,0.6998873739121345
19501,0.011552468223702754
19502,0.9797130449442626
19503,0.5661386999101402
19504,0.9736912864026092
19505,0.16063512799380097
19506,0.17095421972007233
19507,0.7044750631895298
19508,0.05138435504240895
19509,0.01698195962835031
19510,0.012499517923397343
19511,0.1199010669575546
19512,0.30600299664020186
19513,0.0378812726888377
19514,0.0039685704562181364
19515,0.7255296993672002
19516,0.644122337129487
19517,0.06846421124523007
19518,0.017495607504315714
19519,0.008306979708585635
19520,0.009988531939606742
19521,0.0689386210980722
19522,0.7917749996941075
19523,7.368595621751175e-190
19524,0.2382134974258801
19525,0.031331254229366196
19526,0.004871032141932989
19527,0.22288386713778421
19528,0.5738037039999979
19529,0.026063470171740245
19530,0.8607505518721047
19531,0.008977923426418531
19532,0.3465739796085086
19533,0.10341009641151601
19534,0.13011757818529723
19535,0.01675028960909976
19536,0.2060425522409033
19537,0.0070823647139968875
19538,0.13984010362897362
19539,0.809028703448928
19540,0.44702362771139775
19541,0.02035872615622322
19542,0.013172826943212881
19543,0.009785591137876581
19544,0.8319439950868833
19545,0.6431694026326195
19546,0.7674116880667885
19547,0.02559828787085281
19548,0.007731962699463127
19549,0.003931878807824227
19550,0.32096500871327843
19551,0.07179102657584399
19552,0.0558473667577171
19553,0.00526578350013777
19554,0.16701564409233502
19555,0.017243591070209258
19556,0.009718692631300643
19557,0.9947028637097766
19558,0.0046082380196884685
19559,0.03815337573666611
19560,0.019908263343631452
19561,0.9500335671582083
19562,0.05181271901935173
19563,0.15694339223233386
19564,0.025371112191892174
19565,0.11425314895839349
19566,0.30221726885142713
19567,0.9194382422084364
19568,0.008562467841777069
19569,0.18255204465309074
19570,0.010058175252161072
19571,0.001578251487466492
19572,0.11323701036631836
19573,0.02108249605983028
19574,0.002373338864338764
19575,0.2385460980331629
19576,0.8834966040628174
19577,0.009477816656832191
19578,0.006202161644618783
19579,0.3590460074457621
19580,0.01947521450111009
19581,0.5011050592781698
19582,0.11845527251686883
19583,0.010250168212825131
19584,0.048605098920792573
19585,0.0023943369247496106
19586,0.24529077587641906
19587,0.14257605734202886
19588,0.031052937024276334
19589,0.05129785883507254
19590,0.1847844511775798
19591,0.1293339301308543
19592,0.0490270190355323
19593,0.9677357690503988
19594,0.11963985425864805
19595,0.21852621993472218
19596,0.337352619464423
19597,0.05991503623646417
19598,0.0013538901965178217
19599,0.013003854694240096
19600,0.07148369047995372
19601,0.8783373142496338
19602,0.8880979575663002
19603,0.9002115496270646
19604,0.0675792858534465
19605,0.2574144527747927
19606,0.1383515633391688
19607,0.01719820980762447
19608,0.05510759888350359
19609,0.05414653685513851
19610,0.32526341238444983
19611,0.5545714679606435
19612,0.2686193927286419
19613,0.0037936623171313574
19614,0.06686178803060747
19615,0.007588685521883535
19616,0.00889339108811142
19617,0.008922076711309523
19618,0.5587585507677786
19619,0.06388453061645125
19620,0.03235457253301394
19621,0.03362542540606563
19622,0.9326919633842222
19623,0.007604624109714237
19624,0.15898924991473287
19625,0.022092978791526625
19626,0.5915126384386136
19627,0.014065763693097876
19628,0.316775955038306
19629,0.012664916439591131
19630,0.057234072253119696
19631,0.992728549245243
19632,0.1970800025517481
19633,0.08438083288580553
19634,0.03977324395646026
19635,0.0733088747460096
19636,0.28481165514256934
19637,0.7836812772184272
19638,0.035666975009221925
19639,0.001615150103105003
19640,0.008096182303487973
19641,0.005702346992917815
19642,0.01376992579990418
19643,0.001334464935473556
19644,0.021550149175456428
19645,0.21079118262054103
19646,0.05367433419442441
19647,0.0504456256835978
19648,0.03740358865705752
19649,0.4459993725618417
19650,0.004093872834871605
19651,0.008971984007552839
19652,0.1624364971850378
19653,0.004978646166958187
19654,0.9095167654695474
19655,0.014440879520294379
19656,0.117743291704918
19657,0.016682228749967942
19658,0.9515728725438699
19659,0.001045498648570733
19660,0.49097247378696707
19661,0.12261528267909451
19662,0.1001388349099228
19663,0.01882692921868931
19664,0.670282877357497
19665,0.04954530972682575
19666,0.041061009196839464
19667,0.12881879041491331
19668,0.006552810442677155
19669,0.0037501600853930054
19670,0.2720668562522113
19671,0.3704408837682053
19672,0.06860904585757469
19673,0.0861745711470122
19674,0.07689148612175821
19675,0.3832236414821169
19676,0.03344920188056035
19677,0.0008409505904895481
19678,0.0010393095118043946
19679,0.07135360492332868
19680,0.013980043527889308
19681,0.8090568366306246
19682,0.9842240780643663
19683,0.046435321793250973
19684,0.06966633578209995
19685,0.3954521305530934
19686,0.011744283094255186
19687,0.06921516986908986
19688,0.0076122214562296155
19689,0.060776375863011746
19690,0.5404057301079378
19691,0.03174524861281162
19692,0.9503318157752355
19693,0.025193595624959556
19694,0.021752511560118426
19695,0.15438747410110615
19696,0.013689084765317343
19697,0.3691509221378834
19698,0.0679800736787994
19699,0.4130064574134273
19700,0.0009182842771199045
19701,0.0006323820884522242
19702,0.6860999513314625
19703,0.0034607909121241653
19704,0.09811103067290239
19705,0.35279477676750653
19706,0.55595558986863
19707,0.0048289421250488586
19708,0.027367779416595236
19709,0.004025297211929846
19710,0.003650399125776491
19711,0.972234198328891
19712,0.06356017400967033
19713,0.007856119120456301
19714,0.4993822446314421
19715,0.05115615438508098
19716,0.007894211152947181
19717,0.14416524652854273
19718,0.007521641126430649
19719,0.003942004915276188
19720,0.3715459334560751
19721,0.005091463202952637
19722,0.6034458461114957
19723,0.9292910224976992
19724,0.003727825428242491
19725,0.33377507134723217
19726,0.003261161101075123
19727,0.0424683907848948
19728,0.1248358943230771
19729,0.14280836187031473
19730,0.014459053922316294
19731,0.4073926308010811
19732,0.09252669721182019
19733,0.01938262009574372
19734,0.13809989355086608
19735,0.07246589311086582
19736,0.05178258590583943
19737,0.998277753706402
19738,0.8901366820994456
19739,0.22419530362121157
19740,0.025956957474557167
19741,0.011594347954694472
19742,0.12802046661137348
19743,0.469336108050177
19744,0.0013059969314815159
19745,0.05324554517106355
19746,0.03232797762096734
19747,0.015685616600481407
19748,0.14927262683862685
19749,0.0032281327114451566
19750,0.02446172779176817
19751,0.5212591563932129
19752,0.006812195436178539
19753,0.002125881901154861
19754,0.020904595871357148
19755,0.002374945400913035
19756,0.01502388697101117
19757,0.03514745445346779
19758,0.6291648532032423
19759,0.18909447182028313
19760,0.07702726368347082
19761,0.003309756732094939
19762,0.01058104451287362
19763,0.0017580519188419809
19764,0.8290787227315265
19765,0.024539918437102036
19766,0.840553928195249
19767,0.2981926682134056
19768,0.9967877770100803
19769,0.05799262523985446
19770,0.04627748221111399
19771,0.004030691185162184
19772,0.006462652589616694
19773,0.06905335744981897
19774,0.9755906924874548
19775,0.02123598391896205
19776,0.0010837713593119132
19777,0.3483235110703198
19778,0.14592353522466672
19779,0.04944014312863383
19780,0.03648947762644555
19781,0.4034016296091102
19782,0.023261086703900525
19783,0.010916216057082246
19784,0.005505782661053852
19785,0.005747579444261261
19786,0.0047860410781423515
19787,0.021216814084451502
19788,0.05291977863745989
19789,0.026490587671739858
19790,0.8702390980818757
19791,0.6129989064795318
19792,0.015536701503743946
19793,0.09953453957836425
19794,0.7876375202885558
19795,0.011937177017192525
19796,0.16080710270506487
19797,0.0890684462448346
19798,0.003914432944194927
19799,0.9867704590389005
19800,0.02069809831450545
19801,0.09348132532956892
19802,0.02834682416322846
19803,0.3825949454915595
19804,0.9999886001967778
19805,0.19879200373456457
19806,0.0031878807214160134
19807,0.04880500514742983
19808,0.12290428358820892
19809,0.007099200192810797
19810,0.06683190277964925
19811,0.00284533607988706
19812,0.02939985810604899
19813,0.0028241714997024065
19814,0.043304452868564665
19815,0.09390394747548374
19816,0.04406932879793254
19817,0.012425440865297208
19818,0.06218276946373286
19819,0.00267005205748887
19820,0.06732122210636264
19821,0.029251785299275204
19822,0.001944366205367036
19823,0.06813113690791767
19824,0.026704900810277977
19825,0.19290527650196962
19826,0.12867558760771328
19827,0.19937144583157204
19828,0.0745943804362273
19829,0.7300049873729273
19830,0.04449002769527118
19831,0.018931617306729796
19832,0.05669374523944031
19833,0.5737665187076477
19834,0.02030320678928667
19835,0.6089589305054477
19836,0.029265908079227312
19837,0.010390033725844518
19838,0.015213541643303588
19839,0.10713586730142087
19840,0.25750106677291784
19841,0.5205460616504393
19842,0.016017448704202353
19843,0.08604455353353035
19844,0.0125542933550635
19845,0.5822869570249618
19846,0.005579536241903116
19847,0.050039359000556165
19848,0.042302184230350155
19849,0.03432254457752159
19850,0.00981948865437265
19851,0.01779410127223452
19852,0.1318420964067078
19853,0.02974553437146069
19854,0.9882585707381233
19855,0.08065112367390825
19856,0.22191587608436492
19857,0.8283950839619786
19858,0.34156613343671544
19859,0.7156145812940257
19860,0.6685188758720206
19861,0.99897579159493
19862,0.1050853275108824
19863,0.24894239332790954
19864,0.04670729356942797
19865,0.07002892573393585
19866,0.08222319996798144
19867,0.02755536266915687
19868,0.10527061844805435
19869,0.04878994559927085
19870,0.11511477840928845
19871,0.2182394922614929
19872,0.04930104890024765
19873,0.3265305071089109
19874,0.007922951616980119
19875,0.11312666075825278
19876,0.0010205767719799347
19877,0.03638400538500339
19878,0.009168429729740583
19879,0.01307196899044177
19880,0.059800022567141196
19881,0.010067849433189132
19882,0.006456190958652454
19883,0.04031852165147257
19884,0.13718980707775924
19885,0.9624529461650035
19886,0.02842952440635648
19887,0.013172525916129147
19888,0.9974114739835751
19889,0.35424762786943237
19890,0.0714022415714636
19891,0.4229692211111188
19892,0.08464375087687111
19893,0.013606100181116947
19894,0.02023972124197187
19895,0.4556890083344823
19896,0.0033144761788830557
19897,0.6147298544608489
19898,0.08723861613015767
19899,0.06711308016050556
19900,0.06839474780158561
19901,0.24483466073419557
19902,0.01989005749721589
19903,0.09103415289340237
19904,0.02357554513540708
19905,0.01702319853802403
19906,0.19493498719916194
19907,0.02384935463429599
19908,0.001728247953159932
19909,0.05566553661171111
19910,0.7254357641524516
19911,0.36799924723398253
19912,0.00979542726422048
19913,0.0401525224644969
19914,0.006856181499601877
19915,0.436105224666023
19916,0.0038002247022519034
19917,0.05639875563412746
19918,0.0058442907099748205
19919,0.044384302424955724
19920,0.1237270847151657
19921,0.04996958431983603
19922,0.3778058025052445
19923,0.09800833324344738
19924,0.3813222543635903
19925,0.12132499568000882
19926,0.3137453290916803
19927,0.44449088213724125
19928,0.015757155404501778
19929,0.2410796610250838
19930,0.044230230669921024
19931,0.010310559512833111
19932,0.1504867899400928
19933,0.005165869361360261
19934,0.03954536819894814
19935,0.04122757925459218
19936,0.0013952242082519246
19937,0.2639745175756671
19938,0.04171991665349294
19939,0.07264010979961986
19940,0.006134891659691136
19941,0.013502311591840182
19942,0.03227370572953792
19943,0.005394214529508086
19944,0.023545669651936964
19945,0.08647728474061167
19946,0.03529079775657575
19947,0.014440124748068548
19948,0.20121389641388454
19949,0.009243708860685313
19950,0.24750589563085912
19951,0.2778514190411319
19952,0.06918216447455645
19953,0.40478255041069433
19954,0.0158792070118951
19955,0.009818688388303208
19956,0.4901207156485068
19957,0.016099946262370796
19958,0.016380623018333648
19959,0.03881657984970266
19960,0.17441231386091166
19961,0.010487112571565423
19962,0.04545544195824834
19963,0.020938104013455493
19964,0.007901290978836486
19965,0.015625468729100637
19966,0.49127015560302345
19967,0.16681152035642374
19968,0.821837726158082
19969,0.6544463909055057
19970,0.5030278549065063
19971,0.010639612630746727
19972,0.009143076470427322
19973,0.9227229458211412
19974,0.0042463028865399
19975,0.9849032286729998
19976,0.13829936807451212
19977,0.014406747291227661
19978,0.03435308872505088
19979,0.7889766648478442
19980,0.3241715638213281
19981,0.026968472412621264
19982,0.06003325635941172
19983,0.5386362778043925
19984,0.7682605446693221
19985,0.16722054023515137
19986,0.010071072351055008
19987,0.889367881706662
19988,0.008784430195671463
19989,0.01113875103915127
19990,0.3111375855878507
19991,0.010264283823970918
19992,0.9204830908973125
19993,0.10694106634007254
19994,0.2997458885291889
19995,0.1007973297517648
19996,0.08210500172630862
19997,0.0036915658551496255
19998,0.008280889236877656
19999,0.010866763315808641
20000,0.028905520861543188
20001,0.003216547152283968
20002,0.020837583779210387
20003,0.20436951406871173
20004,0.05414706806956431
20005,0.4009020219530644
20006,0.9771361508497104
20007,0.17088643601549203
20008,0.5038613586340098
20009,0.014188639543179124
20010,0.009745556126207897
20011,0.0749310327281991
20012,0.034592454525106425
20013,0.046198991615645495
20014,0.08141647561019379
20015,0.12184134092302572
20016,0.021402200317769373
20017,0.03120018722988239
20018,0.0076671433682287005
20019,0.011375574860501857
20020,0.0285423112258709
20021,0.03290980695063592
20022,0.09368258448048511
20023,0.10681382189130244
20024,0.03980642965645415
20025,0.05352170535761523
20026,0.05782734403470019
20027,0.9699723220686258
20028,0.009413415038284644
20029,0.662516872734935
20030,0.06601906679135773
20031,0.006392355905723296
20032,0.053842347613660975
20033,0.2801123077322732
20034,0.019878772904949812
20035,0.4833745945975128
20036,0.013608168684722238
20037,0.06857579341341487
20038,0.9998136289229071
20039,0.4175407556452946
20040,0.005996697838616927
20041,0.012433494813920842
20042,0.014672617838951194
20043,0.03258248287478481
20044,0.014255636850692716
20045,0.1742665715654327
20046,0.8314225564613844
20047,0.9778382048136234
20048,0.0032828791249628043
20049,0.7345322754911887
20050,0.12115476578919877
20051,0.05373908085927926
20052,0.07781961823068166
20053,0.9553208004056518
20054,0.03082920501623165
20055,0.242215569684543
20056,0.0028785231745659876
20057,0.0592314705164536
20058,0.3405326988786038
20059,0.17652249159350733
20060,0.10271489459075869
20061,0.03812843882834861
20062,0.03807537251192625
20063,0.0035252308526033914
20064,0.01731360800407565
20065,0.5145478506985877
20066,0.5273112714948022
20067,0.04889862011721855
20068,0.2977285060645975
20069,0.7077349828101257
20070,0.02398272784034615
20071,0.03060448344443251
20072,0.27435573655626044
20073,0.035993624854639326
20074,0.006492400174481174
20075,0.004973376008200715
20076,0.24392375892731552
20077,0.16177185479257525
20078,0.03085625051221264
20079,0.0035236725607653134
20080,0.4648787101007133
20081,0.669575398267365
20082,0.059800006143154644
20083,0.3682504238777306
20084,0.9138994762378203
20085,0.00427206758339855
20086,0.0017309562952015495
20087,0.07040401550815371
20088,0.17305952954133624
20089,0.043526163565282466
20090,0.1686508513070974
20091,0.24713061674747133
20092,0.02310548296778519
20093,0.310459247516404
20094,0.1455258606591704
20095,0.7227991701561686
20096,0.6944990279126001
20097,0.21259601020541768
20098,0.0025365677287052624
20099,0.010960210616528623
20100,0.823127757769262
20101,0.2728893949796852
20102,0.14083966259575234
20103,0.011706700988200995
20104,0.8116198670780985
20105,0.021304170124796226
20106,0.03946214885223271
20107,0.7430829918410917
20108,0.02660532368302555
20109,0.9282822615700431
20110,0.7247665265952778
20111,0.00971254202406668
20112,0.07788684930611287
20113,0.035240468842683226
20114,0.8538657812069155
20115,0.9216538922386404
20116,0.311325447931473
20117,0.0029451670901920715
20118,0.003930267066082772
20119,0.12573337302543827
20120,0.05225999324252252
20121,0.007707228625599917
20122,0.1131239226758591
20123,0.08864928899255581
20124,0.23596576780990455
20125,0.06163057176535656
20126,0.057499254484410824
20127,0.040853628663747414
20128,0.9501273897379199
20129,0.3346401627652035
20130,0.635407119683644
20131,0.005185855819551202
20132,0.09320197309062782
20133,0.001138837248975712
20134,0.043729029027921175
20135,0.7357126924923395
20136,0.0016193181097370307
20137,0.008234492542506248
20138,0.994876335999302
20139,0.01427598671803689
20140,0.283251167184127
20141,0.0005179991873932651
20142,0.052793673851503
20143,0.022445927273461768
20144,0.11942909509602075
20145,0.00372484756994101
20146,0.011274068853687504
20147,0.09856728403569708
20148,0.004490753748444958
20149,0.4137884260085938
20150,0.10470779258361482
20151,0.9895154735883542
20152,0.010535785773353804
20153,0.13603982674773077
20154,0.004706121518359828
20155,0.006028176112107559
20156,0.0023707257463950926
20157,0.2683851193801596
20158,0.04818973562602104
20159,0.27984179325796593
20160,0.9800848386661571
20161,0.0006078497256613004
20162,0.008448374747653009
20163,0.07586992834847861
20164,0.30992105121156677
20165,0.07267602468302663
20166,0.013601482538739926
20167,0.6157016254177644
20168,0.0025224134231815313
20169,0.012025512112459448
20170,0.029964344488831805
20171,0.7729793069911707
20172,0.7825378779239613
20173,0.9925451817509123
20174,0.0864319654885909
20175,0.47844962855180456
20176,0.006624348056080811
20177,0.004541299828226318
20178,0.0337537917381338
20179,0.02134937499146081
20180,0.026640334878632023
20181,0.017084718177911476
20182,0.026716488262068613
20183,0.010585368526160432
20184,0.8764187937009565
20185,0.3383605033884533
20186,0.0705777632799806
20187,0.001640382157617841
20188,0.1701316934586621
20189,0.04863124241487817
20190,0.8287430754961946
20191,0.010388529782431722
20192,0.9165895524120453
20193,0.09106176907279173
20194,0.01568423226706263
20195,0.7507655092453035
20196,0.016334898582369233
20197,0.03225432248843052
20198,0.008183601901473669
20199,0.03892282226061111
20200,0.007904693736095605
20201,0.32267288498218694
20202,0.003968666638953258
20203,0.03398959524813723
20204,0.033451632136086436
20205,0.017260645072297683
20206,0.029379936759090387
20207,0.9297943095660135
20208,0.01341685512126519
20209,0.004201837146011391
20210,0.031529107844473075
20211,0.05594976866772756
20212,0.9592719677503976
20213,0.007052123175317201
20214,0.23445494008956497
20215,0.15183945285327985
20216,0.04400824708082581
20217,0.04853062563978811
20218,0.04696922998350402
20219,0.956217442371054
20220,0.1191339464009897
20221,0.729140705624205
20222,0.029956301360819174
20223,0.10043645269062529
20224,0.005814391181007535
20225,0.10265317288277837
20226,0.010041632008808556
20227,0.62958211877669
20228,0.8368781597895849
20229,0.11512827069649492
20230,0.022470814774218598
20231,0.7282758413761257
20232,0.18907784575347142
20233,0.00796901053184892
20234,0.010996619715886379
20235,0.02385235362404849
20236,0.49135902078032534
20237,0.5165082458294874
20238,0.09464157269059227
20239,0.014074278025379717
20240,0.0006402228681128484
20241,0.0014681448507702399
20242,0.0011211733104252817
20243,0.010161745879101867
20244,0.00765154480607233
20245,0.48422033535462683
20246,0.9350157839194687
20247,0.059880331502022155
20248,0.030930963805949806
20249,0.7484666054530321
20250,0.054356852733240237
20251,0.035676110276580575
20252,0.010882937544722643
20253,0.001931656927769608
20254,0.044820726629413866
20255,0.1316306630430236
20256,0.7328937785798849
20257,0.910978662574951
20258,0.4637496756649053
20259,0.41383385880406964
20260,0.017955869388104298
20261,0.6523771128401733
20262,0.0731546918494436
20263,0.9576181430802323
20264,0.1044409067700026
20265,0.16662457807410838
20266,0.9423040208916886
20267,0.4391030318113554
20268,0.013850991869701658
20269,0.13180192515196623
20270,0.02604823940084906
20271,0.3901302471218168
20272,0.038186012149733335
20273,0.13490361050417643
20274,0.3049014631729822
20275,0.002539354072259948
20276,0.5472596505881725
20277,0.7614584265529337
20278,0.053939874019267024
20279,0.5261052679472742
20280,0.007358529239729005
20281,0.05353000818599964
20282,0.06297237912983372
20283,0.5870023829445411
20284,0.02304630891639441
20285,0.6051214786778741
20286,0.00868606644297292
20287,0.002595387909855491
20288,0.0032317559926329977
20289,0.9062432623128687
20290,0.005214236531320251
20291,0.022994928901339112
20292,0.8683667516220834
20293,0.8139288402695715
20294,0.010611655053153167
20295,0.06865422858131988
20296,0.2152294864541752
20297,0.022889747441118564
20298,0.020245484054472174
20299,0.8883862065105155
20300,0.0891451172528497
20301,0.0034297429838166514
20302,0.9823533112794858
20303,0.0037566527200891798
20304,0.12847598018287373
20305,0.003802074324690659
20306,0.002685641714473573
20307,0.05437980751132925
20308,0.1388636941348814
20309,0.10192887605036648
20310,0.07162769773693929
20311,0.015256999458602037
20312,0.05098432697338038
20313,0.003984269313606693
20314,0.7948714585148098
20315,0.9659040488259105
20316,0.04223466621152877
20317,0.002084534634830347
20318,0.05714550013563272
20319,0.8979561117499565
20320,0.939984942802595
20321,0.04046955487936026
20322,0.09002305520484105
20323,0.0014919907611782907
20324,0.6792312393403923
20325,0.00270124349784997
20326,0.1815939601972599
20327,0.03208365301167017
20328,0.0306976782456461
20329,0.06716452034381716
20330,0.6775142971398442
20331,0.9999994749890445
20332,0.34229407843604953
20333,0.4083854649955641
20334,0.8375631865376771
20335,0.6414232044979788
20336,0.03193178206171545
20337,0.00602774152216341
20338,0.042951525523492226
20339,0.7094406249194354
20340,0.01989879024597958
20341,0.15956758235597376
20342,0.007799607296414321
20343,0.8023902902700428
20344,0.007911212708873742
20345,0.9596392959997782
20346,0.0959326581073844
20347,0.02427679455744604
20348,0.7197025417639082
20349,0.044559490860690845
20350,0.003583505060102687
20351,0.07776409477988562
20352,0.19927971782095558
20353,0.03252696378886457
20354,0.2621825708350507
20355,0.0855457173100969
20356,0.01311940560244961
20357,0.645229355538037
20358,0.015314448001283421
20359,0.08783271323954614
20360,0.4157267057041513
20361,0.02736196284138862
20362,0.023283947587723643
20363,0.006665553407466653
20364,0.883104413780925
20365,0.011773961886472211
20366,0.009571763343499073
20367,0.01589562076181847
20368,0.030609733819914196
20369,0.02277255138089035
20370,0.13412483604669884
20371,0.026261743898181422
20372,0.021602003895369436
20373,0.1386247044653127
20374,0.004410808299080214
20375,0.10054476441945873
20376,0.04459547008780361
20377,0.9997983852964175
20378,0.0033038356610881406
20379,0.29246516016175345
20380,0.01181699254218763
20381,0.8728297762617734
20382,0.014736660158121525
20383,0.9677483205543568
20384,0.016956317654951557
20385,0.011990683727927137
20386,0.006961802752522304
20387,0.022959581224029777
20388,0.01913587896300796
20389,0.047472092860314154
20390,0.5201136691225027
20391,0.2593412121308715
20392,0.21816430104453224
20393,0.024151736868068537
20394,0.8670365981652792
20395,0.049770501832174
20396,0.15792596155732103
20397,0.004111089117555541
20398,0.9772955033845719
20399,0.03025731014836282
20400,0.2469725506171434
20401,0.8342604282213166
20402,0.928933215283049
20403,0.01297189164514038
20404,0.006759987331411162
20405,0.01602529503144757
20406,0.008531542466436202
20407,0.46652743678622693
20408,0.3572943840963861
20409,0.6299432141150771
20410,0.6066835754468203
20411,0.03098768265666562
20412,0.011607788176029995
20413,0.03637140873917894
20414,0.9926870569900362
20415,0.8097457603177457
20416,0.05408305096785652
20417,0.05887254620991164
20418,0.023918421097980005
20419,0.017281616777818976
20420,0.06283578920367781
20421,0.13467308342670728
20422,0.001666663907208845
20423,0.026724217786261394
20424,0.11102727284766978
20425,0.008103146722288066
20426,0.8757537613864362
20427,0.0030139904317907766
20428,0.980349012755752
20429,0.1816867582541004
20430,0.008070405328408777
20431,0.03967349473982064
20432,0.10822210302863434
20433,0.06895654845677444
20434,0.04251890589864087
20435,0.0015671208470977298
20436,0.0027761377020893447
20437,0.9360229023466685
20438,0.9425969242015633
20439,0.04125194514419186
20440,0.0343682086880061
20441,0.11291650559357382
20442,0.0038799450580583356
20443,0.23477211799372752
20444,0.21864680618478732
20445,0.21201540107761582
20446,0.028921847463165135
20447,0.7106192012916746
20448,0.16451330010974952
20449,0.9999980871629591
20450,0.7410092084068174
20451,0.9209774094880636
20452,0.03495713266593356
20453,0.015016773463404659
20454,0.0646112218285041
20455,0.0056277952415156
20456,0.008150614590217528
20457,0.005140696239823195
20458,0.25104149977428886
20459,0.8263215778131129
20460,0.25585420008323695
20461,0.03580662207457505
20462,0.015235362185311381
20463,0.2990656041378395
20464,0.0014110588256711595
20465,0.019641486015904538
20466,0.039313797459279334
20467,0.8951040055053584
20468,0.027098403057408293
20469,0.5040197240601041
20470,0.014873339597915331
20471,0.4384706518370797
20472,0.02605115693562121
20473,0.01786275966972023
20474,0.006992155509126889
20475,0.010987572260525703
20476,0.010894558311177348
20477,0.9470796114636868
20478,0.17267021762379986
20479,0.37311274575181785
20480,0.2218432163836792
20481,0.22591255627596193
20482,0.302862270376734
20483,0.04418783123611129
20484,0.021952252531186198
20485,0.003933261318237269
20486,0.04278070691281604
20487,0.5689588037467234
20488,0.0045480672678022485
20489,0.3229755338421786
20490,0.913649315113873
20491,0.09271047686528298
20492,0.06657808467921833
20493,0.02493978936198791
20494,0.03882764659138001
20495,0.0037032547166342814
20496,0.00723333632638247
20497,0.0018447635105579973
20498,0.1714043977625207
20499,0.7313960810087262
20500,0.0060546017091912836
20501,0.0049044376056879445
20502,0.40505898286911923
20503,0.4146403933365812
20504,0.07029568647990264
20505,0.939863063508011
20506,0.01382089734566854
20507,0.03565635365226996
20508,0.40325491422124
20509,0.868634523536646
20510,0.06630394632863333
20511,0.001014296998882918
20512,0.9626219373606755
20513,0.5835699026519063
20514,0.018975506333399377
20515,0.7550146590630672
20516,0.01972082529775241
20517,0.12108871182224505
20518,0.013678234918051544
20519,0.019659940106919543
20520,0.011708844440175717
20521,0.7666427274450339
20522,0.01206311668357281
20523,0.23826633325108898
20524,0.05855599144518344
20525,0.04899135414546258
20526,0.0013220650879242483
20527,0.0447929483852706
20528,0.012643071431078986
20529,0.15138189749104602
20530,0.046812477338607716
20531,0.1224670273338366
20532,0.30859163857688204
20533,0.030388815201676522
20534,0.007175763356522638
20535,0.06893476203561962
20536,0.0064404932241237
20537,0.6382236679418174
20538,0.11849896741799291
20539,0.023501009708943327
20540,0.41173897408864485
20541,0.012471482503336096
20542,0.07664037494372507
20543,0.1919323765134812
20544,0.8160475166953456
20545,0.2865783140883574
20546,0.0034194098390832677
20547,0.18102902449621433
20548,0.8337391232448013
20549,0.08070590979846241
20550,0.12550134922840622
20551,0.011583667314201095
20552,0.3836246449966352
20553,0.026670837850903524
20554,0.05751968503073367
20555,0.10598222527468536
20556,0.12546622508235838
20557,0.18621905643464626
20558,0.004644070384231674
20559,0.006233753285411449
20560,0.04096321376885623
20561,0.004209482333606235
20562,0.003082262043754947
20563,0.006008693053706377
20564,0.07040076593469714
20565,0.07582052945389363
20566,0.3723569058190074
20567,0.011398981028308284
20568,0.008678021855813412
20569,0.01752442264734107
20570,0.12423886926304027
20571,0.002579764346641239
20572,0.07419900403254488
20573,0.02287170142885734
20574,0.15829376922827654
20575,0.009309189789097103
20576,0.36317283910976517
20577,0.3891423603437176
20578,0.7287466031960269
20579,0.029469884283781816
20580,0.0026561040276388993
20581,0.2587604240330259
20582,0.09680633747736367
20583,0.5255824405996719
20584,0.014445249326815904
20585,0.027419035695072796
20586,0.03389991182502533
20587,0.043891410954424566
20588,0.04333327812142897
20589,0.7605502513020073
20590,0.1544490128086239
20591,0.018124859059916735
20592,0.8111931722360434
20593,0.3881751530398975
20594,0.07436870197315873
20595,0.030419700682041785
20596,0.2026209807633715
20597,0.020857753659340228
20598,0.3974989277976687
20599,0.24347729609584742
20600,0.6938359722023214
20601,0.0029244341620864468
20602,0.6249124291353851
20603,0.04121251781924931
20604,0.04168939958155731
20605,0.033140143812940864
20606,0.41523805075334375
20607,0.007862529643735764
20608,0.9971440304438918
20609,0.8555272317726337
20610,0.4784253698244793
20611,0.05824092830661838
20612,0.008813232974989996
20613,0.30904374641385113
20614,0.9167636993333983
20615,0.6229324742104768
20616,0.24745127843501313
20617,0.015751108047100556
20618,0.02176124325730844
20619,0.0037478364404399844
20620,0.3411284260046089
20621,0.009761425997084064
20622,0.005005696142834304
20623,0.052681965066650294
20624,0.6128186266229707
20625,0.2512804571944807
20626,0.003636446001979436
20627,0.013881725302509628
20628,0.22288325414060112
20629,0.7856640260470904
20630,0.06864416563219551
20631,0.04128499635434484
20632,0.05055059551293433
20633,0.0012939519274123884
20634,0.7044636227306178
20635,0.008086255610902359
20636,0.0033332084823067204
20637,0.3478766520173303
20638,0.44992760878943555
20639,0.02694668508834309
20640,0.18640141649016223
20641,0.037217932107210666
20642,0.007072930410866496
20643,0.08943282038005562
20644,0.6267269261647642
20645,0.177163895509686
20646,0.02223545518640319
20647,0.06549992955736489
20648,0.03763929098315243
20649,0.03914130453315688
20650,0.24585064247867414
20651,0.07924112713743668
20652,0.2825788984348717
20653,0.13207399014506052
20654,0.4097368942387677
20655,0.04401288662827313
20656,0.717824676278819
20657,0.1852931535231024
20658,0.07130468725637915
20659,0.881044453064221
20660,0.12165336123899133
20661,0.02752729402621989
20662,0.00784167556407003
20663,0.07959259125883329
20664,0.0031805598835752025
20665,0.059535279678848634
20666,0.04092669882961273
20667,0.025718471741300604
20668,0.050110552987900805
20669,0.08342423524933863
20670,0.9527034163140126
20671,0.015091016287091325
20672,0.811833455460418
20673,0.030252609708668058
20674,0.01331072122090225
20675,0.0035636427615901556
20676,0.07135873638270461
20677,0.055651038587414735
20678,0.01632144005722244
20679,0.015121862341175947
20680,0.6911325672902492
20681,0.0030774889502793055
20682,0.25802929020887366
20683,0.24117639654156828
20684,0.020193823634868092
20685,0.03287969556777454
20686,0.03995661899126366
20687,0.04374382092286554
20688,0.7848274151954352
20689,0.49494753186102197
20690,0.01102566198818487
20691,0.00076723185241478
20692,0.35039684856386794
20693,0.11507350838667729
20694,0.003565469270891785
20695,0.05332310290793308
20696,0.006160961752575453
20697,0.9889320045393255
20698,0.053380153006537916
20699,0.007499403982053269
20700,0.0051561518920050144
20701,0.5730360298578949
20702,0.015114497979459888
20703,0.7874707232851963
20704,0.007900090673318766
20705,0.3174663646516865
20706,0.020687580027675963
20707,0.03743142434128309
20708,0.17385045196894214
20709,0.03087219760201555
20710,0.2523469705548071
20711,0.025520199377145298
20712,0.28896254530466337
20713,0.8575973101762631
20714,0.7434379090433612
20715,0.008323737928573239
20716,0.1783971174387078
20717,0.15811139302085703
20718,0.5620931813934996
20719,0.0026873803547938896
20720,0.09781421380753713
20721,0.13167795615577188
20722,0.14592843680750958
20723,0.04078473828480417
20724,0.017292853776389304
20725,0.003361547551299533
20726,0.013015189477192364
20727,0.7575083318257445
20728,0.06505375662275088
20729,0.01590187942582843
20730,0.06638378654451835
20731,0.18457293653602658
20732,0.0671037698180681
20733,0.9135941131217454
20734,0.13319295759317545
20735,0.4103265790414783
20736,0.03199046609420725
20737,0.4302795281570263
20738,0.643153081582877
20739,0.06179516638222997
20740,0.015267831457997207
20741,0.4765539999490386
20742,0.0034542570172556796
20743,0.08904753285513169
20744,0.2832992730503851
20745,0.8142981157808378
20746,0.08380519054614939
20747,0.12223220805326426
20748,0.057356181785406385
20749,0.00962651032630054
20750,0.058138661901224215
20751,0.9873454257662484
20752,0.012372323856544704
20753,0.4848291509740072
20754,0.1097667965828982
20755,0.17295363994398522
20756,0.05501348387618504
20757,0.03034335917108603
20758,0.08060097813965841
20759,0.13961284712651414
20760,0.06309079711582494
20761,0.06954447913685934
20762,0.2967615774374334
20763,0.007498650958453439
20764,0.7056188020953725
20765,0.0883528037036536
20766,0.07484315044034726
20767,0.6844750843062267
20768,0.008472863048393684
20769,0.04081048288048187
20770,0.014167343723734063
20771,0.15721252915360942
20772,0.025511554295571642
20773,0.0013677929236671773
20774,0.017729120405359455
20775,0.028925888698799754
20776,0.06707560286155755
20777,0.013202593487927627
20778,0.05134454858897675
20779,0.8177733575120317
20780,0.9765894024237941
20781,0.10964825164163369
20782,0.024680898725599133
20783,0.518547104063696
20784,0.01468059829930483
20785,0.007077677352822339
20786,0.9818061569305377
20787,0.14738724701436984
20788,0.4918306247630068
20789,0.6097147412287506
20790,0.015739593431392526
20791,0.5269871182187799
20792,0.02500055356721119
20793,0.006448239220563524
20794,0.0028272341985786974
20795,0.02003501503624691
20796,0.6746950053438909
20797,0.31697142660820143
20798,0.01895402877474959
20799,0.11392156958815511
20800,0.8212087475952915
20801,0.5095784696250881
20802,0.1984641659748387
20803,0.7818699747430163
20804,0.045507951641218666
20805,0.020326061328679097
20806,0.33650999928700287
20807,0.05211708666172203
20808,0.06882928285536094
20809,0.33833138058870454
20810,0.15418948949394
20811,0.0410590812629874
20812,0.06936679528289552
20813,0.013072242269267863
20814,0.049196847552105905
20815,0.6969233191392794
20816,0.18048053347945806
20817,0.001462911251790634
20818,0.0002729231686764848
20819,0.02021681575891889
20820,0.6099108871214282
20821,0.8224930439168631
20822,0.1415559633255458
20823,0.0018148417038275219
20824,0.011159213415811232
20825,0.3868623762162779
20826,0.08181584688435961
20827,0.2743863218765363
20828,0.15956468224804013
20829,0.13187219247970497
20830,0.8102206202959319
20831,0.2442591641003371
20832,0.07391136096731872
20833,0.8357945832991752
20834,0.6462088508383087
20835,0.031616613628793915
20836,0.8185168652055468
20837,0.0029102481189404988
20838,0.03859067935227666
20839,0.02803398394537998
20840,0.023309433865297345
20841,0.12303860453992073
20842,0.2948497195466572
20843,0.01035259610940127
20844,0.06773100309659538
20845,0.6812628298896632
20846,0.0036010907579164405
20847,0.07859181862826287
20848,0.0033824928121122732
20849,0.017296513938748998
20850,0.05632033243798287
20851,0.08004597725787972
20852,0.9498238170164017
20853,0.06164082886544883
20854,0.0049592543074663395
20855,0.21385163891540385
20856,0.2276305472926131
20857,0.7027322323655806
20858,0.9755850203932949
20859,0.03830227148681209
20860,0.06939159757286217
20861,0.0253679741124131
20862,0.09715710752999525
20863,0.4486658867712483
20864,0.023046323375731374
20865,0.08482072277442655
20866,0.04730685495322198
20867,0.01825686986633031
20868,0.9374929672548792
20869,0.006499548116184533
20870,0.004683618634425418
20871,0.00659008258613038
20872,0.02328148412693119
20873,0.021383989413424828
20874,0.7567809144016676
20875,0.20815937875363164
20876,0.08072836676664238
20877,0.2114258416990142
20878,0.0224285427814106
20879,0.008208210401244408
20880,0.03398710068649938
20881,0.1033259074671632
20882,0.49387498556269405
20883,0.03393889276836234
20884,0.010757296314174694
20885,0.05786475611116566
20886,0.21677007246039032
20887,0.006066875180629421
20888,0.09842666651024001
20889,0.02467050588436859
20890,0.027505249397559474
20891,0.03441552902750178
20892,0.019460596539522507
20893,0.4809839290404419
20894,0.034476354113894804
20895,0.10507029976978952
20896,0.7356530777742569
20897,0.0009965806805355747
20898,0.335269178401949
20899,0.27268973380807654
20900,0.0209761439795239
20901,0.02239213060348383
20902,0.3479059935816098
20903,0.7256720459863811
20904,0.011568394125520642
20905,0.12164416592936013
20906,0.14185257522443168
20907,0.014333923822981794
20908,0.0019691353199510733
20909,0.01439580105144812
20910,0.2819439001026404
20911,0.527023089042243
20912,0.0021698173082143678
20913,0.7959644493099357
20914,0.24034282182620534
20915,0.047517882166196686
20916,0.01741652237299292
20917,0.020461672868458895
20918,0.028546073490446112
20919,0.01394822368297697
20920,0.009709976774775846
20921,0.0032946654658673954
20922,0.8006877475009078
20923,0.005258967620029478
20924,0.8778121698366761
20925,0.07995716135759634
20926,0.9991488993538373
20927,0.005213960808135293
20928,0.1278425998138893
20929,0.3469230475203089
20930,0.059745065306365606
20931,0.017040286658464365
20932,0.004126382497226776
20933,0.010551337009766898
20934,0.02168973197117381
20935,0.09845560542304978
20936,0.9117368332269479
20937,0.025876322132145236
20938,0.06411263088217327
20939,0.0182535070053335
20940,0.5291456394579227
20941,0.013823776961167922
20942,0.05423884403405346
20943,0.132951436526784
20944,0.6665664521856954
20945,0.040708462955629666
20946,0.881468426388226
20947,0.01751804625139666
20948,0.04993903773336383
20949,0.14811707816821895
20950,0.030344984973339383
20951,0.01578489768943083
20952,0.7241294466588528
20953,0.09005391384219325
20954,0.013024896295937383
20955,0.06324217477207655
20956,0.010569985955404898
20957,0.052986478904709415
20958,0.05569737076513366
20959,0.5762793672496223
20960,0.10483403620671415
20961,0.06251144015930432
20962,0.10193427174640506
20963,0.02053187115919895
20964,0.09079567431184737
20965,0.029127110859881084
20966,0.4503157429313639
20967,0.30047137281652403
20968,0.09623321197215653
20969,0.022908322322675617
20970,0.0029564026096577257
20971,0.03590480191901378
20972,0.008138745430706407
20973,0.026144568778824002
20974,0.003913123061901197
20975,0.24318098265120885
20976,0.009042929635390549
20977,0.2639780548239488
20978,0.1757721233318721
20979,0.019310958647323205
20980,0.2951521890214234
20981,0.04516673139013827
20982,0.01061720188660079
20983,0.03058620785111077
20984,0.009444361473573292
20985,0.025436987299934405
20986,0.2144743481153615
20987,0.9836966756617624
20988,0.8073894379178256
20989,0.10222678791316842
20990,0.676997167677135
20991,0.9238739791793577
20992,0.11718990724362992
20993,0.005030563764886011
20994,0.04674278111064864
20995,0.04914286501645195
20996,0.049156450683017036
20997,0.16760082508499424
20998,0.12888524092151007
20999,0.01208930328306773
21000,0.9940227248834029
21001,0.01567912736428467
21002,0.7753172727945967
21003,0.005394497013854219
21004,0.6369262955520174
21005,0.026444334197112847
21006,0.9215050431336804
21007,0.005877964256201682
21008,0.02497323802430477
21009,0.12352228552144501
21010,0.9220497012314252
21011,0.15736422416009904
21012,0.027000116276257626
21013,0.013840763843264034
21014,0.1633507660534242
21015,0.1973426347623678
21016,0.05286991754380421
21017,0.00450165704579363
21018,0.001824992508356398
21019,0.14631794401653883
21020,0.06558915498379703
21021,0.03782720451724491
21022,0.7610242113914604
21023,0.02565177246356506
21024,0.7681852501767562
21025,0.04890539053464846
21026,0.2371247674904811
21027,0.8465045390349475
21028,0.6523441615912174
21029,0.04459451520079884
21030,0.049946670011266514
21031,0.5702861138801412
21032,0.1127734481183492
21033,0.8848687454577656
21034,0.6143629194889519
21035,0.0373090417779424
21036,0.8831052200190894
21037,0.40724603932916603
21038,0.006955931667918268
21039,0.9521970112992009
21040,0.01707090114990582
21041,0.12039785240208316
21042,0.11475461715694202
21043,0.021575693618560945
21044,0.8205713902957233
21045,0.07499425002822059
21046,0.41628391620894034
21047,0.9105402055522268
21048,0.018177037347347953
21049,0.9853900427583815
21050,0.012525126128767694
21051,0.39867108446815525
21052,0.017351784195898032
21053,0.252170893007571
21054,0.47580208729197265
21055,0.025768374159758207
21056,0.032076966887207285
21057,0.9728975651324118
21058,0.013690138913486388
21059,0.7919326889929676
21060,0.8521936862813684
21061,0.18476270580093154
21062,0.003995775506027094
21063,0.05417526569484197
21064,0.5295518905154403
21065,0.1529936021933618
21066,0.009560538798710935
21067,0.00780871118486626
21068,0.1765525821474493
21069,0.09138598074785885
21070,0.02264022882666094
21071,0.5006545287959038
21072,0.009020245366994152
21073,0.259862243331287
21074,0.02293022707214896
21075,0.0595132790799755
21076,0.04359930142622488
21077,0.11065507578338057
21078,0.2967102437102734
21079,0.8867946209402461
21080,0.12180988663968136
21081,0.8818196528777545
21082,0.11787148978925467
21083,0.062426920280077666
21084,0.4016905847776435
21085,0.003895940690250063
21086,0.103341161992585
21087,0.3165580264506347
21088,0.27933550696292675
21089,0.20254233016098586
21090,0.010611472441688242
21091,0.023492202027817124
21092,0.1454577277686083
21093,0.002313261261543696
21094,0.023709685309745026
21095,0.06045343200960938
21096,0.007757102486255686
21097,0.013116522786595655
21098,0.06256730010510465
21099,0.1104778627151397
21100,0.11413699249608616
21101,0.01772567176083024
21102,0.011614640696324952
21103,0.14009135137326156
21104,0.15862369705781776
21105,0.005777630208584724
21106,0.8342264951858033
21107,0.11924776116790808
21108,0.26511618427108663
21109,0.9443530505459258
21110,0.6553301992712097
21111,0.9999999661116996
21112,0.0030951099576929327
21113,0.026218314954953994
21114,0.97087986496066
21115,0.1820363253978447
21116,0.9674289287206546
21117,0.16490477032117992
21118,0.005900924777104019
21119,0.8651143498094706
21120,0.009840771410525908
21121,0.13063199316763663
21122,0.010974331786290493
21123,0.11035179697758893
21124,0.04348116283112983
21125,0.09195569633041376
21126,0.003803444044313026
21127,0.05025092135706285
21128,0.003269153252625834
21129,0.030932989151856966
21130,0.827130855254766
21131,0.6353849200049364
21132,0.06658874128606093
21133,0.023518791203464923
21134,0.02265800939955005
21135,0.9094801298517744
21136,0.006274466526950333
21137,0.01996277859848813
21138,0.0016118946285592418
21139,0.06513838784962832
21140,0.6617502281460902
21141,0.015620784811263663
21142,0.06390133189353436
21143,0.08192584633201735
21144,0.01182957175572717
21145,0.03530937779941262
21146,0.08179986961757565
21147,0.38373537003563
21148,0.3405507231893174
21149,0.03846083481960428
21150,0.031263128590147675
21151,0.8719693380038491
21152,0.007677025136798876
21153,0.45671216949182036
21154,0.01398500650900834
21155,0.07172544609358539
21156,0.5983057178084957
21157,0.07098586769741662
21158,0.34734999983560727
21159,0.010429373595607028
21160,0.02496777755617492
21161,0.007515572790522874
21162,0.07735120208728531
21163,0.702860408185838
21164,0.028090095056107812
21165,0.39046418111152026
21166,0.9216718787210229
21167,0.08084496937206834
21168,0.01453588569020325
21169,0.40273944786360794
21170,0.5279097146951172
21171,0.33774403295470107
21172,0.2211385158113939
21173,0.010404769746175442
21174,0.8415396612342846
21175,0.21432125871564223
21176,0.018441414165773957
21177,0.5821523568673906
21178,0.751374291431926
21179,0.005768156203568242
21180,0.8978577079144311
21181,0.07071774152132587
21182,0.007274198489386346
21183,0.06748219959853174
21184,0.5925490026426042
21185,0.2651647023294593
21186,0.011832699280662527
21187,0.004761914267975862
21188,0.005016376341049591
21189,0.015771557278431478
21190,0.03692453636363848
21191,0.7778806620801725
21192,0.06904079452671451
21193,0.359284938865275
21194,0.7293910812213992
21195,0.06475191717011786
21196,0.2519886546547828
21197,0.004096068915209267
21198,0.019605346110602176
21199,0.6649966911072316
21200,0.05320139844654739
21201,0.031664371372282854
21202,0.013002384074364836
21203,0.18636361282956732
21204,0.01944386411811315
21205,0.002496032848103927
21206,0.9592642080024745
21207,0.004155064055504111
21208,0.017171470852279457
21209,0.9260565100282804
21210,0.06513105514469084
21211,0.9558693428045721
21212,0.008338757848206762
21213,0.841428003510385
21214,0.04738421281115322
21215,0.11784536525290698
21216,0.4878510576725009
21217,0.4065652072220556
21218,0.01041653187864631
21219,0.0103911080375299
21220,0.18886641473790217
21221,0.021047946563153987
21222,0.02281784401972217
21223,0.08755255262308329
21224,0.4755202928064167
21225,0.00994962384653492
21226,0.36281355795240194
21227,0.014190360124095417
21228,0.9055160323786601
21229,0.9214355792526172
21230,0.3296460429035712
21231,0.8294403606853986
21232,0.09424929215521714
21233,0.35392801269329555
21234,0.013103852617131822
21235,0.42592850819544453
21236,0.7503486316499774
21237,0.008878052365892885
21238,0.011647411406235753
21239,0.013929370585884419
21240,0.012726556556266427
21241,0.504431658945916
21242,0.90200856544777
21243,0.30577383901768085
21244,0.07095559367243644
21245,0.9456611200172245
21246,0.003800924620462599
21247,0.02550004666715448
21248,0.08876998039205586
21249,0.9723438971031114
21250,0.004029581659067093
21251,0.01196148039328599
21252,0.02526684958041289
21253,0.030009966202547776
21254,0.008980743430982973
21255,0.07872466773604919
21256,0.10623537991456383
21257,0.6239572245116969
21258,0.12709554042168442
21259,0.0440180760967219
21260,0.06299026096602783
21261,0.02450091599365272
21262,0.016620917879641595
21263,0.13446246679550322
21264,0.005971681502556094
21265,0.025840121296064274
21266,0.002373056341490541
21267,0.011327443771030305
21268,0.9837103852494123
21269,0.3802281689737859
21270,0.06906976957226182
21271,0.21912436909671223
21272,0.12993744729790613
21273,0.009829398344109286
21274,0.01004526618862964
21275,0.12579228977828175
21276,0.0021742036738662193
21277,0.04714031654088651
21278,0.5711573754133411
21279,0.3275710722882786
21280,0.11057036638119132
21281,0.005310119764508233
21282,0.2868531940859079
21283,0.2763484178058883
21284,0.8788126316666496
21285,0.04067031113832087
21286,0.3205705729479395
21287,0.004211508376297027
21288,0.0444901582810884
21289,0.007542960904385144
21290,0.34929542519340523
21291,0.0009329785605203267
21292,0.8768382297158545
21293,0.024999660327541695
21294,0.2025536342807966
21295,0.3167452785180489
21296,0.012088761626817273
21297,0.8389206185101249
21298,0.22711533103155324
21299,0.6554579914734452
21300,0.1692596830931764
21301,0.8326893778828622
21302,0.9847284078162731
21303,0.004204085402374184
21304,0.0014222735718379307
21305,0.01729808382836192
21306,0.026643248241869304
21307,0.0016776421510252288
21308,0.2073281583158367
21309,0.0921855074215287
21310,0.0037494106341039598
21311,0.1155530303200969
21312,0.196600747258521
21313,0.02648892920353781
21314,0.27561864160591293
21315,0.158466388191372
21316,0.5955406189609634
21317,0.4126935294851442
21318,0.6170954195773402
21319,0.019730711603563537
21320,0.03440075859145773
21321,0.0027681729751356256
21322,0.126920824058796
21323,0.9719874463388564
21324,0.011512890605829995
21325,0.04872710183768465
21326,0.7705820364427309
21327,0.002172425952705721
21328,0.04119173411465815
21329,0.04535942056809826
21330,0.0018475130374247526
21331,0.006908889191751676
21332,0.15529218259974018
21333,0.0035711260654350215
21334,0.808925294882552
21335,0.4618290701329352
21336,0.030431742274285998
21337,0.4675271977852465
21338,0.7220369657793315
21339,0.12709360392586624
21340,0.020823959521246303
21341,0.00879426284808236
21342,0.0196881350940807
21343,0.04891337129359269
21344,0.015094636016141695
21345,0.029803904764105327
21346,0.00712571219984436
21347,0.020095581498677708
21348,0.9996346526489922
21349,0.001380518672150174
21350,0.04322497114002796
21351,0.729796088392796
21352,0.011530711554701308
21353,0.8955776632812259
21354,0.0007826958304006247
21355,0.17687716029460107
21356,0.009734110907879671
21357,0.018093624962940234
21358,0.649216769389827
21359,0.5442215562959438
21360,0.27143153124688907
21361,0.9902197494372311
21362,0.06029790199951629
21363,0.13084779796421958
21364,0.013470714341965897
21365,0.008012821512571535
21366,0.01557946903997218
21367,0.3875624484325991
21368,0.9859696196716594
21369,0.009025997962284787
21370,0.7082452976143954
21371,0.9550879523637208
21372,0.021254515093551835
21373,0.0032543081396114114
21374,0.017970660959795798
21375,0.02801849457304616
21376,0.44192200890226907
21377,0.09943179730277224
21378,0.9482095964885795
21379,0.18212542134644344
21380,0.5951057536714512
21381,0.02259214503617571
21382,0.1272247536295408
21383,0.002628388128787425
21384,0.0007109370630132625
21385,0.2597276494135772
21386,0.9863372803399106
21387,0.1305955053111536
21388,0.3490247832357148
21389,0.13142436069806157
21390,0.003141109879301549
21391,0.027082552441967212
21392,0.0154656770222897
21393,0.00753501852326861
21394,0.08900432512607821
21395,0.8155311758960887
21396,0.20444551005104528
21397,0.8731509053478405
21398,0.0014357561134615182
21399,0.1648229345189625
21400,0.79321319116979
21401,0.0046974065436487245
21402,0.019960546508202018
21403,0.2557323322848876
21404,0.041648682047561246
21405,0.008456137703490423
21406,0.0039045110394077156
21407,0.05867894937592438
21408,0.051256644896524706
21409,0.12449548827629382
21410,0.10692690714907431
21411,0.266871806854973
21412,0.045543879210119646
21413,0.015425768229908387
21414,0.021160451279742556
21415,0.012905791778293726
21416,0.07184516815025992
21417,0.08225913278555577
21418,0.031596359542833664
21419,0.02709063342555415
21420,0.007146018519255771
21421,0.31981250578465636
21422,0.28076270632744477
21423,0.01099907605055016
21424,0.13879951745301633
21425,0.610700499866268
21426,0.22528840038325545
21427,0.19765820040638188
21428,0.04557919668057017
21429,0.27356575884574846
21430,0.003485085768471843
21431,0.027246516160851813
21432,0.6873245501899462
21433,0.005159909750629613
21434,0.03699837916297186
21435,0.0064752052590498115
21436,0.08115576007787716
21437,0.046035378978525464
21438,0.0018825571530257635
21439,0.446009069386906
21440,0.03598245774999682
21441,0.02779295283867895
21442,0.012027594081029202
21443,0.042049074979553416
21444,0.008514920283304677
21445,0.0490212358984302
21446,0.025569275287305133
21447,0.017384749189567065
21448,0.17074116446745227
21449,0.061843865808175656
21450,0.08158727350690685
21451,0.7207904027836366
21452,0.79699092482317
21453,0.05240004578618676
21454,0.05973575583875313
21455,0.6304076646251938
21456,0.04257393910276949
21457,0.03063223125791789
21458,0.5601070465957715
21459,0.18891603028558734
21460,0.00532512334272067
21461,0.03822786984013614
21462,0.9285955496179349
21463,0.018292099069038316
21464,0.14108696690449266
21465,0.3095682516046548
21466,0.048512104422240375
21467,0.6866035767213502
21468,0.005302423936633836
21469,0.09681082755883151
21470,0.19704246995520402
21471,0.002602136468637523
21472,0.4560009446794722
21473,0.00863898637047315
21474,0.6895833150681372
21475,0.016826448219788237
21476,0.001442868575380925
21477,0.005357091358783254
21478,0.009815711921856225
21479,0.9041383807643519
21480,0.03440664501739759
21481,0.00549211821579787
21482,0.021481588681604765
21483,0.5437212286491706
21484,0.08634150775520603
21485,0.04241034203365678
21486,0.04008531924868784
21487,0.04631155985861364
21488,0.35297335204893193
21489,0.039906955229823085
21490,0.013640073463291697
21491,0.008750025589377559
21492,0.12486044539516519
21493,0.30463241729425766
21494,0.03168796530576753
21495,0.21140911650683974
21496,0.04144194641098597
21497,0.004086831809703785
21498,0.036922292505523535
21499,0.3126099168508827
21500,0.20424545029836924
21501,0.060670099869127456
21502,0.037429396843228706
21503,0.15100551158860226
21504,0.2494867265852961
21505,0.5415418929775162
21506,0.058188056968665046
21507,0.04031777295033277
21508,0.41943734664496884
21509,0.006146588223222996
21510,0.467034033528994
21511,0.6266405466812034
21512,0.028193468196162898
21513,0.10516434740326679
21514,0.003698479787742231
21515,0.1168189556973228
21516,0.46804720376380815
21517,0.16855770219393798
21518,0.016573980454105887
21519,0.003705223660499228
21520,0.01996839592504895
21521,0.07350297473474154
21522,0.01644704192357722
21523,0.01682494951129413
21524,0.005768563257404162
21525,0.0634978298302095
21526,0.6975075138189701
21527,0.002748993658062649
21528,0.03832453306917701
21529,0.03408145509383941
21530,0.2958171749289531
21531,0.2542974388650173
21532,0.8287759466474436
21533,0.004648121583056658
21534,0.14461522099483132
21535,0.19491537558264646
21536,0.8507088681092373
21537,0.36272322638575316
21538,0.0015908233774707568
21539,0.5431179659628105
21540,0.08011844187399739
21541,0.07720214701039778
21542,0.2965543687015903
21543,0.6420352298135984
21544,0.09060777139565032
21545,0.9891783071757192
21546,0.2683401088686062
21547,0.0008044708834962824
21548,0.05561216242311919
21549,0.12839652686747285
21550,0.8059667136299826
21551,0.15109913042259424
21552,0.19729198058646974
21553,0.00605840412444185
21554,0.02396613907316996
21555,0.044673205531710676
21556,0.08968314348644268
21557,0.026462606847143327
21558,0.058826918862747796
21559,0.6689134177860296
21560,0.0024537084701073174
21561,0.055252858488479925
21562,0.07809170241620216
21563,0.029498434211673898
21564,0.0027976149928003314
21565,0.007871285278019708
21566,0.0702817891834308
21567,0.002281652204348582
21568,0.27968296214093713
21569,0.09476605682275328
21570,0.4127502832142943
21571,0.019466750562100087
21572,0.8586762450836285
21573,0.14915076571266525
21574,0.01381453251021925
21575,0.9637470875708493
21576,0.5359195155488005
21577,0.17324552540421484
21578,0.027986397339014545
21579,0.030258466869070022
21580,0.020291887296347056
21581,0.4071727018067384
21582,0.06591668509425336
21583,0.15879777728283997
21584,0.029613734179815977
21585,0.11339300643464559
21586,0.7891845009469459
21587,0.026587220413984283
21588,0.4696418904712873
21589,0.006603839762628623
21590,0.1745940363128662
21591,0.12075061092757751
21592,0.03224611923776646
21593,0.9282141051267278
21594,0.015231591653592955
21595,0.024296524434952543
21596,0.009263784361341482
21597,0.04884258265051341
21598,0.8575137189846239
21599,0.0019671777439005987
21600,0.6254696590416637
21601,0.056232833364740116
21602,0.17395706032322883
21603,0.8671669046043825
21604,0.03241980569968553
21605,0.18229340163613164
21606,0.006848090998934217
21607,0.018931206938307653
21608,0.1821455020855449
21609,0.5674828993906841
21610,0.11806605373127033
21611,0.31372456932545556
21612,0.03386125046020706
21613,0.04724333085422831
21614,0.5272573051348313
21615,0.049508929740731754
21616,0.12369950949751916
21617,0.6909103746749229
21618,0.01914064680127634
21619,0.5852417948951462
21620,0.005970769626388457
21621,0.04260197173740807
21622,0.7798563018389985
21623,0.0769644378208119
21624,0.4168868752532322
21625,0.44910006894479065
21626,0.13394538589294405
21627,0.3701531229730237
21628,0.18689991051342686
21629,0.02965445133627843
21630,0.005234628978269346
21631,0.0104561564117342
21632,0.859086321645753
21633,0.021002984869317027
21634,0.2485725477864647
21635,0.0044337800858748975
21636,0.019397418767065456
21637,0.004211409275660668
21638,0.03496633023495167
21639,0.9994173021611394
21640,0.7616427681130966
21641,0.27488512399701226
21642,0.02015922933256931
21643,0.05966822973436753
21644,0.024506346408487662
21645,0.019826678992056975
21646,0.13864182922553714
21647,0.034189037107943104
21648,0.9999999999968341
21649,0.06716679913931245
21650,0.1380246626840259
21651,0.35495559975446306
21652,0.017698596254445538
21653,0.23613105527021935
21654,0.013591646838143298
21655,0.05662279606616444
21656,0.08150835404288241
21657,0.029383557330103095
21658,0.013800106120498258
21659,0.0028131946305789838
21660,0.15573169218577743
21661,0.0901935171277666
21662,0.5386138614224009
21663,0.1534817622732508
21664,0.2975784152856363
21665,0.011488543167708773
21666,0.10403065817902557
21667,0.009337763243211547
21668,0.010968494015367055
21669,0.033685479634911086
21670,0.48790513009469166
21671,0.03392842306605846
21672,0.18454786621474978
21673,0.43400943196152403
21674,0.051161119923757895
21675,0.7028326904320029
21676,0.06956454724160789
21677,0.07268058530573615
21678,0.3385022574553691
21679,0.0030896456614571207
21680,0.2638699896043016
21681,0.01856755606668302
21682,0.004296790155528163
21683,0.07093799747497392
21684,0.47644137717343404
21685,0.4302659566723936
21686,0.017627937634794307
21687,0.0019315957773934859
21688,0.04560803565304314
21689,0.7804721605445353
21690,0.7661428253441014
21691,0.009057305641524018
21692,0.452620957914298
21693,0.00665424266908895
21694,0.20955970226982182
21695,0.014618004388161939
21696,0.007850334587852253
21697,0.030525239463261366
21698,0.031336463076591846
21699,0.0029295065101808816
21700,0.7490333580998059
21701,0.07294307374799734
21702,0.15007873914003797
21703,0.03781135918890045
21704,0.16787284657504442
21705,0.16592009101463426
21706,0.22379491781735808
21707,0.02073130130654066
21708,0.032102116995638655
21709,0.10304900236739728
21710,0.03452497157720983
21711,0.17338701911599716
21712,0.05507084481885736
21713,0.4719135094430755
21714,0.193779164950047
21715,0.02004140885700067
21716,0.9569813043480407
21717,0.008243518605682497
21718,0.1713268972453635
21719,0.9168587506672504
21720,0.17852218050275015
21721,0.0269890419819813
21722,0.033456934640063656
21723,0.0575928078220303
21724,0.45462419129642906
21725,0.019703322794629746
21726,0.4662140853447394
21727,0.0063310120356437835
21728,0.019994165599602966
21729,0.003397034152434991
21730,0.010736376106006234
21731,0.7026618923189829
21732,0.004354705137063733
21733,0.030298849897057126
21734,0.3624062266871953
21735,0.1319598203784248
21736,0.5499058762967173
21737,0.004791317204854694
21738,0.0514844456353886
21739,0.11985317695105266
21740,0.8883600317092293
21741,0.0023474439505071763
21742,0.018934596425401864
21743,0.6503202097950448
21744,0.41177794475914575
21745,0.09170087959920453
21746,0.059608412820215326
21747,0.5417754082570352
21748,0.04470912726069899
21749,0.0025777805409366106
21750,0.03943925181862863
21751,0.012173081776588924
21752,0.19761573990868367
21753,0.03309866575558019
21754,0.942876131782352
21755,0.009481842501244965
21756,0.5011476724162299
21757,0.007198680002416174
21758,0.678970827286928
21759,0.09322036500297987
21760,0.13909119779797208
21761,0.931427952179072
21762,0.05348266123531282
21763,0.004049506148862646
21764,0.8951470330799839
21765,0.0069945096976895115
21766,0.7999859079524854
21767,0.14930828577398333
21768,0.9890894404155015
21769,0.18674849703264204
21770,0.07581968894343004
21771,0.08087541935577852
21772,0.025423179156057473
21773,0.009583202377250393
21774,0.012089916006616035
21775,0.41551145381389476
21776,0.04562032757802198
21777,0.04216524507979424
21778,0.011936357995520543
21779,0.08047040687403431
21780,0.7218926026157512
21781,0.0038934945956919788
21782,0.8847809822252356
21783,0.03223020773226264
21784,0.0259152961192731
21785,0.06824412129970309
21786,0.2798417241975307
21787,0.005705798293535789
21788,0.0013400105994410447
21789,0.03631634551676181
21790,0.005580060512607698
21791,0.01275729749619951
21792,0.5868066239071759
21793,0.8063258005425294
21794,0.4494184597226865
21795,0.003392545139835684
21796,0.5088922411735151
21797,0.9704618326149007
21798,0.0709456963834592
21799,0.9999999999643523
21800,0.5597055370788657
21801,0.0024070048617676355
21802,0.011196943764701768
21803,0.15126521831427614
21804,0.1496611325890238
21805,0.8884068141508115
21806,0.6135051615107836
21807,0.013019181282130863
21808,0.9979987344561273
21809,0.656584509161242
21810,0.03386064327127516
21811,0.7122174794709096
21812,0.0010498175575999389
21813,0.01814418076483024
21814,0.9271864832843714
21815,0.6402269034541423
21816,0.9999999994012683
21817,0.39873616042542537
21818,0.6889498263704814
21819,0.005711040352214469
21820,0.011600746363272971
21821,0.08237753789423662
21822,0.05558075416475742
21823,0.056285473285823444
21824,0.005452719600624376
21825,0.04307002887613508
21826,0.012475422427469553
21827,0.7815858887132174
21828,0.9999999037402846
21829,0.0016314273310359254
21830,0.02030384126514146
21831,0.02991866482846474
21832,0.04756930212208328
21833,0.2564900335576435
21834,0.6094963840738802
21835,0.11666680676113954
21836,0.7699042868536563
21837,0.08851171661033026
21838,0.0035696192918213236
21839,0.14096030473127735
21840,0.008527421474007086
21841,0.46830262069541057
21842,0.7242221390237731
21843,0.19473441674203337
21844,0.4258932379216836
21845,0.014679745635785635
21846,0.0018420966639380908
21847,0.05944416862786059
21848,0.006949780160901147
21849,0.8318937289514964
21850,0.0033976712192866523
21851,0.568963269075195
21852,0.938263693282936
21853,0.09854249391578382
21854,0.12998839830029227
21855,0.01592852237148386
21856,0.038253934209752045
21857,0.0074627666453062035
21858,0.04503177260778604
21859,0.02631657419950883
21860,0.4171666555952381
21861,0.02880359312364365
21862,0.0012928380169525927
21863,0.007544967431119588
21864,0.002648326733772967
21865,0.05730087535469319
21866,0.7242908655939435
21867,0.0031848805128588263
21868,0.009451507713919567
21869,0.16917191302189238
21870,0.000632886414823276
21871,0.08707101388929249
21872,0.00423894027404025
21873,0.2931289071900866
21874,0.024768054790091774
21875,0.0209774952088117
21876,0.7206132479001437
21877,0.08669224127694447
21878,0.4450085196089385
21879,0.4725892486987222
21880,0.01027407401416754
21881,0.120545881935672
21882,0.002307668674611055
21883,0.002420382385255153
21884,0.9435928842620497
21885,0.007168943513875166
21886,0.013512467121929201
21887,0.5402878821394899
21888,0.21686826262409578
21889,0.019800804082609574
21890,0.8293026819948475
21891,0.019943147049099903
21892,0.6578047621259123
21893,0.02293126377372077
21894,0.9926501061134498
21895,0.026603333847057195
21896,0.017382071130095905
21897,0.012557232302180818
21898,0.5979850754766985
21899,0.7915884726304891
21900,0.017652854648064813
21901,0.009573712753556654
21902,0.13226684762960408
21903,0.013489116891057347
21904,0.16020011449164134
21905,0.004811228698278865
21906,0.17935678652974102
21907,0.10576700759796451
21908,0.10107161493392068
21909,0.8539575231309956
21910,0.0676012701740021
21911,0.07523423879194821
21912,0.011912529278671072
21913,0.014606088112116992
21914,0.040693159961058586
21915,0.07535927411967465
21916,0.25930314387800923
21917,0.031787410568647693
21918,0.06067620066567191
21919,0.030544243956743232
21920,0.2950177232795453
21921,0.3290440382299888
21922,0.24574685914526664
21923,0.2791291655999116
21924,0.008999714435126344
21925,0.12540726425548002
21926,0.01006690570775298
21927,0.027359190727876435
21928,0.07301104071075237
21929,0.12992024995367688
21930,0.02736519042366035
21931,0.1096464484334592
21932,0.9463895114229084
21933,0.00588874578841623
21934,0.016124353991129974
21935,0.031176078161049798
21936,0.877239483667384
21937,0.022609091429933247
21938,0.0019431503219496705
21939,0.031719951803707874
21940,0.07081974577958508
21941,0.006338726390287859
21942,0.37833865185715987
21943,0.002281886756832154
21944,0.005066220177379074
21945,0.02979660225146084
21946,0.019334825038468867
21947,0.028350102397555556
21948,0.025324510164622335
21949,0.0033688244054189322
21950,0.06932081899944696
21951,0.0054079167762262825
21952,0.04042666687307062
21953,0.7672012968560344
21954,0.24124258699268178
21955,0.6814791162302728
21956,0.5926300459342705
21957,0.025761208784486123
21958,0.07069450325957001
21959,0.9358995457627315
21960,0.025139903954672888
21961,0.11069597589722295
21962,0.008224979768393561
21963,0.15743247886876072
21964,0.10378687442388546
21965,0.02917516106551396
21966,0.2446147620266762
21967,0.00477510998367406
21968,0.30892973370723403
21969,0.028797894314760687
21970,0.9903541657841055
21971,0.6217793850167691
21972,0.2456133335732194
21973,0.05499840589688121
21974,0.5375582220928155
21975,0.007566280680661153
21976,0.001214993328335145
21977,0.14734848157751707
21978,0.07451198294678674
21979,0.010992600327181638
21980,0.02683262946609371
21981,0.03528842757384953
21982,0.6962352608698074
21983,0.02790423561706899
21984,0.317541654321521
21985,0.9944228333579398
21986,0.9983384923766626
21987,0.9969637775363281
21988,0.0030230642251760117
21989,0.05494320218103749
21990,0.11942180225995545
21991,0.0046311250835550785
21992,0.0036752957281796614
21993,0.006952354216086208
21994,0.08511917381341776
21995,0.014326843695155135
21996,0.05042291740098219
21997,0.011804530326337501
21998,0.21509341897248738
21999,0.5147727299492274
22000,0.0027357291673640286
22001,0.6538847701175362
22002,0.4172432532790616
22003,0.023629847108741487
22004,0.022980626538629
22005,0.1950723019106606
22006,0.9258314963360206
22007,0.4910579680382855
22008,0.4005583634757081
22009,0.010153844796330925
22010,0.16085649038194702
22011,0.9154197390316223
22012,0.01030956054197359
22013,0.24725122019372822
22014,0.018172445950206673
22015,0.02877907906080435
22016,0.0416482775418996
22017,0.08226658471013337
22018,0.11585015276048717
22019,0.07537177121407988
22020,0.1511258517778634
22021,0.18310120138170638
22022,0.7121667923572937
22023,0.09921632013331812
22024,0.01756677816762351
22025,0.02699358810893054
22026,0.6321297586858148
22027,0.1626425831972905
22028,0.11665676519357508
22029,0.008557858926218744
22030,0.012917362659787192
22031,0.0010705034901630705
22032,0.35870720263157435
22033,0.08158493681800773
22034,0.6759061298894521
22035,0.2928522172324024
22036,0.25034735919636564
22037,0.07446534053620088
22038,0.08408628313966958
22039,0.18297140319641506
22040,0.0179665620941444
22041,0.22172707358720936
22042,0.007380926451336344
22043,0.16703236611120525
22044,0.0322199246240083
22045,0.09157514227814104
22046,0.08201724413204455
22047,0.3514596009695185
22048,0.023220771252119903
22049,0.02756074894245353
22050,0.04565704535873725
22051,0.05939509022382821
22052,0.01702326598669825
22053,0.014387897408068166
22054,0.16941337091651165
22055,0.12421657279634567
22056,0.504010109659993
22057,0.4576252395402676
22058,0.03655804935953459
22059,0.7505233509036998
22060,0.004363073163306676
22061,0.12655884058531897
22062,0.021014623473509738
22063,0.5490291697049786
22064,0.013986114126289924
22065,0.028486529733432575
22066,0.3724865249696995
22067,0.1042061123207434
22068,0.03895410814920813
22069,0.004941615157910362
22070,0.12621361389721156
22071,0.03199007515037797
22072,0.11153607569567783
22073,0.013575057513016848
22074,0.7837078994457408
22075,0.9897705309726615
22076,0.016648942620584285
22077,0.058856025956914575
22078,0.03438823229869497
22079,0.0016865378574343515
22080,0.10701880757852832
22081,0.006620502977989114
22082,0.9822581546148176
22083,0.7729182827542059
22084,0.005130405219131962
22085,0.5610709552659606
22086,0.01569475671020603
22087,0.004880830675765847
22088,0.0025914223528598597
22089,0.0015651397116253237
22090,0.02403706420462654
22091,0.0308485882077928
22092,0.002760284038147166
22093,0.13950846381607704
22094,0.07209218555940924
22095,0.00700821077456314
22096,0.007042985653180224
22097,0.5864392954038092
22098,0.17362450413933808
22099,0.034535277013252985
22100,0.04442892147436579
22101,0.013984423262388447
22102,0.018212719016056648
22103,0.671149174051849
22104,0.01060106174958756
22105,0.0024950551308393757
22106,0.022654751937018134
22107,0.09897547188256817
22108,0.6006597659920517
22109,0.097087410282423
22110,0.0507663024624347
22111,0.2579605330646465
22112,0.02324867673834408
22113,0.8584757017410423
22114,0.09607695242700139
22115,0.48649794512675293
22116,0.10669497494999455
22117,0.1097688935370786
22118,0.1522834790516502
22119,0.0025929963733075725
22120,0.012646764050086072
22121,0.2485089566878265
22122,0.15738004574016592
22123,0.6134313534428412
22124,0.13814887212935212
22125,0.059564672725834204
22126,0.6307365149635734
22127,0.879630413853747
22128,0.01968811321370296
22129,0.02547333127904326
22130,0.021940963160771182
22131,0.05644856377863375
22132,0.024127026738074233
22133,0.06480099531021466
22134,0.18355398242206342
22135,0.23211546486615242
22136,0.000585852705731696
22137,0.923422564690416
22138,0.24180690385207004
22139,0.5367104221621664
22140,0.14365764568045913
22141,0.048431111962380355
22142,0.23575413740665455
22143,0.0753943720955508
22144,0.1625546552459229
22145,0.8898070289860419
22146,0.08950154844939671
22147,0.08099117066302716
22148,0.0038546776185261326
22149,0.011829745413037556
22150,0.01269443179607277
22151,0.3589936236865619
22152,0.003247692839986015
22153,0.0731138760137111
22154,0.04437885820320288
22155,0.0077150512221677665
22156,0.049509689763250944
22157,0.008850182712002637
22158,0.36311976355642095
22159,0.6703903457478421
22160,0.056919759415983595
22161,0.021055175548198198
22162,0.018889637480398548
22163,0.09665702514594217
22164,0.04418262001014905
22165,0.04022524389142781
22166,0.2757126442050666
22167,0.34406889039933714
22168,0.08531083713180039
22169,0.11204395157833032
22170,0.034643023590176625
22171,0.6138770444437815
22172,0.13459095024692924
22173,0.02782431873126478
22174,0.7351311001933605
22175,0.00867216754886484
22176,0.003191862462528398
22177,0.4018943507046672
22178,0.008278404245160574
22179,0.010823516517478206
22180,0.015016583919751162
22181,0.012857818905822974
22182,0.09040221947857155
22183,0.6699872467273311
22184,0.18474250633263992
22185,0.01422469372946115
22186,0.9349019965858717
22187,0.8715360887929006
22188,0.03610975673388744
22189,0.18429279401052845
22190,0.0017981356400027626
22191,0.6506417026401933
22192,0.14936836257131136
22193,0.5995119404234973
22194,0.10933593643203762
22195,0.0234175994670309
22196,0.02629557051488353
22197,0.10549159313326746
22198,0.1692737879123371
22199,0.033632753638702426
22200,0.7300696862271738
22201,0.09523715540214985
22202,0.0024480185581498073
22203,0.006720820835125457
22204,0.01290097180472823
22205,0.07357034633234369
22206,0.06248297299836921
22207,0.7087422946841445
22208,0.008397060049382246
22209,0.20336817472282553
22210,0.03866470229568431
22211,0.5765909290883273
22212,0.06460179338370892
22213,0.03839570461168297
22214,0.09214534649262628
22215,0.016862904760125818
22216,0.7815674096991903
22217,0.007576399101094901
22218,0.0053868848763113375
22219,0.01510861459606753
22220,0.7531422218259568
22221,0.003374752416465562
22222,0.077316177068754
22223,0.43695116723375965
22224,0.05844834860075986
22225,0.05643495610237462
22226,0.005362447955782681
22227,0.009535106576147877
22228,0.7890430482505911
22229,0.05588862430764094
22230,0.8300866423230392
22231,0.673983731127071
22232,0.11749191407313207
22233,0.0144325217443988
22234,0.10307937838732148
22235,0.010312206279941925
22236,0.061192132965370946
22237,0.024698674952295958
22238,0.7484261924196082
22239,0.06514932916274056
22240,0.005032699060643312
22241,0.10601863638309401
22242,0.06311740729621958
22243,0.0160198492162059
22244,0.009125147202932934
22245,0.004593521572536037
22246,0.3118640487446205
22247,0.051532267953581685
22248,0.03622871301069498
22249,0.005816960593488594
22250,0.04656583641465834
22251,0.033384416186767754
22252,0.9292122723435677
22253,0.010334162240606787
22254,0.06257210853127276
22255,0.00593998902869527
22256,0.045538739593058715
22257,0.07996900618618254
22258,0.07425531319559736
22259,0.007656797636593571
22260,0.014774592351980196
22261,0.009570020943368857
22262,0.5007407964847659
22263,0.9930481653071045
22264,0.02191360859857858
22265,0.0007177711797570633
22266,0.015048020187606238
22267,0.04643187162640183
22268,0.2595017094261351
22269,0.010509926424535002
22270,0.016592071915194604
22271,0.006990523570022108
22272,0.07438856121834246
22273,0.5927440150298733
22274,0.059385334309832956
22275,0.2957907047789176
22276,0.14648168872289835
22277,0.9500013681839238
22278,0.383678492252713
22279,0.004595248988791886
22280,0.7613811580725113
22281,0.5855159873184304
22282,0.2085361103532314
22283,0.6634741341579862
22284,0.15111518385135475
22285,0.018335612936150852
22286,0.013869949336146221
22287,0.11294241724563099
22288,0.08404484001076072
22289,0.02824729828383777
22290,0.004511129134440779
22291,0.06509849088652306
22292,0.09533942418794861
22293,0.9999999999968034
22294,0.018730370980543965
22295,0.19716390407245482
22296,0.9025267859428768
22297,0.8869710563139563
22298,0.945922087083937
22299,0.1561456968717955
22300,0.022045024507947965
22301,0.05065628000316606
22302,0.04606944852888109
22303,0.8007801041507167
22304,0.013857781514470934
22305,0.033994565384219994
22306,0.030275271116992325
22307,0.0014907851964968113
22308,0.8417910962838958
22309,0.1738450664389516
22310,0.9266485781975413
22311,0.03483628652704991
22312,0.9198049820070813
22313,0.001258641048685497
22314,0.022532952702199606
22315,0.036541030395886305
22316,0.07385940135093536
22317,0.3325093177599799
22318,0.9719511495790102
22319,0.4410156047879886
22320,0.13211563990760078
22321,0.012598340369866706
22322,0.047088206563629345
22323,0.0027100001813541016
22324,0.008094182191140312
22325,0.1228022104121892
22326,0.6704873118405027
22327,0.13550422546739976
22328,0.03192364570457706
22329,0.37598590672819354
22330,0.5636309114069988
22331,0.29098136343802894
22332,0.010842582725910916
22333,0.12459864330305959
22334,0.2633717651274071
22335,0.13487839585181652
22336,0.27285007856508336
22337,0.028797082918464997
22338,0.04907204530511452
22339,0.2433534051683063
22340,0.12552816483081786
22341,0.004389144364764257
22342,0.024727008004370533
22343,0.014920171149034295
22344,0.05731280008739526
22345,0.009992035528600311
22346,0.6448808367992613
22347,0.7409459320082991
22348,0.8849873314323299
22349,0.9498356398263551
22350,0.08604521576121574
22351,0.10243594282730044
22352,0.09178950114686844
22353,0.01294553838993474
22354,0.026947851068525635
22355,0.056332774872547633
22356,0.29891322912948937
22357,0.009066830600883275
22358,0.020234554532811245
22359,0.01847331305904233
22360,0.6222758043338472
22361,0.007908240736630328
22362,0.07592350976563475
22363,0.5365667158292934
22364,0.0070787921732281866
22365,0.08482557248598112
22366,0.08679855581480288
22367,0.08661907499466218
22368,0.2594991584686265
22369,0.009032622295414206
22370,0.006909602325461097
22371,0.9855803508084116
22372,0.7775793311284735
22373,0.19498913965531148
22374,0.999999656047514
22375,0.3210702572388968
22376,0.5412011711621064
22377,0.05490583643452094
22378,0.536296353069257
22379,0.8231758307476894
22380,0.0393512533168043
22381,0.8883119038696076
22382,0.05439481284650484
22383,0.9916452166729091
22384,0.131049121267642
22385,0.6799912649123623
22386,0.054071955143646724
22387,0.9809631417681773
22388,0.03348923557411185
22389,0.52047436527711
22390,0.005725028570829283
22391,0.0016792170151465054
22392,0.05482176025833589
22393,0.29740110954127064
22394,0.9772191377484062
22395,0.02178473541491442
22396,0.07808662529524475
22397,0.7274308666015691
22398,0.054876233025180195
22399,0.568536480745105
22400,0.41749504982427926
22401,0.12733403014501893
22402,0.020375913990590674
22403,0.16190047626666382
22404,0.030108127259842535
22405,0.25079824390275307
22406,0.033523908147042036
22407,0.030137807851151527
22408,0.011746981583337727
22409,0.06765571293994199
22410,0.40659840393823615
22411,0.5539280673293112
22412,0.6183718865231634
22413,0.045030631444254045
22414,0.04408736416748073
22415,0.2665097683677345
22416,0.03460608786681077
22417,0.22710020071481649
22418,0.6357884395447501
22419,0.026828798907101287
22420,0.7151319698846111
22421,0.9296913882936115
22422,0.3693430033214937
22423,0.009352358676588327
22424,0.01594042887813109
22425,0.8501205656927944
22426,0.5423991415685901
22427,0.05606171004705313
22428,0.39070691863357127
22429,0.019564914974295532
22430,0.9934475034619006
22431,0.014470401913310381
22432,0.6235078229897807
22433,0.03133685852079343
22434,0.03869704597884256
22435,0.17535081319243107
22436,0.2675567243751929
22437,0.0201803349893791
22438,0.08566056380860701
22439,0.004854746315469105
22440,0.01595520962419403
22441,0.006480981179297538
22442,0.1735825775370803
22443,0.03964137783347123
22444,0.003979934739155651
22445,0.008244766141430975
22446,0.05894127109387378
22447,0.0051030726089834584
22448,0.5031970342483516
22449,0.04925242629161995
22450,0.37260631419995194
22451,0.19097965986537274
22452,0.30738522758784437
22453,0.04904482966085247
22454,0.005735694610373949
22455,0.005424456738775095
22456,0.9070989861084426
22457,0.36581212922227624
22458,0.02980396043079109
22459,0.01873839725655933
22460,0.04209676069433069
22461,0.001328496861899394
22462,0.11594714230955233
22463,0.014861434922653325
22464,0.1942001950378434
22465,0.8062794616239353
22466,0.1388300636977966
22467,0.036596746894221814
22468,0.008097777760598251
22469,0.0193477248338829
22470,0.5640865821197293
22471,0.596577023118514
22472,0.8469398700730566
22473,0.027199018267391215
22474,0.02486655986572064
22475,0.03626017172862295
22476,0.010281788567535905
22477,0.016309739109441022
22478,0.26477198575279154
22479,0.12552893791134806
22480,0.172994023734808
22481,0.19291466457583692
22482,0.17625831417008417
22483,0.018438880441759183
22484,0.4145685433187245
22485,0.003178686230839268
22486,0.7891721052330688
22487,0.8755047503484394
22488,0.9599779004266061
22489,0.982051458513532
22490,0.06673505014688767
22491,0.000927238852955229
22492,0.0832243041077063
22493,0.04987615143132299
22494,0.021211705507087487
22495,0.6633282917865436
22496,0.06451092643349558
22497,0.02786891393862489
22498,0.2585500030295698
22499,0.009734774213587451
22500,0.016325253682216375
22501,0.005390300461537886
22502,0.007385465609166137
22503,0.010969876580265025
22504,0.056715431862718775
22505,0.015559206721850419
22506,0.9725812234954244
22507,0.4563217527319101
22508,0.011548444704071964
22509,0.9103802070020802
22510,0.027557329155755424
22511,0.8314550564685294
22512,0.05061768648730173
22513,0.05041156249411058
22514,0.08632129398317863
22515,0.7200472068860729
22516,0.013246838040544
22517,0.7397696157491613
22518,0.03551962646620632
22519,0.019247930087224963
22520,0.9958761844880758
22521,0.016102409059763064
22522,0.015537519274251661
22523,0.25125998617966266
22524,0.10502534860490502
22525,0.07446354670898551
22526,0.03579858943431668
22527,0.9854582063427478
22528,0.007417545247300874
22529,0.9698501492045036
22530,0.11447437966273177
22531,0.2637323176739464
22532,0.10101005099227275
22533,0.02905419318578135
22534,0.08792111395623169
22535,0.6360084525306549
22536,0.49447681458235176
22537,0.03179920299963849
22538,0.04904959739120727
22539,0.463514785344759
22540,0.00268977788057195
22541,0.003440906278976058
22542,0.017415852831680876
22543,0.005051584584804445
22544,0.08992211333621754
22545,0.0049182850893759456
22546,0.827716879318095
22547,0.011840086356976642
22548,0.6346710257799641
22549,0.012001205528622997
22550,0.2064877399181842
22551,0.7632216039252185
22552,0.1776844949956349
22553,0.05469611839836466
22554,0.46724177169046255
22555,0.5574595453326898
22556,0.008363872159722924
22557,0.07324482132494578
22558,0.3517601461124891
22559,0.049430843457755815
22560,0.1298278606003466
22561,0.08902869845746182
22562,0.005379103615088554
22563,0.027010421530984367
22564,0.9895293049712126
22565,0.20004929354980996
22566,0.28232051440283695
22567,0.0029829201128519943
22568,0.16414528839463505
22569,0.05414016847822958
22570,0.005030249908285818
22571,0.025699087169680324
22572,0.06746510521479633
22573,0.10051660028540399
22574,0.004023048443585105
22575,0.09641306446400368
22576,0.6194530307028929
22577,0.3031320763272837
22578,0.11558812615212163
22579,0.003313869506543491
22580,0.39245241788088603
22581,0.015061274868977799
22582,0.5296741124889134
22583,0.47058975325374663
22584,0.9833776900008783
22585,0.04477857872870658
22586,0.00641372992883911
22587,0.03405483143683003
22588,0.07574808668484001
22589,0.07852143429576854
22590,0.9952598402070412
22591,0.009918589592898071
22592,0.015340737146224465
22593,0.027465684582199276
22594,0.2549650221147966
22595,0.6820505656166811
22596,0.08096245593200645
22597,0.5478985995378673
22598,0.2320407150262973
22599,0.057649030984416885
22600,0.01803803133963048
22601,0.056471937033933724
22602,0.01862125610084998
22603,0.9758575155667857
22604,0.005935016665324967
22605,0.011543653863382535
22606,0.06676150748931385
22607,0.1107826808888419
22608,0.8033835755762563
22609,0.014233939591181782
22610,0.062497828969739
22611,0.015651954462597033
22612,0.9158854239377066
22613,0.0650540283722298
22614,0.903869386649872
22615,0.04553995260642907
22616,0.15650327981183823
22617,0.029500186517030756
22618,0.014396494105397591
22619,0.9980531382441974
22620,0.9472089495004291
22621,0.01029924322951056
22622,0.016631209724273847
22623,0.04083957138124037
22624,0.34855015360562375
22625,0.008020383178408036
22626,0.022912834798924076
22627,0.9080578947541726
22628,0.038671231339658184
22629,0.07648642594534313
22630,0.8500530167971398
22631,0.03429741204994635
22632,0.9533401148350171
22633,0.02763581474177071
22634,0.6741829888921137
22635,0.18047426960400612
22636,0.3348663792623154
22637,0.9032999442262688
22638,0.15405322683027403
22639,0.018713603196063675
22640,0.4729101953758662
22641,0.12157286393570682
22642,0.001113315859820498
22643,0.016001115739510324
22644,0.005142559523772498
22645,0.017111105544322484
22646,0.002874400274511441
22647,0.1732184190911292
22648,0.02320453664525874
22649,0.9280480532630045
22650,0.005183515306676644
22651,0.012565748094080585
22652,0.006526837591078149
22653,0.07199745608527086
22654,0.6127211978141767
22655,0.06084238561166444
22656,0.5831927168685878
22657,0.01193519331834719
22658,0.005275561547829075
22659,0.7725602216676221
22660,0.015715995529482808
22661,0.021859517686123958
22662,0.8947441267013815
22663,0.1290379420986943
22664,0.0044627773949132985
22665,0.01119048626740248
22666,0.0050411134000784485
22667,0.058323984050685056
22668,0.0412961784179664
22669,0.05813042872335123
22670,0.007266374333372778
22671,0.03544649699770162
22672,0.16448489665027796
22673,0.023993931660934116
22674,0.03239978908853624
22675,0.09546598204718813
22676,0.0210310097349411
22677,0.5146090622278933
22678,0.008421203698390731
22679,0.05293547157316697
22680,0.11727224549477536
22681,0.004651025923629829
22682,0.23451402699155063
22683,0.0030275208291626636
22684,0.012404473326469646
22685,0.21944390158369653
22686,0.5890884799353128
22687,0.1606822802697871
22688,0.03671488526883695
22689,0.1462977396926181
22690,0.04751727807114514
22691,0.0096640720593727
22692,0.9858297713064124
22693,0.4917092921308581
22694,0.8112648596649634
22695,0.6839868838179755
22696,0.47134313482388346
22697,0.04687631785862962
22698,0.003336077681144066
22699,0.015074721990446792
22700,0.010911733277131182
22701,0.2402153740730781
22702,0.004068447732196878
22703,0.08267653532906767
22704,0.003903275273313864
22705,0.061954459171058615
22706,0.16366471151599238
22707,0.05793523548516634
22708,0.06940768494736452
22709,0.029636133626977756
22710,0.7763349448688494
22711,0.10973866019264991
22712,0.0017956442255396875
22713,0.5027894994260024
22714,0.04320585931687662
22715,0.12172692512848364
22716,0.009693478929534788
22717,0.10366854828500965
22718,0.04743867414234674
22719,0.07155609271363272
22720,0.0988014980534288
22721,0.04300828691746235
22722,0.09180898342786857
22723,0.037368619463820835
22724,0.4221114681713283
22725,0.03190466761642029
22726,0.3290498818513367
22727,0.020917127426532216
22728,0.027322577162510457
22729,0.0018800433395430411
22730,0.02140315696699963
22731,0.3241859029693
22732,0.050310075149455326
22733,0.5669424852032448
22734,0.03713298481248425
22735,0.0018426710396871242
22736,0.06919443614996464
22737,0.03413412110890624
22738,0.0053453141432649315
22739,0.0024612750551706473
22740,0.005197241442016221
22741,0.0183227718984453
22742,0.004219981301990771
22743,0.0036709277182028475
22744,0.030451040602335718
22745,0.016429015762870976
22746,0.02260618402673741
22747,0.02939259741446023
22748,0.43757746316421253
22749,0.43088511534654944
22750,0.03447964126551608
22751,0.0037903434079165042
22752,0.004814517344024342
22753,0.42895818656592605
22754,0.1988562748369481
22755,0.1078619635935077
22756,0.0027474625342596495
22757,0.01619941304086151
22758,0.8070453792900961
22759,0.15975302960754592
22760,0.0017549335943141064
22761,0.025675190237193748
22762,0.14695735774988092
22763,0.5446822659460635
22764,0.09008194421246146
22765,0.9161264407624051
22766,0.1800917930375409
22767,0.05779711360565348
22768,0.060593809282575045
22769,0.001806682518922157
22770,0.4708038317113135
22771,0.04829614732132273
22772,0.006556576414319723
22773,0.45297007846078646
22774,0.4279246865562491
22775,0.03785816658135599
22776,0.6915912504859901
22777,0.007871240658442961
22778,0.10552056709590832
22779,0.006459177783344413
22780,0.09345362883120281
22781,0.5615494752473663
22782,0.01077207496110878
22783,0.013202454381385016
22784,0.043467860210086445
22785,0.014527094321288252
22786,0.09875653850621954
22787,0.48671739514531837
22788,0.008823159338562238
22789,0.7679742304354721
22790,0.04063395371067986
22791,0.004202972884291284
22792,0.10783580565163818
22793,0.018508752640363765
22794,0.0015571473353333885
22795,0.42169223871150785
22796,0.5579226977911433
22797,0.0023425093190922943
22798,0.010045929398834108
22799,0.10533756218154376
22800,0.03641072018739553
22801,0.0023643172835369278
22802,0.07135639875234538
22803,0.10707399809648109
22804,0.024591651648526152
22805,0.013810033148227614
22806,0.016901074536119727
22807,0.0385703760828767
22808,0.07412451309043935
22809,0.07896028618639725
22810,0.0730747671313367
22811,0.01722949640796888
22812,0.008364326421758304
22813,0.006008736333582048
22814,0.8756239965288848
22815,0.6733575392625726
22816,0.045947341795155534
22817,0.013577121279232053
22818,0.1165595365843302
22819,0.017008272972053314
22820,0.04106636631566979
22821,0.02749037004444207
22822,0.5675070284783373
22823,0.00323430390125211
22824,0.012030373003877083
22825,0.03073622142100698
22826,0.29145005741125757
22827,0.09799059963236839
22828,0.023759513307995816
22829,0.1100812611366544
22830,0.0021272013956953905
22831,0.017178101939611914
22832,0.012559924018388976
22833,0.361248091640141
22834,0.7958706651192647
22835,0.9480241851050999
22836,0.05092127437415718
22837,0.11719255616650558
22838,0.44731526116657716
22839,0.47705621245533775
22840,0.7246927409972477
22841,0.04636404649681095
22842,0.0045651698002179
22843,0.012171175923412375
22844,0.033405052983101056
22845,0.5657588141902699
22846,0.8122441423673014
22847,0.0075463205586233035
22848,0.5936628598847533
22849,0.02664337196561061
22850,0.026162496980048952
22851,0.14124096398210487
22852,0.0025130034618201886
22853,0.529200229752099
22854,0.11108743510087006
22855,0.02153699077418961
22856,0.005249876005214648
22857,0.5057088991942019
22858,0.929958470206595
22859,0.02425155502986655
22860,0.035528181541239365
22861,0.02634636547138618
22862,0.929397924217348
22863,0.02140377072057492
22864,0.1061111594223445
22865,0.25968565641058283
22866,0.02846839245379559
22867,0.002898480248048814
22868,0.02750818841579599
22869,0.8870721475924342
22870,0.006747084616797423
22871,0.04660449353643453
22872,0.014019207953495072
22873,0.02652445239050742
22874,0.11447949121583632
22875,0.313554916077233
22876,0.5474167772945339
22877,0.9897120511260772
22878,0.028106534241649446
22879,0.05329166783466493
22880,0.9926437099205437
22881,0.1162643452207735
22882,0.2944458270265042
22883,0.08276076262548716
22884,0.020628889206381406
22885,0.7594551625773022
22886,0.0984566224656755
22887,0.11779752413975596
22888,0.06427295421109105
22889,0.0014441794587718181
22890,0.0882577203553256
22891,0.007137010300243727
22892,0.18436855860019452
22893,0.5858148477008055
22894,0.30479846076847045
22895,0.045072183476108085
22896,0.2200938714458077
22897,0.0026778966534254677
22898,0.15005235337691578
22899,0.8745738771958648
22900,0.07718253284147909
22901,0.3564841317887554
22902,0.03828866075187153
22903,0.8410820049571025
22904,0.2821132893490257
22905,0.1311761129790195
22906,0.06479875581512284
22907,0.1527074242130343
22908,0.057506129410613255
22909,0.11928833368325918
22910,0.47424535789627853
22911,0.05786132186788533
22912,0.03600214556504991
22913,0.007092744128909052
22914,0.01638972403550063
22915,0.04977973076611015
22916,0.08060525845216376
22917,0.014511710604953869
22918,0.010805514005655404
22919,0.922775050877552
22920,0.01112928867534379
22921,0.9116045297186578
22922,0.4458384967366122
22923,0.14215484987510071
22924,0.02586153598286189
22925,0.03817191716322405
22926,0.031051795489483648
22927,0.019444002591053774
22928,0.06642297523495738
22929,0.026580590707527794
22930,0.041756996649151855
22931,0.03152824456768203
22932,0.05513758031640843
22933,0.912447788079908
22934,0.011335794075580906
22935,0.018025693297709786
22936,0.8283223854701284
22937,0.059487862714749214
22938,0.04357598207633474
22939,0.05427022645160261
22940,0.05937074500465802
22941,0.9881985748575811
22942,0.004991879855712344
22943,0.006794975042062027
22944,0.025542106274388136
22945,0.06280929054379336
22946,0.013448970096749086
22947,0.19737481302451704
22948,0.005327727572238891
22949,0.08893098841836967
22950,0.03730225860516689
22951,0.03818997239375907
22952,0.12860673417606996
22953,0.893308391399576
22954,0.014735058647830927
22955,0.013340491079017084
22956,0.1384232414425783
22957,0.006572139934063958
22958,0.03449516200570127
22959,0.030936891358607086
22960,0.2898485664636128
22961,0.0025688719707775043
22962,0.3193697807117403
22963,0.16761222081823535
22964,0.006300175303217833
22965,0.010547144115107479
22966,0.060594528600110914
22967,0.002070564010154433
22968,0.9302812089017103
22969,0.019622364942285236
22970,0.10588341933825052
22971,0.04812128231667379
22972,0.0125955859175468
22973,0.012919058429677062
22974,0.31332742922222245
22975,0.045081715508477185
22976,0.009648874320072099
22977,0.0034997837003436804
22978,0.02475732588017015
22979,0.5636354899413564
22980,0.25156897187342014
22981,0.012830664698331095
22982,0.36104510352377744
22983,0.0054419388371196
22984,0.04459436508661214
22985,0.020567279879875444
22986,0.009209608261641453
22987,0.014563683622576656
22988,0.2789110623083147
22989,0.7220300652415481
22990,0.004295216553128097
22991,0.021048477506172177
22992,0.021726987105796843
22993,0.012763818637587524
22994,0.005477555583652291
22995,0.005070568481720013
22996,0.009338751845499782
22997,0.02815682207496742
22998,0.03353507133679603
22999,0.04076682557807442
23000,0.047111097845572616
23001,0.3097006538448518
23002,0.48539306149508105
23003,0.10058417459066611
23004,0.34737994042024045
23005,0.016672072992246312
23006,0.004944573498130272
23007,0.11019674729926754
23008,0.057833049038587256
23009,0.9935132813419207
23010,0.0060626324776410735
23011,0.013172707518545641
23012,0.3023376985137042
23013,0.9628321601887337
23014,0.005030617766226867
23015,0.562539667996685
23016,0.36274696163986836
23017,0.8033190762699205
23018,0.14125061334470645
23019,0.0016803777399767342
23020,0.0027524601886541613
23021,0.961100427113654
23022,0.011654981190701678
23023,0.10948176853002975
23024,0.8748009253372068
23025,0.0738332891124893
23026,0.5437806782160454
23027,0.08313211869876863
23028,0.06126422161156349
23029,0.308282422844477
23030,0.06464430447490234
23031,0.19544522127658207
23032,0.2835325513009404
23033,0.11625369065660165
23034,0.015920678251375515
23035,0.026052691945088448
23036,0.14135368872792192
23037,0.12022366609564202
23038,0.0051558820330112965
23039,0.08619431700910256
23040,0.9935044632922536
23041,0.024909995133260962
23042,0.20213314880816627
23043,0.18791451462735445
23044,0.008185504192094224
23045,0.9993386064187835
23046,0.01084651822167342
23047,0.020315646840168195
23048,0.028067507842374752
23049,0.012616669196110483
23050,0.9916380432052939
23051,0.06062778900004517
23052,0.07785876826994215
23053,0.004140686886111823
23054,0.007728580135081135
23055,0.6065063972407893
23056,0.10859457702716967
23057,0.6447781232370626
23058,0.056968780076197566
23059,0.003256805747393438
23060,0.09678733763542735
23061,0.008136046172382994
23062,0.037881831263703605
23063,0.08875002425121777
23064,0.894681535452341
23065,0.018140722866798086
23066,0.3647965961665406
23067,0.28675220887062713
23068,0.8080660664393858
23069,0.008079491105417086
23070,0.011213235204995054
23071,0.904718267973344
23072,0.00839230616395325
23073,0.4904134168923593
23074,0.018613890442196905
23075,0.018644180918295734
23076,0.06011249735225761
23077,0.043670911515785275
23078,0.06549614852014475
23079,0.05425850236299363
23080,0.020498068462797874
23081,0.2206832657315265
23082,0.00468485783262468
23083,0.01585236004719738
23084,0.5765949605882071
23085,0.032021431048404284
23086,0.004593389929158529
23087,0.5129051407950848
23088,0.01829249546324074
23089,0.13470055799679767
23090,0.009927701569780728
23091,0.17933587875206128
23092,0.0013305767982909362
23093,0.19787068884287892
23094,0.3752803152149626
23095,0.008444538077438227
23096,0.07250072391366136
23097,0.048368453362371236
23098,0.255892747410962
23099,0.0008066022554648105
23100,0.03119223808193948
23101,0.8807104149652788
23102,0.026453330942787807
23103,0.017436368211624788
23104,0.02714363625052393
23105,0.5715555471776242
23106,0.0033175220592095277
23107,0.014192365650321124
23108,0.004839059448918873
23109,0.7047203453608748
23110,0.38365904790430577
23111,0.0015754536373381901
23112,0.1795853524640658
23113,0.03308459867187815
23114,0.004632789045745093
23115,0.361047571158829
23116,0.0497016202364185
23117,0.926610804661112
23118,0.008249710680989324
23119,0.014894368937692415
23120,0.018328834054959473
23121,0.016269899562654833
23122,0.002587837885110671
23123,0.140951109659241
23124,0.9870283150554281
23125,0.1283853300670483
23126,0.10680674838990924
23127,0.014379151992671396
23128,0.062222920887306535
23129,0.9221021161708204
23130,0.010476345663167614
23131,0.04721327817002353
23132,0.03029115648685902
23133,0.5025115157067048
23134,0.4780857809814611
23135,0.577462342916994
23136,0.10825714083370003
23137,0.11904587472312322
23138,0.2771264221179487
23139,0.0023571219555256163
23140,0.6250419868566675
23141,0.07217384426269588
23142,0.4020161200850188
23143,0.029484981660976975
23144,0.9188940170381958
23145,0.03691862547671136
23146,0.8055242933758441
23147,0.13431208554454688
23148,0.014503332176893702
23149,0.006585799088433387
23150,0.03723823465571788
23151,0.007181448682028398
23152,0.007134552977398109
23153,0.025811367273987553
23154,0.5161287420763131
23155,0.04207467617611302
23156,0.010523551537397693
23157,0.1510818072981158
23158,0.10866228015780278
23159,0.11327963686897083
23160,0.11252077915863147
23161,0.06439382774140207
23162,0.9902695426080887
23163,0.16307143700793478
23164,0.004019108804385679
23165,0.008843224615529234
23166,0.9877304189959649
23167,0.06016745258098162
23168,0.3660601529163125
23169,0.1684157124314349
23170,0.05511942908614735
23171,0.44990556535114323
23172,0.33422091637270945
23173,0.03878381030615036
23174,0.004294128518236732
23175,0.0036190344505755965
23176,0.23423149311724076
23177,0.06149130849578468
23178,0.8932405370245777
23179,0.005184015014018469
23180,0.03953970287471045
23181,0.6034448195885972
23182,0.3903200386565498
23183,0.8351870339880262
23184,0.15457970045229602
23185,0.028314467295723695
23186,0.011964103868688888
23187,0.8544140460167817
23188,0.03443647833255132
23189,0.07782024420535025
23190,0.06428241200390485
23191,0.06623539487386325
23192,0.1686803776568577
23193,0.00631614743011801
23194,0.0026021967890595215
23195,0.10024218428848311
23196,0.03729859200313058
23197,0.3368957376139349
23198,0.08717515228482485
23199,0.1409253045583923
23200,0.7807163637407825
23201,0.02480398432666161
23202,0.5755909437428385
23203,0.27683774231859465
23204,0.09361100208300502
23205,0.00952152739259857
23206,0.9298447490306948
23207,0.15172976566948976
23208,0.7998183502515932
23209,0.0008070510985676144
23210,0.3766832817376861
23211,0.07498470988759667
23212,0.40838480708672165
23213,0.2068406238731321
23214,0.053176774746525136
23215,0.0076266011701501425
23216,0.10168287634681351
23217,0.08274450980106766
23218,0.6512171591673674
23219,0.007638782394390369
23220,0.038056966282869954
23221,0.04642088415208606
23222,0.013485691066845072
23223,0.12977583332509238
23224,0.5012830893673854
23225,0.08678096712092752
23226,0.02957118177656047
23227,0.008185054668736159
23228,0.04042009508060859
23229,0.060963449545636775
23230,0.08324823432852828
23231,0.06660690750963799
23232,0.011658099247909946
23233,0.01946522181872303
23234,0.007973775083786444
23235,0.2192026556934376
23236,0.19626994802198375
23237,0.0996957522821567
23238,0.016048924137904527
23239,0.139415076766233
23240,0.6943186284139209
23241,0.014983855102261303
23242,0.06115283150635745
23243,0.18754325981060221
23244,0.04200463136083127
23245,0.8393113370247991
23246,0.5420691637703436
23247,0.4200631641479909
23248,0.00983322951854748
23249,0.4014195821213514
23250,0.5589437133826896
23251,0.017199133981411232
23252,0.008768451767226222
23253,0.06343380771094093
23254,0.1489704069052157
23255,0.04667480577241837
23256,0.07073946573919843
23257,0.010272306391883444
23258,0.053814976951378976
23259,0.3311979203353965
23260,0.9471431938294143
23261,0.8980056269369912
23262,0.025515441682050333
23263,0.05774261798454224
23264,0.005595975937499234
23265,0.04254657258315564
23266,0.05118108952508439
23267,0.14223270377257044
23268,0.7831491654820998
23269,0.01595462847415234
23270,0.7011924645597556
23271,0.2917800083940663
23272,0.005409165863391525
23273,0.11151814147693821
23274,0.06975924394224903
23275,0.013361698248115419
23276,0.7663018818091228
23277,0.08684966263122516
23278,0.07995013647407509
23279,0.6624676251364772
23280,0.6805372567930545
23281,0.44153704866139654
23282,0.9870441032360646
23283,0.025196243219637437
23284,0.8306558375682284
23285,0.0014118559231350847
23286,0.0023605828082894024
23287,0.024964708204246254
23288,0.05185352323188158
23289,0.042018598948462126
23290,0.003406474903555982
23291,0.07247109142341118
23292,0.1259669992268449
23293,0.010099903445081923
23294,0.08463089244331537
23295,0.042654755055891974
23296,0.2535561148598155
23297,0.21952306246282208
23298,0.17676235217501562
23299,0.034803059477351204
23300,0.015693307505367807
23301,0.724674899198943
23302,0.5828221347349959
23303,0.6155010183357479
23304,0.8851230960907768
23305,0.36412543395070135
23306,0.489654365158303
23307,0.0015640370348340106
23308,0.8224958565835518
23309,0.1794252578100131
23310,0.0018338791245646117
23311,0.3940242134679987
23312,0.17011192366874053
23313,0.008775006952289293
23314,0.36599058575067145
23315,0.017027772234104163
23316,0.6840356304421179
23317,0.49046114167606525
23318,0.03063233647459569
23319,0.4175062632997022
23320,0.7663414607765359
23321,0.041745581254627746
23322,0.6039937584559004
23323,0.004833004538380685
23324,0.14191494541330996
23325,0.009883697993012064
23326,0.010328737718479853
23327,0.006346727195097655
23328,0.9166734202394592
23329,0.21585905577123998
23330,0.023987030915785957
23331,0.0019567910690807596
23332,0.19216193010939311
23333,0.14821158398833884
23334,0.03014905133581092
23335,0.21651528114619828
23336,0.007309238669750072
23337,0.1500972890646921
23338,0.5607410291151971
23339,0.8259020219059496
23340,0.40144143553417055
23341,0.11355015897765398
23342,0.0054978405055748115
23343,0.0562524895852343
23344,0.06533677709683154
23345,0.32302420224192835
23346,0.37170404702947124
23347,0.09970561641948468
23348,0.027573740470952728
23349,0.016110604360780458
23350,0.26145802493471315
23351,0.9503641681004278
23352,0.032653346119313496
23353,0.06064472518102698
23354,0.21538410213047515
23355,0.6743106830876957
23356,0.04238541773104615
23357,0.1730761866536774
23358,0.9558959255211007
23359,0.038993050986084646
23360,0.019756948074380994
23361,0.01501288467451913
23362,0.07704437085472221
23363,0.0826696962844155
23364,0.41520893265382086
23365,0.4578624617741569
23366,0.013248162393215983
23367,0.002150102252866862
23368,0.1138445426463749
23369,0.09212999476840517
23370,0.08187293456502162
23371,0.16185059866154908
23372,0.039920697000612966
23373,0.012074534203478473
23374,0.015411109247934008
23375,0.00741217937393723
23376,0.8204821139524587
23377,0.00865674048520454
23378,0.9999999961852375
23379,0.6180923357022271
23380,0.004341054586545421
23381,0.26607427733657635
23382,0.01720717474631499
23383,0.6832972404519404
23384,0.006854478063579488
23385,0.10385623876650397
23386,0.08648037315353538
23387,0.2799219311865577
23388,0.7074527753070952
23389,0.5722837798267442
23390,0.9885468277043818
23391,0.021884979466966444
23392,0.008837120231800605
23393,0.10365254438060441
23394,0.0465475325214534
23395,0.009912925004717774
23396,0.32198834136066845
23397,0.6247411295323556
23398,0.023483439535978385
23399,0.14697412620990705
23400,0.16145434941503298
23401,0.020590555778361344
23402,0.06049480971215203
23403,0.30822808228540605
23404,0.04892677197576248
23405,0.5046482030787494
23406,0.9574982737094789
23407,0.011486611035663634
23408,0.20261095960968717
23409,0.19028274014464744
23410,0.029446145842497447
23411,0.1432543335305972
23412,0.09081554581073638
23413,0.05492639606378838
23414,0.04707110586782602
23415,0.022331392462063848
23416,0.005388825496662073
23417,0.023878671446227292
23418,0.030978329108747833
23419,0.0030104545845941657
23420,0.01069462082512781
23421,0.5620169304808915
23422,0.374706172763845
23423,0.07105322844115076
23424,0.006220858687563201
23425,0.13074457565859535
23426,0.06848433548840004
23427,0.01405678068831721
23428,0.056767556108109025
23429,0.009790194210194947
23430,0.07971241416911634
23431,0.7440190223214284
23432,0.0066555234795232536
23433,0.581071153633088
23434,0.02966115331666417
23435,0.007201331444514565
23436,0.6590918360608943
23437,0.06439407904084625
23438,0.21163568193925814
23439,0.25325494861808334
23440,0.2941648547495447
23441,0.026944572632962818
23442,0.26953434230322454
23443,0.13020053803723106
23444,0.09776201268769594
23445,0.06417221873144247
23446,0.047979294823693085
23447,0.010113450851712473
23448,0.22929786929807955
23449,0.391994253808302
23450,0.02982245787284259
23451,0.009689530618729118
23452,0.011545341079449541
23453,0.9161558840619753
23454,0.9467931275003956
23455,0.02741348061940538
23456,0.017957280041764476
23457,0.978207903243458
23458,0.2910232169693837
23459,0.0909595305971552
23460,0.05409745765402793
23461,0.0946983074934107
23462,0.011746616715046315
23463,0.32745682065797055
23464,0.01611767617547799
23465,0.3276622726992385
23466,0.38744193487839423
23467,0.012729895867607999
23468,0.12056690681733791
23469,0.11533239838227485
23470,0.05938234976321764
23471,0.06631104750814502
23472,0.4563064289337588
23473,0.8004444474844963
23474,0.04957364746421412
23475,0.001381142588406108
23476,0.7320294952233787
23477,0.15003055158420903
23478,0.04085652094746034
23479,0.19016974655298322
23480,0.015470169695913602
23481,0.08965957284458867
23482,0.037290396421707485
23483,0.001369299568551874
23484,0.91057004500948
23485,0.0209943029320299
23486,0.01146227967632015
23487,0.0021480607338100104
23488,0.005756457648327751
23489,0.03583191847802332
23490,0.14363074969167122
23491,0.003397155645940502
23492,0.6107402198896851
23493,0.004453858080613202
23494,0.019845328915232458
23495,0.07689362597385929
23496,0.07074267692391209
23497,0.5663019820255212
23498,0.054820371981980316
23499,0.045539683199122154
23500,0.015165257499191818
23501,0.023415284976396458
23502,0.024157374552738368
23503,0.03921216905753626
23504,0.7993242193748519
23505,0.018754915544410698
23506,0.012319759247514588
23507,0.06506448858496558
23508,0.0898151823884972
23509,0.04654384068807506
23510,0.01955403664997171
23511,0.4847740047907518
23512,0.7341445109194875
23513,0.011755104798877775
23514,0.9956857741322319
23515,0.2750259391721868
23516,0.013333241452303598
23517,0.024359224628552233
23518,0.012687086986555912
23519,0.04161965592218823
23520,0.26959145046969923
23521,0.8193396647647356
23522,0.034645067663303976
23523,0.09916726189045953
23524,0.012440244190290222
23525,0.4886209552896367
23526,0.7916701895916841
23527,0.019908321644458347
23528,0.1460414652983849
23529,0.04423000693710236
23530,0.8172253751676112
23531,0.2355927369376043
23532,0.12592607225389765
23533,0.11772198252596168
23534,0.017298462179307646
23535,0.06684463603333796
23536,0.01926892569626032
23537,0.006944458141950048
23538,0.5201984344188552
23539,0.003438155302744922
23540,0.2413792487122229
23541,0.024057970794025822
23542,0.009801533968330462
23543,0.018497313904734476
23544,0.01014680912553074
23545,0.12885081136682475
23546,0.2529701220208626
23547,0.007430616537276887
23548,0.06104290048568149
23549,0.03076082801234652
23550,0.3274005698631009
23551,0.013413767065685556
23552,0.013682671867407507
23553,0.8218691131050158
23554,0.0465741968315913
23555,0.9480396144326998
23556,0.028921117070152783
23557,0.14396887737800282
23558,0.0032789632417453032
23559,0.032150166984172494
23560,0.041266076916990274
23561,0.9450117855969933
23562,0.004960456984877023
23563,0.2619117633461359
23564,0.041130221956340834
23565,0.44272630853129563
23566,0.06750687023500224
23567,0.4974179622227428
23568,0.08589471380609918
23569,0.6561965237946443
23570,0.9646176629986819
23571,0.6585705110398169
23572,0.009250509427198236
23573,0.007585012849081463
23574,0.02159766053479197
23575,0.01689676816219278
23576,0.06250584799009642
23577,0.012802150450180304
23578,0.0051216844613931264
23579,0.6257333510123951
23580,0.4479642508217952
23581,0.035530529621801664
23582,0.002215409596138108
23583,0.0032378591248133698
23584,0.015039153981676713
23585,0.012244288998460919
23586,0.049545974224887754
23587,0.002268470542455621
23588,0.006377264392512651
23589,0.40042783506022017
23590,0.001945960309989025
23591,0.059920481275487714
23592,0.030598529451237547
23593,0.010161095084758808
23594,0.04555800338796421
23595,0.8362887739042008
23596,0.1891755712933161
23597,0.8975984196498586
23598,0.2592275422711199
23599,0.004548019429747109
23600,0.10791632522717944
23601,0.0783048824365253
23602,0.038060910512330376
23603,0.030542385804102776
23604,0.06550993734375903
23605,0.007450234225780448
23606,0.688019053096298
23607,0.9500515353138699
23608,0.07267118801785342
23609,0.09151612509830477
23610,0.06572060823397008
23611,0.03673261710647786
23612,0.08438376967626543
23613,0.3735228795741763
23614,0.0019686556269003174
23615,0.8954128482837779
23616,0.15472075038188096
23617,0.004009395367480037
23618,0.8948998318858383
23619,0.023655580561108638
23620,0.04369837786880858
23621,0.18666068107721853
23622,0.04666526849845304
23623,0.033114254517840454
23624,0.1046206184981264
23625,0.9977218054946673
23626,0.018030182002495856
23627,0.007756410972389484
23628,0.017915429613541162
23629,0.011405375370136177
23630,0.062182854012143664
23631,0.9722093092541056
23632,0.08291903230268222
23633,0.7771342845357313
23634,0.05056205345022726
23635,0.07291341006257629
23636,0.09326639544486293
23637,0.0014733467931501202
23638,0.11422698408330265
23639,0.01457547672750569
23640,0.0005138183724440125
23641,0.010839576744855273
23642,0.08835951493890855
23643,0.05624877991722824
23644,0.07607821868941424
23645,0.0022609437790676295
23646,0.5532023891066652
23647,0.0016673297905534909
23648,0.3041158883248243
23649,0.10153958872896868
23650,0.8625136103565526
23651,0.07848708799177725
23652,0.04789626100768843
23653,0.9413166970035817
23654,0.03908479399476604
23655,0.5992276552440502
23656,0.10888587171776413
23657,0.1508871437247175
23658,0.6415719911209421
23659,0.05740089121781373
23660,0.06505814396007667
23661,0.0880321822483649
23662,0.15314953699924416
23663,0.015779509468630153
23664,0.9432965238329578
23665,0.008051673149586533
23666,0.073212951573895
23667,0.1272455017687615
23668,0.0051779237877427695
23669,0.8232072577121693
23670,0.04861768476654028
23671,0.07265753908733949
23672,0.02129031308051763
23673,0.013392066028250625
23674,0.9184623213312727
23675,0.07887701586501028
23676,0.00431583646358416
23677,0.08827493268358579
23678,0.9097155979424203
23679,0.14288797118501984
23680,0.07603884633932065
23681,0.3443920216297384
23682,0.004902247575615938
23683,0.2094339933448233
23684,0.003239754563485425
23685,0.3033480917898258
23686,0.04454520137941193
23687,0.8951452989022098
23688,0.002939648995843306
23689,0.18274624733886033
23690,0.08917709435305347
23691,0.335203175862327
23692,0.0009626929764772188
23693,0.9177925559710854
23694,0.9808472936928384
23695,0.005319566215219023
23696,0.2826797135682276
23697,0.007681747654261027
23698,0.5545730446667769
23699,0.044746834655261684
23700,0.06413529705333354
23701,0.021510294987517883
23702,0.519573014312505
23703,0.023746871436618817
23704,0.30044675233564916
23705,0.03586477419601964
23706,0.014905886488429138
23707,0.01725846036841022
23708,0.13108520348047004
23709,0.1307273105973963
23710,0.008192684278839757
23711,0.0312947950473012
23712,0.0009912147904216763
23713,0.1360347497939862
23714,0.8804893573128689
23715,0.993006668886906
23716,0.1671907518430677
23717,0.1822777928090805
23718,0.011265996717644855
23719,0.014454891359607532
23720,0.186729195636293
23721,0.0035910906483313625
23722,0.01608878951751362
23723,0.9975538215615652
23724,0.047056824298659906
23725,0.008601240240051232
23726,0.03437619055576189
23727,0.03725199059267829
23728,0.5057195389815745
23729,0.0027174117169774074
23730,0.9633846674394942
23731,0.01956369222057908
23732,0.051885897079414996
23733,0.006138091751757174
23734,0.942418932833252
23735,0.07641758742761944
23736,0.016383574532224738
23737,0.03687097152194212
23738,0.06243582202761071
23739,0.15472789097735673
23740,0.10021450680465878
23741,0.5722402466238161
23742,0.2439055911354817
23743,0.05964893381233247
23744,0.10463169062840828
23745,0.968758772309998
23746,0.09068886378124608
23747,0.03432313532610499
23748,0.9194668995064327
23749,0.2985829419691092
23750,0.2377804170253472
23751,0.03082107403744923
23752,0.992419575361638
23753,0.016337862153166943
23754,0.024064705992871752
23755,0.13847766034248088
23756,0.02241614695062637
23757,0.3092791564006341
23758,0.004477314431464234
23759,0.4814402113593529
23760,0.0289629636368553
23761,0.009943172446623258
23762,0.011848649819620286
23763,0.8059793359366424
23764,0.01566428007278052
23765,0.016898517622059593
23766,0.03587171099019638
23767,0.07120452325874868
23768,0.8757262963594548
23769,0.042626461173933046
23770,0.09641558640854159
23771,0.018088415135614714
23772,0.17255419639796213
23773,0.003728371181596252
23774,0.08756069411131162
23775,0.5319030079888932
23776,0.015721680131799518
23777,0.02195823739926681
23778,0.9503781752388549
23779,0.3053708982027527
23780,0.9278347606921473
23781,0.028564331680021728
23782,0.055790376991214974
23783,0.015742327642694953
23784,0.008671878637220833
23785,0.00170131659164187
23786,0.5581934296713147
23787,0.30909050686326317
23788,0.01710696385592689
23789,0.3422066357389095
23790,0.6752623473427856
23791,0.0023849387827761027
23792,0.034533407830192896
23793,0.0067378804103005
23794,0.003690169984613431
23795,0.005446362571726806
23796,0.012910112086984294
23797,0.8185020555066925
23798,0.002225935808593691
23799,0.43545022139025735
23800,0.23202539519731516
23801,0.046662739783330645
23802,0.2763746273254123
23803,0.34204935331852565
23804,0.025100485088641267
23805,0.736525425401008
23806,0.6128316393194289
23807,0.30730671378242524
23808,0.04016606420803608
23809,0.6011395205896171
23810,0.009268869852422302
23811,0.4215338295789374
23812,0.9292595461143291
23813,0.06354139066476526
23814,0.006853206108234892
23815,0.018082412428431824
23816,0.01831541634039868
23817,0.7937785317248484
23818,0.005520516202869881
23819,0.6151933181847635
23820,0.005944014932197596
23821,0.01788084425233126
23822,0.024755051494294977
23823,0.036176787475837184
23824,0.016169379181728626
23825,0.029971089428688428
23826,0.5609223466771983
23827,0.3069099019559097
23828,0.009935817601316106
23829,0.20826825983813588
23830,0.01353556217364131
23831,0.27861591134744246
23832,0.7349371965266802
23833,0.030177837237461543
23834,0.006054606124955625
23835,0.027986831721675612
23836,0.004197952583839943
23837,0.21434368569989917
23838,0.012309257143014644
23839,0.013662392535278492
23840,0.35212330118929125
23841,0.8367158950985554
23842,0.32691236030589255
23843,0.03957187212827373
23844,0.20877535389615454
23845,0.2851256075772593
23846,0.0027189865045111083
23847,0.008284529821768742
23848,0.025666712357828997
23849,0.868057670284096
23850,0.026053830654817627
23851,0.556960777537682
23852,0.003982949157310953
23853,0.016477498303790916
23854,0.5237551150501768
23855,0.021779621966191688
23856,0.23843621707356394
23857,0.25425255667732105
23858,0.2980081192279772
23859,0.003054174890229825
23860,0.063268842537129
23861,0.011734055355703325
23862,0.006735450885063474
23863,0.00922334590834633
23864,0.00747766742544165
23865,0.10572180043381346
23866,0.06514933391712548
23867,0.9709992433635756
23868,0.32057286006971564
23869,0.07918499712449788
23870,0.027033997804561043
23871,0.37696073396405455
23872,0.1945698923474656
23873,0.031205054922558994
23874,0.7918919301098877
23875,0.007393012472084955
23876,0.1063221299623075
23877,0.08288134026539108
23878,0.9740502778104005
23879,0.015218434198814117
23880,0.009357900458109891
23881,0.9179631839853211
23882,0.7862732563473748
23883,0.1282728830616549
23884,0.018457168956473452
23885,0.9951504776778073
23886,0.018196998405067267
23887,0.007268807690109697
23888,0.1593599920477607
23889,0.49038515092715307
23890,0.010399431031610656
23891,0.034831016324394004
23892,0.2793347735156383
23893,0.007509509040710219
23894,0.05638535128903007
23895,0.0031754644272682427
23896,0.1563576312343641
23897,0.21241720638234263
23898,0.02798034213754254
23899,0.04915136514203168
23900,0.05440514151802016
23901,0.04065225340715012
23902,0.05391371910884425
23903,0.018586696612632483
23904,0.10838746819645043
23905,0.010416338688325638
23906,0.002880683446542226
23907,0.0895226992637601
23908,0.007225078364003526
23909,0.01584191711017067
23910,0.022798354977024277
23911,0.01734951322119739
23912,0.26727233609204515
23913,0.0261990699481694
23914,0.027526057053200676
23915,0.005234447514200474
23916,0.5566996322657762
23917,0.00843179874505028
23918,0.7166697962336036
23919,0.025276696775174662
23920,0.5659615702973086
23921,0.03987804596252319
23922,0.09870715088997402
23923,0.7593502346487441
23924,0.014676871912020118
23925,0.8542573899018339
23926,0.001967587311127091
23927,0.5326958872827331
23928,0.1138939475867088
23929,0.5645495694185325
23930,0.004130103118654925
23931,0.013395947923350143
23932,0.2931734955385657
23933,0.14454509999041387
23934,0.10650070268346522
23935,0.015368759181855002
23936,0.18686445622335945
23937,0.020956160666219678
23938,0.0722648318089294
23939,0.1928822645777912
23940,0.187811416201394
23941,0.899468721402348
23942,0.05412055949433843
23943,0.008162199984750712
23944,0.2124025541065934
23945,0.06888180352941332
23946,0.009614884038234264
23947,0.022250335629606807
23948,0.4302355826800824
23949,0.05175347286780612
23950,0.02112574391154419
23951,0.005697808587109283
23952,0.045416204058695064
23953,0.01673723581152699
23954,0.05471298897986113
23955,0.04465582048629161
23956,0.04921339492257169
23957,0.02413719380516834
23958,0.6932088182514246
23959,0.007142410447810284
23960,0.32656997110151
23961,0.22389658924825473
23962,0.002064049424743884
23963,0.4981278849697067
23964,0.13752438526559563
23965,0.005493598159305113
23966,0.013685294894772576
23967,0.014590190186155948
23968,0.05726453514205211
23969,0.20823686381663675
23970,0.8009005236221101
23971,0.009111822026404395
23972,0.017488857833061002
23973,0.018632653270527072
23974,0.1237051268292768
23975,0.9662459019166408
23976,0.0013987651144076643
23977,0.967938125798069
23978,0.004165665603466132
23979,0.5121140136767274
23980,0.5933758596900875
23981,0.010392299746272978
23982,0.0627265826171423
23983,0.992785780694193
23984,0.04029652343839982
23985,0.06228248822119345
23986,0.05807335058460401
23987,0.3301210034819227
23988,0.019180037668957088
23989,0.17966752723401327
23990,0.08718180703898612
23991,0.4570432059360563
23992,0.15584271940393077
23993,0.01454906896345151
23994,0.6581765333496371
23995,0.02421990700651738
23996,0.14952646608753684
23997,0.04537998473213091
23998,0.9762143243153674
23999,0.2141168032254812
24000,0.01233066947174342
24001,0.025170868790718393
24002,0.060820242737660346
24003,0.0352269849883796
24004,0.31126211218530137
24005,0.6813863657413498
24006,0.3377534972395096
24007,0.0010838763034891953
24008,0.03549346285942621
24009,0.003594127249757083
24010,0.00989090870997879
24011,0.0042954543747795405
24012,0.006583320699487117
24013,0.234386817759251
24014,0.7007138958463677
24015,0.5793703057783699
24016,0.009026127154972117
24017,0.7261380019379106
24018,0.014460583488558106
24019,0.02282400856589292
24020,0.06878730592700201
24021,0.0532929074657136
24022,0.07215992366924964
24023,0.9656239704248849
24024,0.6995970385233277
24025,0.08650508620373133
24026,0.01659562532990805
24027,0.026272608414080603
24028,0.01418942149195114
24029,0.2475149891931482
24030,0.012143937155132947
24031,0.005398008344324984
24032,0.19731826210636524
24033,0.01783257959763173
24034,0.0426586374727502
24035,0.006555547445363533
24036,0.16375445438661348
24037,0.04678134983991632
24038,0.19836375488830454
24039,0.8855210994754491
24040,0.0020417402009782525
24041,0.946311436855624
24042,0.5965215365829403
24043,0.1589239348836317
24044,0.4927519152558811
24045,0.9544422265406521
24046,0.3901084671792637
24047,0.040476220020656
24048,0.12216808037142093
24049,0.052043434153637345
24050,0.06805102468237913
24051,0.02734643717612083
24052,0.04542887083972661
24053,0.10810668528148493
24054,0.025547316624142145
24055,0.25980851986728265
24056,0.07101829046320696
24057,0.07283163333027386
24058,0.19936217466522527
24059,0.9231784919686685
24060,0.8102292161104137
24061,0.008767507290456349
24062,0.017847209888270054
24063,0.20422174919559213
24064,0.08021832576149762
24065,0.018079677872008953
24066,0.09677501605669409
24067,0.001183971284104874
24068,0.02665005080383943
24069,0.024727993086628253
24070,0.11879603822833869
24071,0.11278966392299473
24072,0.12116325989381464
24073,0.6091207952588034
24074,0.05521221191581833
24075,0.9617060355372977
24076,0.010801108516801381
24077,0.17775194838547337
24078,0.005777491762244394
24079,0.8259322907613618
24080,0.05524408480672147
24081,0.0016296079632461076
24082,0.4691161422340189
24083,0.8752682713269743
24084,0.04912758445263357
24085,0.41762115097193797
24086,0.021101950246085355
24087,0.045046473094900806
24088,0.1659799558154633
24089,0.6240594425449348
24090,0.08335164866277975
24091,0.15985629154066908
24092,0.02666224222229668
24093,0.05315702911664391
24094,0.10351511795612986
24095,0.0021231927672504553
24096,0.39141937092324375
24097,0.222729191013027
24098,0.44848727085289475
24099,0.3457996257025548
24100,0.0376972434884028
24101,0.08342024645126128
24102,0.01058315966825269
24103,0.9232832876214014
24104,0.04791371800208046
24105,0.26855502637973583
24106,0.004936324198490233
24107,0.005535149442058896
24108,0.006549444854306273
24109,0.8092890679661744
24110,0.9429392059415107
24111,0.9174911218866073
24112,0.5564610808734182
24113,0.029271607290240923
24114,0.024415535858211445
24115,0.01317733576427077
24116,0.9883061069189448
24117,0.16228592735503033
24118,0.09930553960488725
24119,0.15411086997334236
24120,0.051908290779761015
24121,0.13866982322106836
24122,0.012178661392678602
24123,0.020897893415533497
24124,0.4016164653147428
24125,0.005307891183116122
24126,0.03542957417632535
24127,0.014738038512615468
24128,0.006852667361282464
24129,0.00790996669625023
24130,0.09621508810841452
24131,0.05375632162171398
24132,0.0026364839084828803
24133,0.009462172088397582
24134,0.9813029370730353
24135,0.7891345044280328
24136,0.14687585954128973
24137,0.02754760224041438
24138,0.07099861616230069
24139,0.009717799592485733
24140,0.0035200254519439952
24141,0.938066691402559
24142,0.14475402396246362
24143,0.5774564673494478
24144,0.5518479745274549
24145,0.06646323963793176
24146,0.16966745423221058
24147,0.058221334105193485
24148,0.07060358191291136
24149,0.04410749394082893
24150,0.134150915577108
24151,0.4956480480042834
24152,0.8059052167024238
24153,0.04295208607158489
24154,0.4008556223578609
24155,0.08897737655257747
24156,0.12423638209756904
24157,0.14554975129290076
24158,0.3363547069154304
24159,0.0852061752007552
24160,0.059841036669477286
24161,0.981973275039692
24162,0.0002901424338683152
24163,0.09442589422147206
24164,0.04652601124728061
24165,0.03101377069237529
24166,0.0590401116670969
24167,0.8449823273919724
24168,0.04043924925141245
24169,0.002015558144657856
24170,0.015265691499723304
24171,0.02934760019916547
24172,0.056953685608900455
24173,0.00516152489059425
24174,0.8070021360061794
24175,0.04917360085134889
24176,0.0797611001919594
24177,0.10876539199942407
24178,0.9581239337163864
24179,0.06639241606188763
24180,0.16733634839263162
24181,0.2495313810508004
24182,0.006363349940220988
24183,0.020937448618947068
24184,0.3976363203859726
24185,0.8790948229266069
24186,0.02019089156887194
24187,0.03396829215464971
24188,0.018306958893722927
24189,0.0932246675468016
24190,0.16918902366782423
24191,0.010990960807883763
24192,0.929690541118472
24193,0.002995018637636146
24194,0.0067200275072219805
24195,0.01406301287373997
24196,0.12179078735180639
24197,0.3859112902049266
24198,0.009961359002500027
24199,0.725278613376246
24200,0.0853590747432896
24201,0.02636983502298814
24202,0.06645636112484629
24203,0.535559272123469
24204,0.04480448953464643
24205,0.03299607919510022
24206,0.12597787112582085
24207,0.1423199917141712
24208,0.10263460548015599
24209,0.08321310569422653
24210,0.05879274664106015
24211,0.08134535658670253
24212,0.008324049219730784
24213,0.13429049916011027
24214,0.029196584790164713
24215,0.6087497272786155
24216,0.10934077320129276
24217,0.014318386380807407
24218,0.045417326703098504
24219,0.4463722947029766
24220,0.028110555454392692
24221,0.32700069870706244
24222,0.018210423872773936
24223,0.021311003925890935
24224,0.4157001227584887
24225,0.195139815005232
24226,0.16690786917449935
24227,0.04282551765817797
24228,0.012355645680767486
24229,0.0882816318977816
24230,0.6394653909673078
24231,0.005016491582757518
24232,0.026721318173872004
24233,0.011291942358990182
24234,0.017121357380578933
24235,0.1775230313098637
24236,0.8154821897895616
24237,0.0979518811773329
24238,0.05811298212598085
24239,0.3870274476739412
24240,0.08836876453216716
24241,0.3442816337427425
24242,0.000688814247017655
24243,0.3510693731693688
24244,0.08014285006271406
24245,0.048771533187952736
24246,0.055410881718681235
24247,0.0335207380939089
24248,0.015560973107217862
24249,0.0023292728313855254
24250,0.03915923033816198
24251,0.0043450934245461694
24252,0.006007892553097417
24253,0.10890715806326388
24254,0.8021294770246765
24255,0.039435128413090284
24256,0.028963573326582764
24257,0.05379420117312761
24258,0.18892299103464666
24259,0.30603117272164826
24260,0.02484874579039092
24261,0.07398724245603404
24262,0.011705665560847633
24263,0.15019219664037028
24264,0.008150943195576655
24265,0.1111014018065957
24266,0.0036351048291882815
24267,0.060012493062202604
24268,0.022128845414244407
24269,0.09680596960474
24270,0.8777570541705483
24271,0.02169222555180974
24272,0.02184649767335088
24273,0.019851756662095352
24274,0.05081441521239758
24275,0.8488823852877394
24276,0.05886872876189478
24277,0.1974586638435121
24278,0.04181744560899368
24279,0.018085279777723107
24280,0.12807986106184546
24281,0.044193266703320425
24282,0.5376641164645176
24283,0.03563588175111553
24284,0.015429092267708671
24285,0.011350493571660457
24286,0.20913355369043832
24287,0.2806038627457938
24288,0.3653632603719648
24289,0.06896860806802313
24290,0.19626289850761755
24291,0.07543924947984276
24292,0.08707811235252037
24293,0.054209370523944894
24294,0.22606257126844317
24295,0.020034472607326638
24296,0.04678848845464344
24297,0.02187672072539322
24298,0.455394238897031
24299,0.2285984592304659
24300,0.028435307194956405
24301,0.05515565851987242
24302,0.018387993755793444
24303,0.007229207828728635
24304,0.002418036438435662
24305,0.05375131107103122
24306,0.005412286297220085
24307,0.8440692311366991
24308,0.659204210748098
24309,0.016995853685971746
24310,0.044727823468439155
24311,0.05786088797678127
24312,0.011203450305975577
24313,0.03235234942024767
24314,0.04859124932187918
24315,0.0345331283649174
24316,0.06511759545424922
24317,0.22278553568208756
24318,0.6113858238440412
24319,0.8100553626567844
24320,0.0113353509399326
24321,0.02802273299769294
24322,0.125191813319775
24323,0.033838374950842603
24324,0.010888296352158829
24325,0.9180979060752636
24326,0.9773740825113945
24327,0.01942971817567226
24328,0.005588136529478817
24329,0.00868402452459729
24330,0.3848646400665896
24331,0.007476761268859536
24332,0.011301821950529664
24333,0.0767005058281273
24334,0.32938760331251155
24335,0.0960306390245708
24336,0.9702125535865253
24337,0.22013686058108886
24338,0.12143783235199213
24339,0.6304453742939726
24340,0.049305795729618684
24341,0.1590098453687278
24342,0.15213237009978414
24343,0.008153255631518481
24344,0.002587451409139294
24345,0.1839779659837938
24346,0.041083888750494936
24347,0.0977676013590447
24348,0.02335243660323504
24349,0.7120500886547179
24350,0.12827085238164526
24351,0.011585979416047127
24352,0.3084479298046037
24353,0.008322704223410155
24354,0.010927774017743953
24355,0.015946240063311284
24356,0.009201231050107535
24357,0.06425746003614577
24358,0.01856726538181822
24359,0.012313305391409795
24360,0.035471594938151364
24361,0.3353838073825513
24362,0.004672664032897504
24363,0.8717767723255114
24364,0.16335314401375867
24365,0.040106539387605056
24366,0.009053630510629454
24367,0.1952966089848023
24368,0.07914153853163974
24369,0.006674428832151182
24370,0.0033361316762372966
24371,0.14209742403893041
24372,0.009621617786404751
24373,0.9250855296920847
24374,0.21905713818479464
24375,0.8577769198621814
24376,0.16009073897917864
24377,0.03341598536283964
24378,0.0008011001181791509
24379,0.58465706653656
24380,0.9218017231886058
24381,0.9873235053532805
24382,0.0035235424297238365
24383,0.23889500654534354
24384,0.5689197599597617
24385,0.037708402234975576
24386,0.2165329811582766
24387,0.7999476716815164
24388,0.012447486857714057
24389,0.03917283250665097
24390,0.09180652543155997
24391,0.5164767976670901
24392,0.08793320926664654
24393,0.05285937625120857
24394,0.07951138552360634
24395,0.11504610247673695
24396,0.914371537153295
24397,0.0388388426021748
24398,0.014545803921480692
24399,0.004542634531478742
24400,0.01199109309093183
24401,0.02211688908454783
24402,0.019525264673944182
24403,0.8924240917029831
24404,0.006893500721207536
24405,0.07977565761177098
24406,0.012537795545502911
24407,0.28888941876241914
24408,0.7314118850284834
24409,0.003298499060908603
24410,0.6182211065639946
24411,0.030988779751194337
24412,0.04644773897982511
24413,0.03579504799231788
24414,0.06208304111978928
24415,0.0021733237037755786
24416,0.0029181619535263827
24417,0.011208286905946047
24418,0.7438125857750638
24419,0.005738415923337805
24420,0.04742363116179847
24421,0.0030283186475948873
24422,0.6854486898008874
24423,0.011183322518282439
24424,0.01083611810045272
24425,0.04556874583813089
24426,0.13980284998922868
24427,0.040317169219934286
24428,0.16346137123538731
24429,0.7085497390530342
24430,0.03514352252659612
24431,0.03772295712363416
24432,0.007094196386755762
24433,0.08712912664534926
24434,0.007066066001211087
24435,0.2408341866305
24436,0.21535063883511416
24437,0.653452513542398
24438,0.0006393522540251385
24439,0.021663255602853634
24440,0.012623154656946287
24441,0.01659540722702641
24442,0.016385281201868593
24443,0.49992486013881215
24444,0.2769077544493469
24445,0.9348167443916343
24446,0.10683175585531925
24447,0.3982908157956873
24448,0.0022174684054805534
24449,0.36659731336213924
24450,0.007380676232881518
24451,0.030640128077464277
24452,0.5979653855758844
24453,0.3922243028099251
24454,0.09370815276439858
24455,0.055324960750012454
24456,0.06683794016657484
24457,0.10793847037219602
24458,0.013681574010503334
24459,0.1322038602834436
24460,0.005278146907635181
24461,0.005436226860099664
24462,0.7609686158705338
24463,0.014432030115456638
24464,0.19057479443391226
24465,0.6170559513095991
24466,0.8654692618268173
24467,0.05076686284747348
24468,0.0016894604167336173
24469,0.0036382055507265666
24470,0.039709581629575184
24471,0.9932619137857597
24472,0.08180911082999698
24473,0.8150405645230223
24474,0.01761710385340743
24475,0.0038860936018952725
24476,0.023617288639647273
24477,0.05020044987196413
24478,0.2755464697430809
24479,0.018712517172619784
24480,0.02358143404907851
24481,0.007817673722083146
24482,0.5500510320015647
24483,0.1242466350423826
24484,0.10944239539706052
24485,0.009950662663396644
24486,0.027894743428683123
24487,0.18101205424617614
24488,0.3269387646952514
24489,0.020785705672132653
24490,0.026741732235606983
24491,0.7458423530365615
24492,0.11516367752803348
24493,0.008700521077726127
24494,0.1658889934391677
24495,0.04246573895217161
24496,0.0032711937579511497
24497,0.06678382595163437
24498,0.1734100219765842
24499,0.014112104939142332
24500,0.002205850026885358
24501,0.1989055323269197
24502,0.06624367366409559
24503,0.007985776429290548
24504,0.0038798844843061014
24505,0.006233510288168151
24506,0.01694448070843092
24507,0.011780071957745162
24508,0.0025097166483640664
24509,0.07950273892805323
24510,0.04735736445985384
24511,0.3662385387267467
24512,0.06938089216729346
24513,0.00385400882207407
24514,0.7624620926616313
24515,0.05866385003776218
24516,0.02001221437582409
24517,0.0037334846667925197
24518,0.9719968735627494
24519,0.9833744148026115
24520,0.013092620188873989
24521,0.11804145255679833
24522,0.005612058127142825
24523,0.5709953179113054
24524,0.017691250330977147
24525,0.3862629287734573
24526,0.004225546790089464
24527,0.010561027027337765
24528,0.04672265199783377
24529,0.016119677013581662
24530,0.022433642330875563
24531,0.003988824634813472
24532,0.9821254224516698
24533,0.6269955353148785
24534,0.2005016223958001
24535,0.22797302828473526
24536,0.2837426027545786
24537,0.1490752039803774
24538,0.07670316092597063
24539,0.22473220186280463
24540,0.8623070987028031
24541,0.0065944786887142635
24542,0.283859990454279
24543,0.0669561786991811
24544,0.2046937833710386
24545,0.023088382928648014
24546,0.24513399501548633
24547,0.1931101267257356
24548,0.9764221125935306
24549,0.0973296502436762
24550,0.037463376308718176
24551,0.004122743928729621
24552,0.004671488424593368
24553,0.017794957202001447
24554,0.03738539513848027
24555,0.017390549237887794
24556,0.001648932616815519
24557,0.03435329405514565
24558,0.9944939914380576
24559,0.1270173975005831
24560,0.7767537845345311
24561,0.5841707991096536
24562,0.9525088446988796
24563,0.054020413862582974
24564,0.024663324179607926
24565,0.11455160860960192
24566,0.024140661492793224
24567,0.029973436532186867
24568,0.236547721540067
24569,0.011072887229625584
24570,0.2677849865010803
24571,0.0048131285685394844
24572,0.15508381625997306
24573,0.004098233884154627
24574,0.019201983892737428
24575,0.018271368392115517
24576,0.9581861937261398
24577,0.009456740853270135
24578,0.001882270255831449
24579,0.8924189640250554
24580,0.025601143309559052
24581,0.9851991417743269
24582,0.45916174615747796
24583,0.9239530194719758
24584,0.9608111564246251
24585,0.00451205951783011
24586,0.02988211834726225
24587,0.12108360760510996
24588,0.004737699754366147
24589,0.01386472089884499
24590,0.26943770807443124
24591,0.002963822221954422
24592,0.24690895682309566
24593,0.0446990143146768
24594,0.25025262617327376
24595,0.017263273065268578
24596,0.9686549688632747
24597,0.0932979589871765
24598,0.004884964796600467
24599,0.006625369372393053
24600,0.08985677650129406
24601,0.4887679605333502
24602,0.009620660812118684
24603,0.013950225606138428
24604,0.004341526404247843
24605,0.027699412398020463
24606,0.7216515762481135
24607,0.00794361238765206
24608,0.02823190902576621
24609,0.0664685878682537
24610,0.0027646666088728023
24611,0.015186311500006155
24612,0.6204850097488167
24613,0.02342590654618083
24614,0.006391869355907863
24615,0.08093685069443282
24616,0.9092729514760529
24617,0.09571571652407436
24618,0.8989542712932913
24619,0.02458083706784446
24620,0.1500428954683975
24621,0.43894691503168504
24622,0.011798891981858189
24623,0.2093013103951383
24624,0.004835542449358293
24625,0.4311663833800458
24626,0.3494116629714636
24627,0.017620452282293014
24628,0.2831848430276622
24629,0.030762662787014613
24630,0.4721917819744607
24631,0.03241036207481349
24632,0.00386324855548904
24633,0.006764738283605772
24634,0.3186986644300787
24635,0.0627759794344262
24636,0.08948196673691831
24637,0.09276928871324666
24638,0.01318694720546981
24639,0.018614843755182225
24640,0.0039536139902087795
24641,0.6404692959541401
24642,0.40600691643904735
24643,0.011867009522776487
24644,0.19813269006835577
24645,0.11371165854385623
24646,0.49472809942758916
24647,0.22367294990112035
24648,0.30795650602546687
24649,0.01162584907343521
24650,0.05005500431334233
24651,0.02192923600922916
24652,0.19664638573159968
24653,0.2037508976299993
24654,0.9502593601194088
24655,0.01874436972807499
24656,0.03311648447245857
24657,0.6809088020918914
24658,0.5541229044529206
24659,0.008112868336077803
24660,0.011193333319208104
24661,0.15370834492772106
24662,0.902578055036575
24663,0.007067423520126157
24664,0.07794112837464827
24665,0.004222962962807435
24666,0.010096181429848885
24667,0.13756902429245804
24668,0.779585904828319
24669,0.5637589093294963
24670,0.5818583837470072
24671,0.9842723590209786
24672,0.06799336993904921
24673,0.001931154767727569
24674,0.20630428144578516
24675,0.006197745438870636
24676,0.00864695690267352
24677,0.8854858394248565
24678,0.9801606740338992
24679,0.050615743312237726
24680,0.8575924276352425
24681,0.012983309495289282
24682,0.0024949641491348673
24683,0.15233488409489912
24684,0.9581363449498258
24685,0.13464799153710807
24686,0.1063525735780407
24687,0.059487242964085786
24688,0.5210623971361773
24689,0.4430229982662089
24690,0.015527371377969307
24691,0.010555060888979912
24692,0.8410365357060094
24693,0.09594379386037005
24694,0.04045919871314279
24695,0.02127483959043223
24696,0.4228609940565788
24697,0.000606245780775436
24698,0.05969686791519668
24699,0.5705606505797307
24700,0.04061879112982821
24701,0.008127479789005208
24702,0.11593507328742102
24703,0.08593437384911998
24704,0.10972148268867761
24705,0.2075820816971472
24706,0.3759242230299732
24707,0.6451030131845061
24708,0.025168726191290982
24709,0.14574184654925865
24710,0.05814866749657843
24711,0.032258254277783324
24712,0.39755213550210905
24713,0.15202849522224043
24714,0.31673569280510755
24715,0.09024122986729705
24716,0.47874391920618087
24717,0.020929356689669606
24718,0.0035433340898323273
24719,0.2842827156247686
24720,0.33690412619966703
24721,0.4603467211773986
24722,0.010318287997599264
24723,0.006604625510032962
24724,0.06746968223584682
24725,0.5379897655104231
24726,0.26286117507138723
24727,0.014523956489086191
24728,0.7157369764535815
24729,0.04346831768396891
24730,0.004860345026179149
24731,0.08627259536366093
24732,0.0358688721716563
24733,0.0069328907990678194
24734,0.32716304497155035
24735,0.001872238463084195
24736,0.31564541772858906
24737,0.0012954856502025403
24738,0.3229911245906978
24739,0.007352472584798815
24740,0.18637189436914173
24741,0.11235948617515046
24742,0.46150928780245837
24743,0.030776942166392447
24744,0.08746646591278774
24745,0.11326176157307949
24746,0.007576768688365464
24747,0.052649342163961874
24748,0.5643403749027966
24749,0.0103688386183112
24750,0.12880331329286054
24751,0.012472778887097098
24752,0.026235025930620867
24753,0.1898984813604599
24754,0.4584825267158134
24755,0.0218781531855641
24756,0.0006948897753519555
24757,0.332229645636809
24758,0.04677498135502859
24759,0.007056540440401043
24760,0.005429464552833745
24761,0.019500126336776304
24762,0.4142975744781189
24763,0.08457372889323003
24764,0.03623616268759218
24765,0.03445635645028867
24766,0.028942650988945315
24767,0.08453729063259804
24768,0.004311218037358329
24769,0.0336079569403753
24770,0.03748321784246453
24771,0.02297015284616775
24772,0.061284635033579914
24773,0.01990239032612085
24774,0.08741373589283158
24775,0.014297616974228908
24776,0.22895793002430534
24777,0.03246103723106897
24778,0.7741840640337098
24779,0.020986727895550387
24780,0.06452318688347608
24781,0.008367969803081493
24782,0.8487551000662097
24783,0.14607048317961965
24784,0.292505763874616
24785,0.3005955677987949
24786,0.14340459411016535
24787,0.008082335955163358
24788,0.6089393594132821
24789,0.12245208687699867
24790,0.0073699607614129345
24791,0.1817211117932731
24792,0.012945786188173197
24793,0.6405850725402452
24794,0.018167589758097697
24795,0.010741521176902472
24796,0.9912059975200582
24797,0.010061807914250261
24798,0.006697531887414828
24799,0.046954361448866104
24800,0.0534085735051099
24801,0.004361149438112909
24802,0.761191268375927
24803,0.002444127101146802
24804,0.0060740009998910644
24805,0.026622971231292574
24806,0.008529863602249423
24807,0.05332537414763655
24808,0.00427974662787779
24809,0.4049573409309335
24810,0.022898474812269583
24811,0.05270082270441572
24812,0.008311348733784581
24813,0.26046326760876143
24814,0.11176239250429884
24815,0.02217524812267936
24816,0.006554724099290581
24817,0.07497374950327314
24818,0.023456858753717565
24819,0.3226660619663244
24820,0.5725543370197503
24821,0.01265434804582424
24822,0.04237119203336472
24823,0.09584042692026037
24824,0.15207860329508496
24825,0.008259633264558601
24826,0.7597238482407331
24827,0.018783805518463568
24828,0.057733240685602656
24829,0.03602408535787102
24830,0.48681894697142825
24831,0.007717130665179501
24832,0.009630294136686784
24833,0.1303273816910025
24834,0.055058654019506006
24835,0.029830021496014974
24836,0.09915349493740466
24837,0.01364918283554387
24838,0.4412046725603494
24839,0.2781967576165159
24840,0.9098925536888347
24841,0.9864569251691606
24842,0.0074479099242380775
24843,0.05359371302186046
24844,0.013510534014491623
24845,0.006988017273494765
24846,0.006439334056676663
24847,0.5949018551113162
24848,0.04996452925461288
24849,0.04214502013679535
24850,0.03194512898046612
24851,0.48628877408533205
24852,0.1825439064455537
24853,0.017537985950355776
24854,0.010983021612746132
24855,0.9626295947451226
24856,0.0038477107800814984
24857,0.012845066612350516
24858,0.05302391444482438
24859,0.07601313572991092
24860,0.24080442164108182
24861,0.24590540624252144
24862,0.008141285404572577
24863,0.5340224028347207
24864,0.025041036419709242
24865,0.38471802348778156
24866,0.9797649259380481
24867,0.6469537163270808
24868,0.041400888853516435
24869,0.09434204973909131
24870,0.6409472184575247
24871,0.2620912097768184
24872,0.03029379102583083
24873,0.04164976158990877
24874,0.03769700222962238
24875,0.034102512835011256
24876,0.08496834228583373
24877,0.17579229795681478
24878,0.07567591979732011
24879,0.07923940562317172
24880,0.09032029555321507
24881,0.2516491719515864
24882,0.036767258318034665
24883,0.8078979718934344
24884,0.22561630435151342
24885,0.2147565959500573
24886,0.06708537156568643
24887,0.006726046640391695
24888,0.05134467282155306
24889,0.7299890708761364
24890,0.07950283250859341
24891,0.030789582975244072
24892,0.03663257413090166
24893,0.2472582573533796
24894,0.023661245572124682
24895,0.9896912726180556
24896,0.990707847484005
24897,0.15184239162187158
24898,0.9587954673334674
24899,0.021881140469548623
24900,0.12210477757080722
24901,0.02768728241643824
24902,0.46451718635106026
24903,0.03346160532638626
24904,0.01566635790525288
24905,0.6403254466386604
24906,0.14848347391437408
24907,0.4600080734591875
24908,0.19954679306111103
24909,0.044600072672414975
24910,0.01921398430031369
24911,0.004584942750434311
24912,0.07463154457773481
24913,0.013546288277475355
24914,0.007980615065103
24915,0.016817646759277997
24916,0.8297430021071696
24917,0.061565222810594296
24918,0.6227473067943777
24919,0.005929265327720012
24920,0.11122529542248101
24921,0.6764342810311459
24922,0.013004116069083933
24923,0.03402702457861122
24924,0.012926429999447361
24925,0.08445105440381136
24926,0.0038294852584932508
24927,0.06948031524525194
24928,0.0439463098273459
24929,0.05028071491597269
24930,0.5872629082825903
24931,0.9442037645236031
24932,0.11270041950291754
24933,0.033085526546302674
24934,0.01771724824301083
24935,0.04477313526038537
24936,0.17529719625604787
24937,0.8859149948707609
24938,0.9845453693768063
24939,0.07436624048185671
24940,0.031805356553067404
24941,0.053493719122701115
24942,0.0032543622046935514
24943,0.007404218663345264
24944,0.010651577608457276
24945,0.008781212820276952
24946,0.006675039211333893
24947,0.037265099722440034
24948,0.02860009507507294
24949,0.01942634522981244
24950,0.08292405985379331
24951,0.09107330423480782
24952,0.020056757040328523
24953,0.03479834009734695
24954,0.08931314121128263
24955,0.05772259700935616
24956,0.06531605205704519
24957,0.0056653931316889014
24958,0.00992859221237595
24959,0.17960865362639625
24960,0.6013550560104842
24961,0.012400874501245262
24962,0.002388054471890107
24963,0.006474608855492699
24964,0.014381056366576625
24965,0.009634833450950007
24966,0.8254771305802646
24967,0.0033739182422951883
24968,0.04983826976927142
24969,0.7432023500944398
24970,0.7914137889182654
24971,0.05860367932795328
24972,0.023301067463731933
24973,0.019973686892719545
24974,0.04049505217718682
24975,0.33391507724520403
24976,0.39127806990026986
24977,0.00318412000488625
24978,0.014505676850875346
24979,0.3179776974516801
24980,0.02154935742465793
24981,0.34365184498902307
24982,0.01565484137822527
24983,0.03474084592280549
24984,0.06878213986309327
24985,0.3780603880017548
24986,0.9010951513081862
24987,0.17822505722332055
24988,0.011786448411293102
24989,0.7540861643457889
24990,0.8371582886120055
24991,0.5076157441688388
24992,0.005516678311830144
24993,0.1514295738979102
24994,0.996857468282154
24995,0.010139452198537163
24996,0.010908450194010265
24997,0.004754383382497194
24998,0.13145884587065346
24999,0.08923505984831258
