id,Exited
15000,0.0797201826211783
15001,0.03141587796763265
15002,0.12503219565977008
15003,0.14145969496705507
15004,0.04358748074856236
15005,0.1684730642374044
15006,0.1402668493531773
15007,0.11262370614142647
15008,0.05414845803976629
15009,0.07023147478479928
15010,0.11840048389027477
15011,0.9802939884930382
15012,0.11513425783228787
15013,0.1804292035889601
15014,0.2028907728003266
15015,0.029642589668024768
15016,0.06612654371132523
15017,0.05057426908265786
15018,0.34984548769691887
15019,0.04670898955415211
15020,0.025780844650147912
15021,0.006045592418030314
15022,0.9747462779725987
15023,0.223805317848062
15024,0.07296599354099133
15025,0.8420143784886363
15026,0.8262372552876431
15027,0.04262091722490968
15028,0.05795783611123029
15029,0.5840298876835635
15030,0.27555636738435924
15031,0.2817696154374894
15032,0.12032656790646601
15033,0.16900232994375183
15034,0.5520986964094869
15035,0.10386306710523915
15036,0.027802903465056192
15037,0.8018713386458136
15038,0.11161096984027177
15039,0.03979757786260251
15040,0.24904777540506048
15041,0.023046641165640574
15042,0.027324645974110714
15043,0.0574802436532858
15044,0.011424323365580451
15045,0.07486776822834185
15046,0.2844480881492769
15047,0.9065012954297157
15048,0.016898333246914435
15049,0.44975039132919614
15050,0.1280313438847096
15051,0.057287102619594375
15052,0.02659764959887563
15053,0.38951158973424554
15054,0.32168647233745085
15055,0.0644007451882737
15056,0.012942582340083969
15057,0.9545634878799589
15058,0.7911568211867013
15059,0.23263072519157024
15060,0.015487449313077188
15061,0.014724129562736877
15062,0.8340937835583649
15063,0.6640055005343003
15064,0.014289390835650739
15065,0.07061293376202057
15066,0.03537233541094403
15067,0.9394477737372502
15068,0.8835353599135043
15069,0.07637221182381754
15070,0.918091630920994
15071,0.06611186532631386
15072,0.4567121132084603
15073,0.6501552235279806
15074,0.06037458177980842
15075,0.019155750158906013
15076,0.007342710914032898
15077,0.05715993241149039
15078,0.011393725814070695
15079,0.05392536019042193
15080,0.5655414626510851
15081,0.07334135233083507
15082,0.15048264215120813
15083,0.06963318600825746
15084,0.019934269151073297
15085,0.009876661837829688
15086,0.4945755286323808
15087,0.006647067457542017
15088,0.06199088921927887
15089,0.0368378237342103
15090,0.03563513763434501
15091,0.08035155842480324
15092,0.01033144007198282
15093,0.16068011334156454
15094,0.05809376099192472
15095,0.03182427389699737
15096,0.4678905518916019
15097,0.006215170156481243
15098,0.02783110837558751
15099,0.11252678813118437
15100,0.007795175891916
15101,0.6129167933943301
15102,0.3301561098173261
15103,0.12168549190531112
15104,0.2627206934125222
15105,0.2678771402574663
15106,0.06359609306410562
15107,0.9676907969480772
15108,0.06512342143888276
15109,0.03692507117563668
15110,0.21108589172629608
15111,0.11278044218089679
15112,0.31517746423419196
15113,0.05817993563135546
15114,0.0519803070741693
15115,0.118693696389255
15116,0.03247184002435759
15117,0.15296374746511385
15118,0.10593694176990402
15119,0.19741272120397632
15120,0.057293303142757636
15121,0.16990500864245184
15122,0.06853169584617565
15123,0.06029079011303825
15124,0.39139510685456486
15125,0.03120907372289214
15126,0.8127633819024976
15127,0.007504912738085054
15128,0.11596342492024081
15129,0.05392965229057458
15130,0.0060440447111448975
15131,0.7835771799709681
15132,0.021365302190979405
15133,0.10148737833007233
15134,0.015837996289627055
15135,0.3854115567002431
15136,0.4462179380346834
15137,0.27348361727285597
15138,0.03584530741023683
15139,0.03064534669697865
15140,0.04533348953286173
15141,0.8639726398640041
15142,0.016450218356291943
15143,0.8000376349809134
15144,0.24055979783301717
15145,0.09752990641919775
15146,0.02788136569766199
15147,0.7987982116603105
15148,0.06514695876484947
15149,0.9664475358589157
15150,0.06958087142013107
15151,0.36745605549081484
15152,0.06485005042707138
15153,0.2981755710979749
15154,0.806698095191101
15155,0.19842574838033122
15156,0.023675946173234617
15157,0.23218160856810105
15158,0.22161433622791235
15159,0.22111867481360437
15160,0.5593188223782287
15161,0.0043311686990238785
15162,0.010951097206534737
15163,0.03639044541812732
15164,0.008337553998443468
15165,0.14344255270214157
15166,0.8301647952158597
15167,0.1485528211041656
15168,0.148770741068729
15169,0.06634465681114576
15170,0.20422422921616676
15171,0.022408203800278716
15172,0.11496054559047807
15173,0.923458304727772
15174,0.8382882215192613
15175,0.22261571496942373
15176,0.014425047474175086
15177,0.14372227815522987
15178,0.10486383793283435
15179,0.04638186635158529
15180,0.5017829558615197
15181,0.9774468104583487
15182,0.21999708230612228
15183,0.5248726788641751
15184,0.028413667848457915
15185,0.5442851545645633
15186,0.08766197568024946
15187,0.03926989322115262
15188,0.036560507479306156
15189,0.023735466875758452
15190,0.06998126896761538
15191,0.054292193511601736
15192,0.32400844746825525
15193,0.12542773190143916
15194,0.5304492725046214
15195,0.2135210990775662
15196,0.3364070320727886
15197,0.004439038681692789
15198,0.6501848806861773
15199,0.15731069145210308
15200,0.27454564356738137
15201,0.03487546240644672
15202,0.0049761436912962465
15203,0.013179702667148685
15204,0.012307310302274681
15205,0.3776281560972216
15206,0.1519046700789234
15207,0.3033827240621406
15208,0.04306418112832113
15209,0.1249474449384029
15210,0.02167060760919425
15211,0.13057908978555866
15212,0.41799310284173546
15213,0.05367077223902843
15214,0.04712100381258499
15215,0.08206956472951558
15216,0.35551730240580265
15217,0.03363038858143727
15218,0.09091525078002567
15219,0.07673758978256061
15220,0.09578188927389275
15221,0.056907835055360165
15222,0.049312536996899484
15223,0.06779841084291212
15224,0.08940354684260916
15225,0.4844194293101936
15226,0.6091342557599612
15227,0.018079667308961274
15228,0.40037861133174596
15229,0.17951146346232574
15230,0.9146192943867931
15231,0.8850254283280814
15232,0.0388560922455173
15233,0.3109896343929541
15234,0.6703358321045061
15235,0.030145253830708124
15236,0.1431738648659655
15237,0.2519092055631878
15238,0.033209561896043745
15239,0.05963713053273204
15240,0.2504702048705912
15241,0.05392399167089776
15242,0.30485327328701267
15243,0.7404564126103991
15244,0.07217719527514103
15245,0.9300502288353211
15246,0.06891496195554533
15247,0.3182464369994144
15248,0.23614492969576648
15249,0.04725847164165029
15250,0.02570929506039296
15251,0.06964747552353324
15252,0.15863657806752962
15253,0.11641398828587862
15254,0.03290289223450181
15255,0.03945213645227076
15256,0.017378209710105407
15257,0.038247567156566444
15258,0.8595477418118836
15259,0.0776068226402797
15260,0.006619318648545897
15261,0.13573416524681992
15262,0.07032676025334081
15263,0.7340583456163537
15264,0.23131224027314037
15265,0.2779042466524298
15266,0.01354626409012048
15267,0.22009948028166168
15268,0.019327673521552746
15269,0.06867941380580983
15270,0.17024802700780994
15271,0.23133318069186432
15272,0.1383117614615545
15273,0.013974582098044896
15274,0.8231523498662084
15275,0.7898049978373776
15276,0.11125674063693237
15277,0.026769939229971697
15278,0.040154504418328484
15279,0.10346636162261108
15280,0.9396375416060603
15281,0.11751695216526467
15282,0.3041164795122962
15283,0.8464221374219792
15284,0.03813125809769937
15285,0.8917778611791659
15286,0.005184564236288778
15287,0.08335462924511694
15288,0.06391041506659699
15289,0.03600662526244964
15290,0.004505729558418385
15291,0.0599737311807275
15292,0.034298036734970935
15293,0.9817111739338017
15294,0.054971616672925924
15295,0.03941680102517581
15296,0.06537991277453117
15297,0.021664928213445577
15298,0.007213544842216922
15299,0.00875073992806943
15300,0.054631059027637645
15301,0.24718542743322702
15302,0.24917409725788467
15303,0.04089916869131247
15304,0.06693772855317015
15305,0.06625855675157917
15306,0.022025890120385482
15307,0.8369113199652096
15308,0.005403974039453495
15309,0.09147753779540806
15310,0.3823775866294166
15311,0.21675920221416967
15312,0.03711252624890398
15313,0.030064338898010017
15314,0.01021313866268681
15315,0.03549121394131494
15316,0.09853742394310841
15317,0.10211681499398347
15318,0.5086089251557744
15319,0.005739390315722237
15320,0.021532003614273206
15321,0.062354900714841476
15322,0.2811274010815286
15323,0.006630708041444492
15324,0.8637180919064694
15325,0.006989521592459517
15326,0.09742874659394665
15327,0.1867147065553743
15328,0.05696734772824591
15329,0.009818964997540576
15330,0.013877721674566072
15331,0.03281971902494579
15332,0.0174339621292966
15333,0.017337221719516217
15334,0.20286682880491658
15335,0.046228898094420774
15336,0.14732129113122466
15337,0.20778708000738202
15338,0.2740596038279083
15339,0.021433795846664397
15340,0.03728820296019066
15341,0.009414237425686848
15342,0.8823918960820564
15343,0.07979530204833302
15344,0.13724071337735674
15345,0.3794343710511721
15346,0.8255933868028716
15347,0.20818821350707536
15348,0.04519683898784773
15349,0.06525854537911059
15350,0.024705045441711967
15351,0.0451728395112642
15352,0.07808475880916405
15353,0.2740248317729306
15354,0.04154586374394578
15355,0.054999006361467734
15356,0.5319551168295757
15357,0.04207094343319056
15358,0.23510036733561696
15359,0.0038933103743372085
15360,0.07180232728916534
15361,0.02085680727577094
15362,0.05047845657794694
15363,0.07406417653744285
15364,0.11193127482629153
15365,0.3532074266680557
15366,0.728872947754592
15367,0.8636786567300129
15368,0.010416257297900066
15369,0.1258527184772564
15370,0.41897033563396546
15371,0.07467169529558502
15372,0.08112062019419769
15373,0.1339960140352915
15374,0.1933245782165521
15375,0.012640956289485052
15376,0.11610463823117882
15377,0.6622459860431763
15378,0.3211371422630654
15379,0.8483595304676012
15380,0.9388744645365715
15381,0.01112225422149517
15382,0.025130871725734385
15383,0.01758862872160836
15384,0.39530791556114137
15385,0.15713846876193222
15386,0.09934394029579346
15387,0.14198661361924428
15388,0.0640344794065502
15389,0.1912470348399244
15390,0.4490163458422405
15391,0.21081578460880593
15392,0.014345535392337698
15393,0.016265855409927768
15394,0.020949389067726976
15395,0.039207767958396804
15396,0.13029891127137155
15397,0.03352417205834886
15398,0.0616236971473746
15399,0.07028473667973432
15400,0.436740235612576
15401,0.03958954921200283
15402,0.03182936661364489
15403,0.03744064810069508
15404,0.24469811192111257
15405,0.08553771522867007
15406,0.2812782626075554
15407,0.2268501501849909
15408,0.015805419179150935
15409,0.6323431195959461
15410,0.37699501357690784
15411,0.02570966127537338
15412,0.06646336850538022
15413,0.6414077201004219
15414,0.9816469351586898
15415,0.06266079813751774
15416,0.03828004261072311
15417,0.1171765569255939
15418,0.09436681629770702
15419,0.4344738636074797
15420,0.043414826964461445
15421,0.0139928243019972
15422,0.29893505452579466
15423,0.20160786823297341
15424,0.03343772532343588
15425,0.9041960996206584
15426,0.4879647569855825
15427,0.032028092407990615
15428,0.14486654270988428
15429,0.15864314499187476
15430,0.003350744757127567
15431,0.05959103567522105
15432,0.11007338380775263
15433,0.012264592615956898
15434,0.03335599766031075
15435,0.012230893610168991
15436,0.15463659423315984
15437,0.19744976379607596
15438,0.09522944119656788
15439,0.08985547586725148
15440,0.02734368238671788
15441,0.030035345682403406
15442,0.7437838448171168
15443,0.6087490022026967
15444,0.019440646251317993
15445,0.03560230442065015
15446,0.17907026961008354
15447,0.059845263341120336
15448,0.8417967573034515
15449,0.0530866945037883
15450,0.08144351271203733
15451,0.07909884946676364
15452,0.3565504148974105
15453,0.1916937654733166
15454,0.09850604288577403
15455,0.8610538545837194
15456,0.09739550359962156
15457,0.020138764653864927
15458,0.1855808638930734
15459,0.4804969721021412
15460,0.5361036032593816
15461,0.07028296193538604
15462,0.21081219372418072
15463,0.05838420738001934
15464,0.8253480831924859
15465,0.3852646061275764
15466,0.0339669624460924
15467,0.8285269214640506
15468,0.021297297633176095
15469,0.018530908001188725
15470,0.015713955666983456
15471,0.01342065631283116
15472,0.06816228684743156
15473,0.27398632428161085
15474,0.16139632984103067
15475,0.27378063355495175
15476,0.41998385547281447
15477,0.21471258045276054
15478,0.026612994921093543
15479,0.10683134467360143
15480,0.8766680895105642
15481,0.9776479007269476
15482,0.10435204315857942
15483,0.9548318095319724
15484,0.07204907918619285
15485,0.31496663466506825
15486,0.019195726800139104
15487,0.9137493394643884
15488,0.05535682912160066
15489,0.1672367698755394
15490,0.8925450754379902
15491,0.5302935639533003
15492,0.7010699548096876
15493,0.07078908338051051
15494,0.07466863830981697
15495,0.5237442027956399
15496,0.07843430079326018
15497,0.016137368116805745
15498,0.9689814975467342
15499,0.17832139474953485
15500,0.03142322301100614
15501,0.006015142565093745
15502,0.13514996083800934
15503,0.9684997559907165
15504,0.024951053072353305
15505,0.17914059900558174
15506,0.11523464503760852
15507,0.004896803206720477
15508,0.20049183090331105
15509,0.02908108897399441
15510,0.08316701661634505
15511,0.006709628332031273
15512,0.017070538071735007
15513,0.05799104506006898
15514,0.038612348494377405
15515,0.018574059794590418
15516,0.20784598607952853
15517,0.21182201528227584
15518,0.02625157629351833
15519,0.15428315071547835
15520,0.20351123850200903
15521,0.12009815219900176
15522,0.03592726546473503
15523,0.017246678604716684
15524,0.11092860209250717
15525,0.006284352260876016
15526,0.031215416598397588
15527,0.12292700941487054
15528,0.018495285364994278
15529,0.19599596023349644
15530,0.0133899236980357
15531,0.08932848272634626
15532,0.05664632175173761
15533,0.2224565179494927
15534,0.027691534864329976
15535,0.09427529457699088
15536,0.19860451903047918
15537,0.15288298128366073
15538,0.08681099130780191
15539,0.07502759344516483
15540,0.07004954401038271
15541,0.2105976585647503
15542,0.02672161545154752
15543,0.026649678864450094
15544,0.07198800891024879
15545,0.1017117121773002
15546,0.3949002092588635
15547,0.44030690094471503
15548,0.03143871193492074
15549,0.5398198337669987
15550,0.024979016372085477
15551,0.050371922424308165
15552,0.0637367770548985
15553,0.027147165180743615
15554,0.2703166134966608
15555,0.02452044070520224
15556,0.03207291111631445
15557,0.06647341211572304
15558,0.08947530437783338
15559,0.046679640420868494
15560,0.07680207068082272
15561,0.14151499129041703
15562,0.02628108727581467
15563,0.07761309305187043
15564,0.1258841760923031
15565,0.26262347452972606
15566,0.019857050493235707
15567,0.04701151724435406
15568,0.019483015602127143
15569,0.022473400407461864
15570,0.23568151457642125
15571,0.6805766818938924
15572,0.8729469071104409
15573,0.07826072426656044
15574,0.039745869094132434
15575,0.030965254378697522
15576,0.14863746540350994
15577,0.5572211771069657
15578,0.9422321268225605
15579,0.3954033166723205
15580,0.03875384419699223
15581,0.04020377802417186
15582,0.07450924865138095
15583,0.0383275109776674
15584,0.21526104911436483
15585,0.026427804035833804
15586,0.004847951557457152
15587,0.027109813406124846
15588,0.08577911848522628
15589,0.035501488276938255
15590,0.10394151483586185
15591,0.14118110179372997
15592,0.03531750191824182
15593,0.8585203590099496
15594,0.48926134498725626
15595,0.01864939701510028
15596,0.8440518510651666
15597,0.7262940593305174
15598,0.16861948939213622
15599,0.10600081381650625
15600,0.3614969889639221
15601,0.23036102815122508
15602,0.02682746839246858
15603,0.03873083281650019
15604,0.10837363854149899
15605,0.145181110217772
15606,0.021872589430733096
15607,0.04527867806250477
15608,0.08077774337415326
15609,0.1352859383468956
15610,0.9353179108414377
15611,0.004519330259867514
15612,0.14725547615932713
15613,0.1748762614092849
15614,0.04399371256573179
15615,0.20134794151296628
15616,0.011018202094142865
15617,0.9152639762704989
15618,0.2660652233655527
15619,0.03957629829233972
15620,0.2484805292790327
15621,0.056207789552207156
15622,0.0632089798864126
15623,0.22993336312334164
15624,0.0789708203847192
15625,0.9443580590069895
15626,0.06673586523774908
15627,0.5437257495794207
15628,0.06957309796009604
15629,0.22399946697412082
15630,0.007668035080856134
15631,0.18885807771352292
15632,0.03864647853051477
15633,0.010381288784001881
15634,0.05483331557541025
15635,0.34281096115179527
15636,0.04515203521148098
15637,0.1032083381014965
15638,0.14606194019230728
15639,0.3473127400354584
15640,0.27290547814228727
15641,0.6981802247932049
15642,0.44426153382894734
15643,0.0970758744900368
15644,0.14253471628670267
15645,0.1020441004832389
15646,0.02754215886902167
15647,0.03685106030593088
15648,0.3075413101884678
15649,0.047632871911467554
15650,0.033816455636961056
15651,0.06744364032366978
15652,0.01571668822172432
15653,0.5811560255045315
15654,0.07648329093507351
15655,0.7504101455374831
15656,0.4234038650814802
15657,0.37743617887599484
15658,0.007758224442636991
15659,0.1925518921343373
15660,0.08505165921875406
15661,0.2903277224574034
15662,0.022392261266373982
15663,0.10402851980647802
15664,0.13564587091711958
15665,0.29637047220872376
15666,0.046727550152635494
15667,0.08029050804292812
15668,0.009689959805997735
15669,0.29841496553721797
15670,0.882583857464991
15671,0.4847580763630397
15672,0.012500445626516126
15673,0.18293545102431144
15674,0.11592370862113052
15675,0.5605581565337989
15676,0.01251646925740544
15677,0.30473424327294735
15678,0.01909218629097531
15679,0.05458105427635553
15680,0.057712306903172056
15681,0.01446395247158109
15682,0.016852392239654283
15683,0.04744082481002708
15684,0.07247439943560038
15685,0.059889200209302315
15686,0.704094250330737
15687,0.019041373308155887
15688,0.4452437351696169
15689,0.2501251087762691
15690,0.27926791874307294
15691,0.021677048475123608
15692,0.10578140849790127
15693,0.2711717041839325
15694,0.009669590891629077
15695,0.07194993615433912
15696,0.12708634787862946
15697,0.06904878228032384
15698,0.2665419531000387
15699,0.016653560426142983
15700,0.017964367438680615
15701,0.25944629301471384
15702,0.09418398807758568
15703,0.20819485442938873
15704,0.011135527462757564
15705,0.9391679465673198
15706,0.17204213195929954
15707,0.05908971937704793
15708,0.431078309308335
15709,0.006736387164190532
15710,0.6792474240534575
15711,0.33623180701261807
15712,0.028139833082781462
15713,0.013194724221791939
15714,0.034077924188923504
15715,0.7351674036685004
15716,0.05341295955386507
15717,0.05903153221564396
15718,0.018920606630373628
15719,0.09302844327588962
15720,0.27367185174603353
15721,0.031438121816151375
15722,0.004961527975686869
15723,0.03337659873184995
15724,0.05202432065461829
15725,0.09852345060443193
15726,0.0765217298330228
15727,0.08809248586050827
15728,0.021623337697731896
15729,0.6915311233002798
15730,0.09152760404201125
15731,0.012560920305632411
15732,0.945344511135658
15733,0.4627677113224855
15734,0.15640534671472806
15735,0.42674695061810647
15736,0.05256726783478536
15737,0.4436916403141913
15738,0.03922978020654281
15739,0.020457112258957712
15740,0.23832481521047102
15741,0.20980189102973915
15742,0.6077708327555803
15743,0.409675571962109
15744,0.024139847070977386
15745,0.024405132234037914
15746,0.14479637513839988
15747,0.47121520792446303
15748,0.23420550491090553
15749,0.015857563871369773
15750,0.06747495643636454
15751,0.012902400764248667
15752,0.3884719551748439
15753,0.08097627931189626
15754,0.020981660889714607
15755,0.16692971725261296
15756,0.016925558463290694
15757,0.02919952362427113
15758,0.017153035229335273
15759,0.05814760648791144
15760,0.2798183151559703
15761,0.12810563643827955
15762,0.5733086936968133
15763,0.06844900577524421
15764,0.10697068997252486
15765,0.22106089607369955
15766,0.14506440760528297
15767,0.012730035152655618
15768,0.06940100681221319
15769,0.03744571937590081
15770,0.13689293687781193
15771,0.049501316466037025
15772,0.0139507149958257
15773,0.20994751555422084
15774,0.08313876631385758
15775,0.011947137947778139
15776,0.15773086233620373
15777,0.7956423291309667
15778,0.9108338814799573
15779,0.08217845186121478
15780,0.49379654626645697
15781,0.051927306602956504
15782,0.0583846769420235
15783,0.011668223096361386
15784,0.07208646254175279
15785,0.08314790054575107
15786,0.07006229802705384
15787,0.015119036659604337
15788,0.6666645455284437
15789,0.3533007166549592
15790,0.08703701324376031
15791,0.026499471764978636
15792,0.921980477498885
15793,0.02697156877413252
15794,0.03122566608524326
15795,0.15799564128909893
15796,0.02304607876029618
15797,0.11054122967116563
15798,0.9725837843168401
15799,0.060859369088120945
15800,0.27006199336996206
15801,0.661904798472781
15802,0.4719194173981515
15803,0.17138417907079725
15804,0.056795769217926964
15805,0.10237390877705412
15806,0.03574787490165815
15807,0.7766852545844882
15808,0.3556226022692035
15809,0.0472360496205133
15810,0.889886786699689
15811,0.5966205811254086
15812,0.07465901939279494
15813,0.01154494879451333
15814,0.01974650818472293
15815,0.0729961059598368
15816,0.30983579965802294
15817,0.13976303872716261
15818,0.05368203153527991
15819,0.12789624857550633
15820,0.04209342123935584
15821,0.5150681767189443
15822,0.2014360849730975
15823,0.15592849729730496
15824,0.01608989797344536
15825,0.01819789339130977
15826,0.022580997166450057
15827,0.04389006721355319
15828,0.017345547299695015
15829,0.35783011055689057
15830,0.7825049631260076
15831,0.15753721468880805
15832,0.19922959517982763
15833,0.5788931586741928
15834,0.046813843956254174
15835,0.016624806073668296
15836,0.012233352164196094
15837,0.09572118006034523
15838,0.008935116274823197
15839,0.0038103324912673988
15840,0.01459068336101227
15841,0.040663233381866136
15842,0.24326001231616315
15843,0.19634725141071635
15844,0.09508141338938354
15845,0.4169213539285128
15846,0.27489375491024143
15847,0.09006771498846118
15848,0.09301789263116225
15849,0.0650593338800705
15850,0.007351593701497883
15851,0.09752101309935515
15852,0.054670344788977955
15853,0.20504791538642025
15854,0.010547894555338399
15855,0.10289761195952668
15856,0.046418263128056296
15857,0.16586399609662278
15858,0.03931848777091453
15859,0.7101904694014514
15860,0.04256858232822661
15861,0.3812465619926273
15862,0.06319996605146068
15863,0.09446631878299201
15864,0.2501093189288997
15865,0.30631282949474115
15866,0.04010207460996084
15867,0.13831929246979155
15868,0.03042881203772639
15869,0.09139646092299195
15870,0.0432519333701957
15871,0.07663183873389837
15872,0.019984679827042225
15873,0.24727649317747194
15874,0.0055397360440837175
15875,0.10323041502277076
15876,0.02430013753878662
15877,0.018565500312746574
15878,0.26133444801629746
15879,0.4651970670252417
15880,0.0706607863962709
15881,0.023678086991187453
15882,0.055383819289416644
15883,0.016172705182609055
15884,0.2253818515329433
15885,0.07150685109471559
15886,0.20805960475447013
15887,0.10798689905013001
15888,0.17129789394774297
15889,0.06345613277980586
15890,0.04554219055789563
15891,0.9364082657690452
15892,0.04185916060066756
15893,0.21464102967767396
15894,0.03759420443399223
15895,0.08344655695958421
15896,0.06660174657302755
15897,0.1685709192074448
15898,0.12658821646166357
15899,0.05601692418750364
15900,0.18412871957156599
15901,0.24244800601414146
15902,0.09581241211988263
15903,0.5129060882929593
15904,0.008667501362120576
15905,0.15237883378118863
15906,0.0812419528912602
15907,0.0651685693500566
15908,0.16377571012460676
15909,0.13174810196767872
15910,0.17859052404540612
15911,0.11875547879544482
15912,0.09601348588549849
15913,0.060371417199366846
15914,0.3675952548143369
15915,0.06771174651134236
15916,0.09371822255514534
15917,0.04528012108480659
15918,0.014891915127952071
15919,0.1663979502769036
15920,0.23482330234239418
15921,0.39011767878688336
15922,0.0578220339241677
15923,0.017592972499157183
15924,0.6777547013483182
15925,0.021034328902362176
15926,0.04983561376809561
15927,0.837734630098232
15928,0.09058438959464662
15929,0.34501890907112126
15930,0.800228929906398
15931,0.3286151574983111
15932,0.20675166620331537
15933,0.5599154296465834
15934,0.025094679639591985
15935,0.006760468852338786
15936,0.04720173113181705
15937,0.013953149785434982
15938,0.13967751229571077
15939,0.03632729021930456
15940,0.046381471299607645
15941,0.06410653520089879
15942,0.006611100927192166
15943,0.13047153913325482
15944,0.01470451876946319
15945,0.025804787554771814
15946,0.16420680285747072
15947,0.011216837457362757
15948,0.6180716566030268
15949,0.8256933453284864
15950,0.027404800175343497
15951,0.07803940153162593
15952,0.9886557189353279
15953,0.18735811342801592
15954,0.01379493078931536
15955,0.0336315069913185
15956,0.007688040406950093
15957,0.23858379498718932
15958,0.9081156498075672
15959,0.19504263944708264
15960,0.05199454390727519
15961,0.5441045879246724
15962,0.051181847182964105
15963,0.017221555863279496
15964,0.01701354608752463
15965,0.10037554075527119
15966,0.9573571292389526
15967,0.03516549859830526
15968,0.45922850469021903
15969,0.020275080356233818
15970,0.21641275929022738
15971,0.1398496789488563
15972,0.5227652993759361
15973,0.04563729167306448
15974,0.1357331415521212
15975,0.2945347612843046
15976,0.0037704965517908313
15977,0.14690253303951537
15978,0.18573320666921392
15979,0.03073592013688871
15980,0.018877248484056204
15981,0.04656040424419743
15982,0.018711133430341555
15983,0.06228332123847626
15984,0.026787906593043777
15985,0.15687004479255034
15986,0.1865798913459749
15987,0.05962053053512749
15988,0.06706221051346654
15989,0.09600361105669544
15990,0.6155770525866455
15991,0.008691307486274521
15992,0.9471247661212888
15993,0.1732168197861968
15994,0.040919810605051905
15995,0.036915861172674896
15996,0.9263277962980567
15997,0.11682479114443137
15998,0.028018550733099227
15999,0.06447266807682632
16000,0.4160674339237855
16001,0.019261997043059666
16002,0.058946513772414465
16003,0.030369786458034585
16004,0.24759731276981573
16005,0.10976850021631351
16006,0.07449391261755907
16007,0.06816017495549315
16008,0.02356558822427455
16009,0.5538294905172555
16010,0.031261393755988874
16011,0.5029750834389219
16012,0.0519310894900317
16013,0.024962136362456457
16014,0.024420310314263848
16015,0.4167575608312672
16016,0.6413377267830208
16017,0.08364357105571324
16018,0.47486830471498104
16019,0.03281950711523922
16020,0.13959679281587298
16021,0.01159427307792496
16022,0.013547640189626335
16023,0.17576194596272313
16024,0.09104731585540468
16025,0.01772285815008673
16026,0.8992255656030386
16027,0.01590714714111207
16028,0.06481952690067175
16029,0.11786521050033703
16030,0.04252622039498495
16031,0.4858222054085254
16032,0.16264373131227627
16033,0.022215655073054858
16034,0.39260398371251143
16035,0.028684346680697744
16036,0.03711141436782606
16037,0.14397267776001813
16038,0.27383440015718463
16039,0.13249293758724554
16040,0.07908939133613735
16041,0.5926877279463693
16042,0.2688162194094684
16043,0.02072584780254414
16044,0.006320451811481001
16045,0.972273086386637
16046,0.3906566784771903
16047,0.6088607170732477
16048,0.1570926884974379
16049,0.13031385451624683
16050,0.06541433532245865
16051,0.047284797993839875
16052,0.05396433552397406
16053,0.02023865809878553
16054,0.30984060552448367
16055,0.07949811669855661
16056,0.23096677822924508
16057,0.5799908165719274
16058,0.39519556611642365
16059,0.07703057256588669
16060,0.6934906409861571
16061,0.21825190546248488
16062,0.02151676806154829
16063,0.014824431189829538
16064,0.06256134938009064
16065,0.047565222097017676
16066,0.0602936018205527
16067,0.05687291971125037
16068,0.2240092175252196
16069,0.19875082348850429
16070,0.6256616808391531
16071,0.02060892832564476
16072,0.08626299507761019
16073,0.22987758590393867
16074,0.06268811583583021
16075,0.4544701665687767
16076,0.32785372651734324
16077,0.482059816772916
16078,0.8348796480655153
16079,0.8868439908215213
16080,0.03454951553678173
16081,0.0392787133021792
16082,0.2606669117975645
16083,0.20184861358492462
16084,0.04912101370711968
16085,0.026554790134787377
16086,0.6234115981119983
16087,0.031580017566690044
16088,0.02792923940012844
16089,0.007774863060934339
16090,0.8258131722552087
16091,0.1530239796460859
16092,0.10451206403962524
16093,0.06357904194926572
16094,0.45595756207389104
16095,0.27210351053499
16096,0.04035606659811477
16097,0.18964700324100428
16098,0.2541056417281638
16099,0.14523711369438552
16100,0.0068820845795193744
16101,0.019987563148180534
16102,0.1480385809325575
16103,0.08424887728745287
16104,0.014335930544430133
16105,0.5321066508186308
16106,0.31124367523360225
16107,0.04151210774940055
16108,0.8989123698549336
16109,0.1432304696366671
16110,0.03886231247173721
16111,0.43050768966434
16112,0.10833701387154353
16113,0.13971668313479613
16114,0.009959830220774707
16115,0.12731195709813767
16116,0.03038259274863444
16117,0.02644183720366168
16118,0.01049625631447055
16119,0.4831149943175584
16120,0.014145283943769689
16121,0.015009302922813137
16122,0.025268626911079513
16123,0.032563709430696544
16124,0.011643561068228817
16125,0.004848270460109743
16126,0.04436279717949439
16127,0.011294459290683295
16128,0.4288010714221603
16129,0.17179522479342313
16130,0.7395556939696052
16131,0.01723135530909887
16132,0.6531830284946972
16133,0.676280694086131
16134,0.4346217918963204
16135,0.04047842393093184
16136,0.06919978128356351
16137,0.04676506177640966
16138,0.010235654898013454
16139,0.013742886020479007
16140,0.01606292025881799
16141,0.33736285335176924
16142,0.07167679604660818
16143,0.06623015938132346
16144,0.005920456024871268
16145,0.05015573901176324
16146,0.11522078255134727
16147,0.12409108194025631
16148,0.35459892234735774
16149,0.7981947522266564
16150,0.06728612087040213
16151,0.048026072588294895
16152,0.7840775471432263
16153,0.5692252946977272
16154,0.007869802981060908
16155,0.3619725852545828
16156,0.02823173791627389
16157,0.07330627678787306
16158,0.5944047748261225
16159,0.19276615358957797
16160,0.21902211923238593
16161,0.4364658167026144
16162,0.015345997972956335
16163,0.0611389189874306
16164,0.34121007614884447
16165,0.11921713496123641
16166,0.04913006901351857
16167,0.26976165771209754
16168,0.09849135421087876
16169,0.09191386742716669
16170,0.060687471728693904
16171,0.47055650637410346
16172,0.08869490136150879
16173,0.6325746332881643
16174,0.448582427164413
16175,0.07265998561513823
16176,0.05137572868027883
16177,0.6347301292015046
16178,0.033626953314164786
16179,0.17773892543734987
16180,0.016288751881468753
16181,0.03224630188233052
16182,0.08233957878057148
16183,0.014126982870914106
16184,0.034058321409078045
16185,0.10203355943046406
16186,0.9125084848435826
16187,0.06732537371180852
16188,0.2379359138392544
16189,0.054769173148057175
16190,0.01470227210123086
16191,0.7480942238116131
16192,0.951454883373706
16193,0.23801473193463424
16194,0.12539293818326439
16195,0.147162316352832
16196,0.14837614732154286
16197,0.0510165964638549
16198,0.10334502669275936
16199,0.24078924115325626
16200,0.00995189876156129
16201,0.1502422874428383
16202,0.12677762272610363
16203,0.5025074982600557
16204,0.04191143704120128
16205,0.3483511083836615
16206,0.06029120259234501
16207,0.0853508474490054
16208,0.21048697641247296
16209,0.3614440975053853
16210,0.23198801332076166
16211,0.3829732601440468
16212,0.07022184294776782
16213,0.2907205013334559
16214,0.2084482586274819
16215,0.2152125576637098
16216,0.01069127366416731
16217,0.4736713241556632
16218,0.25683961639622044
16219,0.12312057987545226
16220,0.024797772235400067
16221,0.056141873591253076
16222,0.588762634055801
16223,0.9523539693076734
16224,0.0126741388961501
16225,0.04381457266728352
16226,0.08110595492135364
16227,0.013652037000114903
16228,0.05079344945328069
16229,0.36758864104255495
16230,0.09502751060080536
16231,0.4487447972796319
16232,0.7465189786685326
16233,0.8101924786482543
16234,0.9319422087089124
16235,0.011106980116142088
16236,0.028294825437148303
16237,0.7267577642373432
16238,0.13739464205365035
16239,0.015719921456796807
16240,0.06184055149144191
16241,0.02146931781341564
16242,0.05591998406596227
16243,0.32848576554513625
16244,0.18976876337257187
16245,0.39812996045009963
16246,0.012936181195870063
16247,0.019683004917637883
16248,0.9550243538537941
16249,0.22807297730599382
16250,0.3683631609174616
16251,0.7182236560880575
16252,0.012629715637500018
16253,0.0866508302692045
16254,0.03279049950129032
16255,0.5177937428153145
16256,0.010790573923840606
16257,0.02990898714936789
16258,0.13819340043423026
16259,0.10813255321756761
16260,0.03743722833759725
16261,0.11635424240425776
16262,0.0178228368505175
16263,0.03570396057731763
16264,0.056598519336121825
16265,0.02641675673913851
16266,0.7316769524662771
16267,0.043795643033500246
16268,0.05013008278219079
16269,0.05479143019778797
16270,0.047004816941530574
16271,0.02755332774780503
16272,0.07602078922118385
16273,0.08680802050169589
16274,0.22647859156167205
16275,0.07759425475799006
16276,0.06679681995600621
16277,0.9244560505972725
16278,0.11650383665147612
16279,0.21872184653375698
16280,0.006721293562690683
16281,0.5212806791421665
16282,0.1030929243484824
16283,0.021123710265535015
16284,0.1768229451930643
16285,0.0729979877275675
16286,0.06782513237614071
16287,0.09341353816516593
16288,0.3788901924917651
16289,0.015977866665967157
16290,0.0182423782426774
16291,0.022702059849454073
16292,0.696083747165258
16293,0.8235944451416853
16294,0.031118083058380448
16295,0.07142046038539633
16296,0.10704751830514245
16297,0.7509732342507206
16298,0.1525410913593627
16299,0.8052593952021707
16300,0.10856874995246654
16301,0.37936832563783396
16302,0.4318327552351527
16303,0.03287195527178304
16304,0.049601237807943524
16305,0.06268631839143435
16306,0.10263679586937986
16307,0.7635453197184471
16308,0.03701782496203992
16309,0.2410729658734926
16310,0.04261119736766236
16311,0.0929738224494624
16312,0.869773539167888
16313,0.22363730220325825
16314,0.003551679531008778
16315,0.6977632352567057
16316,0.6887072419623187
16317,0.06393859284812614
16318,0.06329980905161549
16319,0.2076049411261524
16320,0.3545858501820519
16321,0.08139718132795304
16322,0.5815376536986316
16323,0.007803090695572617
16324,0.011138645332659144
16325,0.1770665036458391
16326,0.09899348112145809
16327,0.09619679114706961
16328,0.38742088848955447
16329,0.024117133443708343
16330,0.4132871144641758
16331,0.01814426416782629
16332,0.10865106777973342
16333,0.03345309645133108
16334,0.1706818802424626
16335,0.05828990282726036
16336,0.28489029765052926
16337,0.016475547614797796
16338,0.007253521583873117
16339,0.02252402331188651
16340,0.014535794554327195
16341,0.2946163904707988
16342,0.03578350962509117
16343,0.1732091230166157
16344,0.06076540024996689
16345,0.054721009719457016
16346,0.16222886014450427
16347,0.1444784362804607
16348,0.0630552479533843
16349,0.17010431552508112
16350,0.01124934097187012
16351,0.0521670873841399
16352,0.04623960144867096
16353,0.02971723143105047
16354,0.04271344463020252
16355,0.7067812440793808
16356,0.20285586118055546
16357,0.8203361738693151
16358,0.038595704337682044
16359,0.18590981262329978
16360,0.048400653970589035
16361,0.7575878631540961
16362,0.02645941581029287
16363,0.01446002478789556
16364,0.0603770705951225
16365,0.36005437600488066
16366,0.4614031173798512
16367,0.014067854732414505
16368,0.6125252700456875
16369,0.14154398438486857
16370,0.43342322128836275
16371,0.017070579230285998
16372,0.02358547045015752
16373,0.05631703713361521
16374,0.069538735759805
16375,0.04235152545224009
16376,0.20082350729954565
16377,0.11254432814441179
16378,0.016866139770312993
16379,0.34010584527350735
16380,0.38773804431523917
16381,0.384389019184366
16382,0.03898511915561926
16383,0.014848591996456668
16384,0.03512847954220025
16385,0.13040525200431227
16386,0.8879510721591279
16387,0.07312106767567732
16388,0.06743620844198213
16389,0.927945342377947
16390,0.4937355703202173
16391,0.2545574997839256
16392,0.1333296394413033
16393,0.006491292205013106
16394,0.015538164517860298
16395,0.031920701426354496
16396,0.38814950791531566
16397,0.0964256721979759
16398,0.709373013290724
16399,0.01691355171305191
16400,0.10325908408418741
16401,0.030902506497143923
16402,0.7958664500832314
16403,0.03140061713029588
16404,0.0035482487698971195
16405,0.16312337424188128
16406,0.3731795442119222
16407,0.550852705415175
16408,0.4325987855953779
16409,0.02538052134558824
16410,0.05443284014381612
16411,0.04491688608817295
16412,0.9481777720466987
16413,0.8111124473039489
16414,0.13906051992238494
16415,0.03398759535956084
16416,0.05482034155144557
16417,0.09269486003333975
16418,0.052669211292350346
16419,0.17556278281228999
16420,0.09243476054730411
16421,0.07929978356045442
16422,0.13416836921337497
16423,0.543912462497294
16424,0.025840470078623317
16425,0.2563197439815703
16426,0.09023233707517624
16427,0.004380493690218794
16428,0.02696091525273365
16429,0.8980525797174383
16430,0.010176655516993146
16431,0.03391224703954229
16432,0.13690332215030981
16433,0.07268538834133029
16434,0.3536770975792313
16435,0.008632255908802568
16436,0.039524284144672996
16437,0.006742166754173295
16438,0.07581235879995736
16439,0.05623303729999786
16440,0.0062549748963018565
16441,0.023795070042785187
16442,0.11942285687933474
16443,0.26464201676727495
16444,0.360933324634681
16445,0.22187357122935017
16446,0.11196333449635942
16447,0.27513425629565486
16448,0.03304937077113213
16449,0.012825337222902532
16450,0.07507036346983456
16451,0.011040961504252402
16452,0.789710124639055
16453,0.1105488227843256
16454,0.37796497221093517
16455,0.20758958847113673
16456,0.11479583615149058
16457,0.29192094424955395
16458,0.09080007080872672
16459,0.04687053405042481
16460,0.028402863234656628
16461,0.08707001606087848
16462,0.007877966675873586
16463,0.885569573320845
16464,0.02090365057103909
16465,0.07718135024650463
16466,0.21268855597415914
16467,0.05365693310073696
16468,0.12017112007408516
16469,0.062409565971790565
16470,0.0405177712296186
16471,0.4729733781427348
16472,0.03007434319282015
16473,0.1463257983875766
16474,0.024215989790156173
16475,0.8758720838159618
16476,0.700787267774005
16477,0.021791844437891904
16478,0.03507658134640549
16479,0.04617476091849974
16480,0.05913566596598943
16481,0.05758939798570409
16482,0.0029434534794068427
16483,0.4479985599491308
16484,0.03934595365707755
16485,0.005729935286314625
16486,0.12143943829484884
16487,0.04300272975379328
16488,0.029296779264739517
16489,0.7732510246708454
16490,0.10875671572234823
16491,0.03470042390067609
16492,0.24660397222216532
16493,0.05267980859676898
16494,0.34468691796630774
16495,0.006758449631537211
16496,0.1381374965744448
16497,0.04403510649691044
16498,0.08976695733301544
16499,0.01155651996945759
16500,0.06048293099728528
16501,0.08979694757771207
16502,0.1000914189166139
16503,0.16463239122047468
16504,0.017044413094003882
16505,0.02579829090722366
16506,0.14221626196458717
16507,0.018854713246124612
16508,0.49450721867221237
16509,0.05867053316217351
16510,0.09769498458562441
16511,0.029714311673620892
16512,0.015008387654033247
16513,0.09591944296203868
16514,0.22010508652044253
16515,0.01605992790718467
16516,0.006098714531931894
16517,0.1351589509217712
16518,0.639952872298481
16519,0.011457778792629804
16520,0.0941597684973834
16521,0.03026566516811747
16522,0.08659014728970414
16523,0.3375354751665425
16524,0.13067576204889855
16525,0.7038384628467876
16526,0.04259443837608642
16527,0.010289838911305556
16528,0.9161847355917382
16529,0.360275418735934
16530,0.014070371886725887
16531,0.008063958996301888
16532,0.7294098510200339
16533,0.012814132207246979
16534,0.06331445081842023
16535,0.08851451415893545
16536,0.1449837329331105
16537,0.008634577361446695
16538,0.055032444928299465
16539,0.6540521816179033
16540,0.3060357207577029
16541,0.020301608795750638
16542,0.07841142249168015
16543,0.47549642030564293
16544,0.29368972889102557
16545,0.13382846053224307
16546,0.014861186962224184
16547,0.2941035008979662
16548,0.6271571054654936
16549,0.08402331028757992
16550,0.0651184017274207
16551,0.02800820702796668
16552,0.060564977542470665
16553,0.12120470739740376
16554,0.026147170550968758
16555,0.05471338271990385
16556,0.34237448031286766
16557,0.7679386946583971
16558,0.06781494469939606
16559,0.19511663673317417
16560,0.11724564164938875
16561,0.10272272625008574
16562,0.15732378231604413
16563,0.04103213981469563
16564,0.08814291864740785
16565,0.969553397951637
16566,0.14410053275663542
16567,0.1738980472512436
16568,0.397542657442487
16569,0.024164125700391358
16570,0.16927135061411813
16571,0.07369710397592592
16572,0.04467693180148163
16573,0.006829813277934353
16574,0.5186447017239347
16575,0.02969853009321694
16576,0.050168851962218666
16577,0.05792728832908792
16578,0.04854704692189093
16579,0.08187867613410556
16580,0.014454355645509447
16581,0.027781079276895427
16582,0.19981836879615356
16583,0.09179814317537673
16584,0.010042030870800724
16585,0.02490531341741491
16586,0.48061269063801937
16587,0.11865974863195788
16588,0.7927975726588117
16589,0.04056636122442093
16590,0.5062265450716646
16591,0.008909761772642699
16592,0.9378911181629781
16593,0.22610862713115362
16594,0.7239711909878164
16595,0.05755748708002774
16596,0.0779230193602466
16597,0.5963436123450584
16598,0.7124939823120907
16599,0.01772697292174958
16600,0.4860480371571565
16601,0.03737307600895147
16602,0.52482382074374
16603,0.00993575753203967
16604,0.13918482180466482
16605,0.1409866198308883
16606,0.06483337147347129
16607,0.06264722999060163
16608,0.7812383561979971
16609,0.5448147522390471
16610,0.390661455440487
16611,0.06961687679799596
16612,0.01468942323781292
16613,0.028566115492455132
16614,0.3799320915123973
16615,0.10221775412257286
16616,0.2088389018964698
16617,0.030680641463518187
16618,0.01807691575400647
16619,0.11371818389710642
16620,0.10436165556263861
16621,0.7417359865767529
16622,0.755916285193579
16623,0.1624590667591423
16624,0.4293852433045144
16625,0.07305577068434138
16626,0.01580231496752182
16627,0.05780447615039628
16628,0.008300580841840589
16629,0.016601547763617983
16630,0.11926789225924912
16631,0.82562497343866
16632,0.11692024197493997
16633,0.2972397860495994
16634,0.028277658099320802
16635,0.744707098884236
16636,0.21171792359483538
16637,0.022064782236917012
16638,0.18281662200423268
16639,0.12587423540225223
16640,0.29627184945402923
16641,0.014368815220900324
16642,0.02329938315007817
16643,0.11529683439433504
16644,0.10696752575802025
16645,0.20526513919706196
16646,0.041598280467941826
16647,0.034109975741454045
16648,0.08116888573731872
16649,0.15296838102929877
16650,0.006168407764049033
16651,0.008225792586503576
16652,0.14346456004231975
16653,0.01002475945891678
16654,0.04267784409556357
16655,0.009107063779776388
16656,0.38041201042097217
16657,0.3161538416537803
16658,0.039288245334701814
16659,0.03494363065397994
16660,0.6331385524932734
16661,0.08225218955068266
16662,0.05723977367785766
16663,0.06866046265277062
16664,0.011269753286590972
16665,0.06884744912548771
16666,0.03470869661810865
16667,0.032965936227936754
16668,0.823138336928017
16669,0.022951515972736678
16670,0.043161992965732726
16671,0.009938370638191658
16672,0.24438830000966003
16673,0.8235483846325398
16674,0.04499491972629106
16675,0.06710843025548972
16676,0.023539362942566526
16677,0.032397591204732096
16678,0.03504850744959288
16679,0.01018056727595298
16680,0.014012689331012981
16681,0.08210314860255347
16682,0.4160064215380796
16683,0.04941789529502791
16684,0.023550079371672073
16685,0.050319757034443545
16686,0.25538950229250135
16687,0.07479679590539452
16688,0.12514491472045258
16689,0.049207595629653544
16690,0.12464968284461253
16691,0.1540369705710929
16692,0.022573382836887524
16693,0.11214950199062913
16694,0.04331103559456328
16695,0.023810248753211694
16696,0.013824189202862793
16697,0.07191585215161513
16698,0.059765204306076625
16699,0.07746160620483941
16700,0.06552398247166173
16701,0.8750728135623373
16702,0.013105596992236786
16703,0.04762755306650387
16704,0.07689005360831223
16705,0.07721639367611143
16706,0.02805555789631461
16707,0.5324460224388095
16708,0.024554014353748137
16709,0.03776759087554924
16710,0.07806737438141864
16711,0.578319348609536
16712,0.07057164832904954
16713,0.8395818203492886
16714,0.07862826397894454
16715,0.22726968240918605
16716,0.09369141893068442
16717,0.19868041495709848
16718,0.36614834024440435
16719,0.7730852732917513
16720,0.02663228977044022
16721,0.6752844725923791
16722,0.1802261474129558
16723,0.01809368705209571
16724,0.07290225852215695
16725,0.02456975923614166
16726,0.00996498350044681
16727,0.01640773257955669
16728,0.2445558728238585
16729,0.1054804174575734
16730,0.006188562128226485
16731,0.057738100390917334
16732,0.9161743224452353
16733,0.059328801375821
16734,0.08012558495260737
16735,0.2707668439974076
16736,0.7977202674732123
16737,0.04188198821336166
16738,0.023744008716870976
16739,0.022836376084217715
16740,0.015987545018200718
16741,0.07902136430218774
16742,0.2730379633924117
16743,0.0319423770562969
16744,0.10859075281645408
16745,0.010725087111379046
16746,0.014189979901820741
16747,0.013574445050436156
16748,0.1500717185066847
16749,0.05861686062785112
16750,0.007389597149059042
16751,0.008067474958104677
16752,0.150084731337012
16753,0.02281093748588888
16754,0.027844859055666017
16755,0.056182101940706004
16756,0.044020089223852345
16757,0.08661666176756445
16758,0.010774269103914035
16759,0.10594891972468298
16760,0.033426650770713356
16761,0.08104101329891282
16762,0.02232642858445346
16763,0.227150736832918
16764,0.7492239793136396
16765,0.04314419272819538
16766,0.1501208780466917
16767,0.14270737281286466
16768,0.10489447694436592
16769,0.19248940084165486
16770,0.6596626762320172
16771,0.019454977252407583
16772,0.259282035896433
16773,0.012226174522386092
16774,0.02267362628083064
16775,0.04998877582381339
16776,0.026391185892299433
16777,0.13320734282015148
16778,0.6140541821403404
16779,0.017695013467790517
16780,0.16706410447375242
16781,0.190790500066361
16782,0.5392196944318938
16783,0.05277937794694024
16784,0.3299839526108839
16785,0.016026848408930067
16786,0.01832054857588064
16787,0.04280182326932338
16788,0.051647096137575156
16789,0.5865429048048784
16790,0.041710586235363174
16791,0.014447292102882025
16792,0.1867853744955273
16793,0.07735383558797317
16794,0.13531543253246492
16795,0.33588127080479235
16796,0.07595017861545127
16797,0.10704816490181626
16798,0.08150194474343683
16799,0.029873018850905406
16800,0.1672151289391835
16801,0.16308925476621336
16802,0.05460037082891584
16803,0.006184972763416366
16804,0.42332519388802897
16805,0.006573397884205599
16806,0.013362382404603784
16807,0.7721993997636937
16808,0.011598563675938436
16809,0.009236763384222793
16810,0.03979016241665184
16811,0.008087231846273506
16812,0.024920465841077186
16813,0.2050618561926855
16814,0.21639427359104094
16815,0.09290789026905522
16816,0.019950597834851955
16817,0.07834564136707056
16818,0.7155176840813683
16819,0.4177168586089928
16820,0.1777616837659206
16821,0.9137780802112107
16822,0.012352707043561867
16823,0.05731872879432154
16824,0.8823516888609632
16825,0.06536083371233675
16826,0.04284972804699854
16827,0.008325504864446819
16828,0.013862346219079828
16829,0.9148638066603918
16830,0.2787324889436939
16831,0.8830400664983854
16832,0.922912450611805
16833,0.5590653881165258
16834,0.026893751166307815
16835,0.07886006443184633
16836,0.45075693626121943
16837,0.22256023582241907
16838,0.4946169903578466
16839,0.7374751227071938
16840,0.9603339765526933
16841,0.04113478840522985
16842,0.24196588662539006
16843,0.15776509567988653
16844,0.8572451327220767
16845,0.04090853460989829
16846,0.8434215095999089
16847,0.673897486028681
16848,0.6628484714198194
16849,0.11927505926449479
16850,0.9539890207984262
16851,0.15474407489818526
16852,0.02866971309684819
16853,0.1276937000398212
16854,0.34311746101308516
16855,0.04497783114169564
16856,0.6542604364763255
16857,0.38999744894333
16858,0.7735127709026335
16859,0.0274706026828247
16860,0.17898100397850084
16861,0.007448768191983188
16862,0.08414137041602525
16863,0.0802515874467238
16864,0.05213982253071212
16865,0.02439268498905915
16866,0.18103682199664967
16867,0.09334643581199918
16868,0.20082368584321514
16869,0.031701164073489684
16870,0.13480465177088968
16871,0.5009865805551504
16872,0.1566522706806631
16873,0.03190161283416753
16874,0.030461186296703135
16875,0.7321602781422356
16876,0.01765157470382431
16877,0.016219390689218433
16878,0.00990285254994066
16879,0.026702667640752378
16880,0.07087129602797819
16881,0.1303046496821841
16882,0.04501511336631892
16883,0.08351263208452245
16884,0.14056396622348183
16885,0.11757457376956014
16886,0.006128293760783147
16887,0.14920403835624046
16888,0.013434401261140053
16889,0.2514891255821496
16890,0.15541221612548695
16891,0.01697709305627304
16892,0.16043583096555875
16893,0.2835149373633312
16894,0.036346555247924586
16895,0.03626661861400004
16896,0.06812555885460392
16897,0.03964101688914504
16898,0.054266403213281966
16899,0.05545535234002789
16900,0.0930913315361899
16901,0.01926483284756828
16902,0.921351131773757
16903,0.09234684263205394
16904,0.2778713024347282
16905,0.018327867839321717
16906,0.06045153472214618
16907,0.05562759693891923
16908,0.11479952357842024
16909,0.0062679104262801455
16910,0.010726704615988602
16911,0.11950154946974408
16912,0.0374573679741808
16913,0.031031294942284376
16914,0.03837992820123232
16915,0.10227743118435279
16916,0.0255470651834091
16917,0.04724179478906487
16918,0.6302869694655973
16919,0.036992102904008624
16920,0.033321481345908344
16921,0.03811987166732585
16922,0.15005680926133663
16923,0.0888663594138224
16924,0.16983407194002392
16925,0.03602462063910991
16926,0.036717624939191874
16927,0.01912186815355739
16928,0.4247433010018242
16929,0.5482773498467303
16930,0.014431262655623228
16931,0.7577393296533238
16932,0.18922981225972
16933,0.11514232656898117
16934,0.03257328910677526
16935,0.12403410022228732
16936,0.7970324117752258
16937,0.13594683208547165
16938,0.007044219487729404
16939,0.06202007067919284
16940,0.4784899066224528
16941,0.06915540550999959
16942,0.14593583128946977
16943,0.9454979160182441
16944,0.050630285177829706
16945,0.033090543492070586
16946,0.0861511688439466
16947,0.049592895530816826
16948,0.034008123900584795
16949,0.4702881746558918
16950,0.13120584653982445
16951,0.959657843647155
16952,0.026298373601677163
16953,0.1504774018565273
16954,0.4080723729091735
16955,0.018926782581915002
16956,0.08404759204437257
16957,0.5854469786998563
16958,0.09745160599424456
16959,0.010500411317777467
16960,0.40385946667194894
16961,0.020355467829997347
16962,0.07977687215052359
16963,0.13550807469940807
16964,0.05980145705532424
16965,0.02356437387217274
16966,0.9354510725588208
16967,0.1533862258972172
16968,0.9326021908755296
16969,0.04022184428522627
16970,0.018944605026064928
16971,0.7155612210869073
16972,0.8927446787321416
16973,0.48101703179477284
16974,0.18888389812113843
16975,0.026759781995616638
16976,0.16424239924593056
16977,0.05147652341644441
16978,0.14881834581540335
16979,0.06892770697139328
16980,0.5283530023551268
16981,0.7997656110420666
16982,0.8323688361904327
16983,0.9475988036315883
16984,0.08163435819937447
16985,0.02561951917106095
16986,0.006381441703739168
16987,0.02085537911199329
16988,0.011825239083883547
16989,0.4142933365405219
16990,0.025620160578295262
16991,0.03538886046474533
16992,0.1305333957650425
16993,0.011289419465681691
16994,0.168693230519182
16995,0.05209081169697388
16996,0.019136072901664768
16997,0.1145618948738296
16998,0.7257251959192171
16999,0.09567753233048848
17000,0.027189382572372724
17001,0.018196469867034337
17002,0.049839709572938935
17003,0.7051929556752045
17004,0.05907086884855344
17005,0.25674666744820684
17006,0.03544157696872655
17007,0.3287133521826772
17008,0.17135426042296456
17009,0.33607025468574714
17010,0.13416586152285065
17011,0.11312655906453435
17012,0.054736062727328394
17013,0.031061713416764287
17014,0.586438293354004
17015,0.64431399964976
17016,0.08976846352890942
17017,0.19019803874303107
17018,0.05511688277339556
17019,0.07067351735225588
17020,0.04998078263556927
17021,0.03238226230610967
17022,0.11437689690925028
17023,0.9565572243157889
17024,0.039454171220089394
17025,0.06957876817681591
17026,0.012594619358310506
17027,0.027590467842735087
17028,0.837049792428126
17029,0.05386289338375273
17030,0.010474397724337111
17031,0.013107885435365268
17032,0.4046684701131614
17033,0.06731196328606573
17034,0.03894674935644599
17035,0.04198380812378401
17036,0.06152967669045473
17037,0.01182047197444206
17038,0.009008110435724739
17039,0.038970620310786123
17040,0.027496795803586025
17041,0.012265954028781986
17042,0.9467974094996269
17043,0.03973408625743775
17044,0.06784687664330515
17045,0.23708934742959079
17046,0.7363111769955151
17047,0.023570801378311405
17048,0.07268457030484156
17049,0.17043652943131765
17050,0.06853038638260878
17051,0.8596438334995777
17052,0.181408441320479
17053,0.8082356544495645
17054,0.08527446213823645
17055,0.10432922935049795
17056,0.08563792718747261
17057,0.04543468743968006
17058,0.041047493202083
17059,0.026873014785034958
17060,0.6619380358601388
17061,0.9616756564699697
17062,0.01961312170273139
17063,0.08781428575108274
17064,0.17514273019303891
17065,0.13121638799338736
17066,0.7040369462639314
17067,0.4543477874868701
17068,0.647279648667859
17069,0.34639666009154885
17070,0.5716931206713756
17071,0.7978289657781299
17072,0.11861432719179267
17073,0.05118584439507422
17074,0.25462023614856966
17075,0.10395648211917388
17076,0.05873566298418602
17077,0.5785720794710189
17078,0.5114326682440506
17079,0.2736670055383971
17080,0.15160060462951166
17081,0.07837975902068854
17082,0.07253560769987312
17083,0.03315265635603379
17084,0.19727117324224194
17085,0.8661189912487752
17086,0.05567112784393003
17087,0.09190402926175129
17088,0.01633399851911663
17089,0.0889218708119127
17090,0.01500509459227148
17091,0.040579692353053844
17092,0.10626741274173278
17093,0.013376240389226642
17094,0.04060386649361035
17095,0.6279570154262056
17096,0.48461656028790145
17097,0.5952644020370398
17098,0.03325630027407812
17099,0.019454859261703653
17100,0.5629982358788023
17101,0.18040445682541706
17102,0.6250433913092783
17103,0.0859839734791909
17104,0.17160615478092625
17105,0.06372201723395327
17106,0.05967994933078485
17107,0.06412467583447723
17108,0.13717987170838206
17109,0.0636158628381689
17110,0.009110353757027888
17111,0.07546066733129471
17112,0.09697325115630176
17113,0.12275015597614747
17114,0.02131571812159203
17115,0.12983802876896428
17116,0.22597036815010887
17117,0.04433312736335682
17118,0.49229108663056886
17119,0.07243855009595473
17120,0.11187523660370464
17121,0.022591933899936117
17122,0.33465852880354974
17123,0.21350937655694402
17124,0.9559698940020385
17125,0.03176198451586255
17126,0.17391330320151235
17127,0.02567498374907431
17128,0.898097677382757
17129,0.10927941184275328
17130,0.3471518771989767
17131,0.03201395389762288
17132,0.4647629081524311
17133,0.049934570453311004
17134,0.14518064766902053
17135,0.2549882192383625
17136,0.18798279788127528
17137,0.0734162896598549
17138,0.9912884087694285
17139,0.2921132281649173
17140,0.054964284465591644
17141,0.35470264850797756
17142,0.26104514955755703
17143,0.48051102459573947
17144,0.02561768360117341
17145,0.048386770947721536
17146,0.1586299736692632
17147,0.18300527657464258
17148,0.08761003777018414
17149,0.1033541237401635
17150,0.09919363562183126
17151,0.07962269414272395
17152,0.04806748294593736
17153,0.0557235261882844
17154,0.12218354636270963
17155,0.02505068283274512
17156,0.32773191050619144
17157,0.16984823712199087
17158,0.23928568313594806
17159,0.07653882308853512
17160,0.17626197969757035
17161,0.3537371366717046
17162,0.03569076891971792
17163,0.7488198704512586
17164,0.020005016331024774
17165,0.002977317806043851
17166,0.06501377194441592
17167,0.07364400759598004
17168,0.06505546729794148
17169,0.4780481826684886
17170,0.029546604125995534
17171,0.04227217177290875
17172,0.06206510127869434
17173,0.1667789918426053
17174,0.08779033392764032
17175,0.24266161426560193
17176,0.06270696723813257
17177,0.3769465638552493
17178,0.05331720023734129
17179,0.3058389941014953
17180,0.017446290546462316
17181,0.4581327760442568
17182,0.984943889560079
17183,0.299514272395408
17184,0.2714646838138341
17185,0.05418077006821049
17186,0.04009935767658826
17187,0.07244900899065304
17188,0.92194800818411
17189,0.053805910846966995
17190,0.2824076381397676
17191,0.04314856024625709
17192,0.009729949773318982
17193,0.012923831196313705
17194,0.019702386951998555
17195,0.050931203261307983
17196,0.04165157664430115
17197,0.027704690333120084
17198,0.1449677136281889
17199,0.938448298434574
17200,0.0431409718453481
17201,0.10145165714817522
17202,0.033022793643167
17203,0.09775353299935781
17204,0.08687284423004155
17205,0.03936436945612144
17206,0.02469131982714275
17207,0.025028839351228824
17208,0.020054377191448012
17209,0.033623036110119235
17210,0.02502003437337189
17211,0.007844799495695306
17212,0.11154659777509962
17213,0.09123629611222811
17214,0.3601013078602756
17215,0.9776616187857051
17216,0.02925693122472904
17217,0.3094678229870603
17218,0.284810891682738
17219,0.010483361532897133
17220,0.01533508858028288
17221,0.11312284002575516
17222,0.3092829680523894
17223,0.16110884119121016
17224,0.057826848285733985
17225,0.03348997557614676
17226,0.08608335877625227
17227,0.015605509655322819
17228,0.10627637156403417
17229,0.636612319191754
17230,0.022022308911513654
17231,0.014943017326645564
17232,0.03562690641780709
17233,0.053204325925423124
17234,0.14584471647713237
17235,0.03648443493079115
17236,0.015477129419477901
17237,0.05951526577470489
17238,0.23133032164090256
17239,0.15351599022768994
17240,0.009766920608584312
17241,0.031531517890584206
17242,0.07617352429668094
17243,0.0520675973214493
17244,0.25517892724741753
17245,0.003977305281727346
17246,0.031126276933585308
17247,0.02922733782624364
17248,0.07796888016907136
17249,0.10416378454904042
17250,0.5007330496471123
17251,0.47739503488748086
17252,0.17643912720284735
17253,0.09598454238187405
17254,0.10608318958086764
17255,0.1108011693158863
17256,0.05289001304850134
17257,0.9524942440795571
17258,0.6722024501390649
17259,0.8232813069050456
17260,0.15826433130263584
17261,0.0606197653153204
17262,0.26263979447190466
17263,0.02739779682427782
17264,0.4107933056717498
17265,0.029069802090938773
17266,0.008742979416175493
17267,0.041274002164038696
17268,0.6825332228388667
17269,0.24843599270942662
17270,0.03040969762040353
17271,0.025014664186480417
17272,0.13802791689289823
17273,0.8977547478212092
17274,0.06025809071551496
17275,0.2569893239894661
17276,0.1161523531931827
17277,0.08484817666827561
17278,0.033315038797785065
17279,0.8703560248819446
17280,0.200775165133117
17281,0.10679240859914901
17282,0.07912411320491741
17283,0.6110960519460962
17284,0.3351339001627257
17285,0.014546066045136733
17286,0.044172373585005364
17287,0.38269921174514
17288,0.011489498377944201
17289,0.08405660215457844
17290,0.013329061633737973
17291,0.014590243494405013
17292,0.277872549563663
17293,0.32170640243163445
17294,0.7050141175648931
17295,0.019025672554896837
17296,0.00768953492726758
17297,0.04918715394233482
17298,0.11350537778625035
17299,0.16874504995417774
17300,0.04161882584435595
17301,0.9010516211664428
17302,0.13008747522672678
17303,0.06449275131248253
17304,0.056576682380254595
17305,0.016370816213257772
17306,0.3325588386956543
17307,0.06954021244118175
17308,0.02018298322607245
17309,0.9481573193161287
17310,0.17000544604733703
17311,0.12680830292722056
17312,0.7639531590409087
17313,0.7805603442934494
17314,0.022878772883985776
17315,0.41937793510040355
17316,0.08419466303778146
17317,0.019096400870404588
17318,0.047288728704431314
17319,0.12221785621720993
17320,0.09329460540464167
17321,0.0993012329386581
17322,0.07067666724536414
17323,0.9759534423057303
17324,0.1691841506879536
17325,0.01805166276229475
17326,0.11643408256011024
17327,0.024132971385810775
17328,0.6100440601042016
17329,0.042526826519836684
17330,0.04383197983307181
17331,0.5291191903046819
17332,0.09588964829466898
17333,0.6430598247292898
17334,0.3525604665648246
17335,0.0913536381700098
17336,0.14378688198930234
17337,0.21429742192136889
17338,0.06281716683134925
17339,0.1232647009197664
17340,0.11802928161095015
17341,0.05297233261621287
17342,0.5598032709058004
17343,0.0417119731051044
17344,0.922904890187987
17345,0.0966670253388425
17346,0.06770532993003503
17347,0.8443428658917643
17348,0.3201613320778919
17349,0.011653476786411673
17350,0.07347070647146121
17351,0.06809803541668606
17352,0.05766215790827295
17353,0.007079403289953645
17354,0.5128431923732206
17355,0.1751346149639753
17356,0.6966408290562076
17357,0.182336290869304
17358,0.01557881509724686
17359,0.04509535700575687
17360,0.27809448417325994
17361,0.3133037097248158
17362,0.1220391547600643
17363,0.4628377413301393
17364,0.14937390563404612
17365,0.015178723103780397
17366,0.08095946852408366
17367,0.08400923497605706
17368,0.22392018879709022
17369,0.04507840980078777
17370,0.006857877182778445
17371,0.9495226532357894
17372,0.12367719259593954
17373,0.054291812483087794
17374,0.005389359004289683
17375,0.022986066933458234
17376,0.8463309368477901
17377,0.5349603783859743
17378,0.26464582772855355
17379,0.934913742614235
17380,0.05266787352045161
17381,0.007496989659624554
17382,0.0797925053488737
17383,0.01772073653609448
17384,0.04331415193554143
17385,0.7981130590370611
17386,0.00858231512759201
17387,0.384902100106819
17388,0.2987383781812708
17389,0.04208110949583889
17390,0.030114702722831725
17391,0.739182496138102
17392,0.15065124487148354
17393,0.14711833355702364
17394,0.406967068936624
17395,0.179876359229829
17396,0.46608324943051105
17397,0.18399470738304288
17398,0.9284672054154598
17399,0.0512316931258527
17400,0.2081816690362877
17401,0.020313744397169767
17402,0.049412606356487525
17403,0.5120617822961706
17404,0.13924135305130259
17405,0.3633207990178056
17406,0.08204634495511386
17407,0.015710791326758206
17408,0.21359334724738963
17409,0.04980137372237948
17410,0.03160249873260292
17411,0.009008489833165462
17412,0.3698916550138029
17413,0.11136597809773051
17414,0.13042935416330256
17415,0.20947266624467234
17416,0.014030258498569096
17417,0.09264426744422076
17418,0.6910565448701479
17419,0.27582552946843253
17420,0.033367198945786075
17421,0.864851381898164
17422,0.038187972305923495
17423,0.09040721376200052
17424,0.37615041814104583
17425,0.024421167332470156
17426,0.11157740894678941
17427,0.04991513639046288
17428,0.013536125775178506
17429,0.27589910808169127
17430,0.06227537094623383
17431,0.1644643947137117
17432,0.05330841276648601
17433,0.09363493044564496
17434,0.0748565061661292
17435,0.021703744918384955
17436,0.5590303183487729
17437,0.5619367804593137
17438,0.06919016991035322
17439,0.012635064589714055
17440,0.11299387119193532
17441,0.008942398945709395
17442,0.013161068315611878
17443,0.2637847178639503
17444,0.011461420893696332
17445,0.0197899182535859
17446,0.9611957287076663
17447,0.01404819540847579
17448,0.024589149461055466
17449,0.6456646101191076
17450,0.06105782336506831
17451,0.04501523462101824
17452,0.23460480295610156
17453,0.03435042972973485
17454,0.2836529162255977
17455,0.3672201161124982
17456,0.042222219641140236
17457,0.03900350901207383
17458,0.07025891815485283
17459,0.21380253698550514
17460,0.08632765349862623
17461,0.09483232910529607
17462,0.2723829028475073
17463,0.07482105579766361
17464,0.6363963911381452
17465,0.009839131413908506
17466,0.034946766299960144
17467,0.19338031304768774
17468,0.04990949997513526
17469,0.0570523423585413
17470,0.2219702071897127
17471,0.5054035735903244
17472,0.036744195644828524
17473,0.08673948767373672
17474,0.01793719141125999
17475,0.6004710400984814
17476,0.018455295348037234
17477,0.021783486157592923
17478,0.042875431320233186
17479,0.06520065910265281
17480,0.04039598494932412
17481,0.03858592638097747
17482,0.14042461275805862
17483,0.3777927429874654
17484,0.16449086611489944
17485,0.008320283517373211
17486,0.19576047324321813
17487,0.044392600076202014
17488,0.009327405716761803
17489,0.9738611643193076
17490,0.7066615997695131
17491,0.04649565993256164
17492,0.1158684794426171
17493,0.02153918244680811
17494,0.010966921827850569
17495,0.33493448871130027
17496,0.047618519780882065
17497,0.22909975777299557
17498,0.08598316749264878
17499,0.4898160536940682
17500,0.0037905686793562516
17501,0.02719941803344003
17502,0.3206812463112641
17503,0.15951692204790552
17504,0.024048145105937446
17505,0.46269671614484575
17506,0.0315729381058904
17507,0.34070357211333574
17508,0.8504739460960858
17509,0.0215400155184687
17510,0.29998543862326127
17511,0.0659439842464102
17512,0.050667828664970535
17513,0.09547569310415661
17514,0.6206711549109778
17515,0.07463186432104767
17516,0.17932169979486456
17517,0.950479207871442
17518,0.0280670860974658
17519,0.5692799182427202
17520,0.4708421901967072
17521,0.6637564767429958
17522,0.02812570347396945
17523,0.1777776712603288
17524,0.04422174699408079
17525,0.06266144988163824
17526,0.005305016403853907
17527,0.06995666928208367
17528,0.017340730800630828
17529,0.960023450977126
17530,0.31749592504159907
17531,0.03533957182712242
17532,0.9760149982284727
17533,0.09412851467545282
17534,0.10091761608908516
17535,0.023934138384245827
17536,0.032474515316392935
17537,0.021984332730041287
17538,0.006796094989740314
17539,0.08161532527118343
17540,0.6471083673488236
17541,0.4254724162108486
17542,0.08380926264563451
17543,0.1617152088895794
17544,0.004385435168036655
17545,0.9536423296165304
17546,0.5213980050058271
17547,0.1581796428514693
17548,0.33737807671212366
17549,0.29600662587916743
17550,0.2996192563131217
17551,0.11665835625982574
17552,0.023471036546052666
17553,0.22518138945815644
17554,0.9171773421677377
17555,0.16140811484550083
17556,0.06422250887343622
17557,0.06304030547928087
17558,0.020461459693418164
17559,0.13045549694346661
17560,0.14524453651378272
17561,0.022476812465720378
17562,0.23948825291483392
17563,0.4636962736826264
17564,0.04505465123990333
17565,0.08644413278985143
17566,0.10239914752460647
17567,0.1951420059982079
17568,0.08891997206515183
17569,0.21189215569335146
17570,0.032919051798487725
17571,0.03174203960428655
17572,0.004727263071240385
17573,0.03485681620351273
17574,0.10131544024750223
17575,0.4037715136827292
17576,0.07804863901020782
17577,0.4656865957593008
17578,0.808317674118811
17579,0.027772882784128327
17580,0.4185335568747898
17581,0.33522257130449934
17582,0.03169311282135082
17583,0.03442925614142238
17584,0.032302322509317596
17585,0.07837929088421805
17586,0.08065761426631725
17587,0.09849702687856886
17588,0.05905056161501912
17589,0.1758987162255801
17590,0.18746270636970555
17591,0.6439896249598603
17592,0.0576962686733332
17593,0.381947096103093
17594,0.01814537671197848
17595,0.04797513610714117
17596,0.04705247942660617
17597,0.05891661018173402
17598,0.4220290901790857
17599,0.14485136420013883
17600,0.09512106622305391
17601,0.10248882384433461
17602,0.4256699460903172
17603,0.2689446554853763
17604,0.018179838748817217
17605,0.08237444877878382
17606,0.017779443563335353
17607,0.023000072833402278
17608,0.11665901938608378
17609,0.9450969343814485
17610,0.05528910173883821
17611,0.3766378815379197
17612,0.09011418825232156
17613,0.2225412680310901
17614,0.09613944048548867
17615,0.2681675785367572
17616,0.10181931197161169
17617,0.06635796495381681
17618,0.06616227688184068
17619,0.9538367999542373
17620,0.06371678477825972
17621,0.027836175741344442
17622,0.03995149645579173
17623,0.003970196528717945
17624,0.03351933928470685
17625,0.8301443228431188
17626,0.08711939643070317
17627,0.9430426097634244
17628,0.07072190886132097
17629,0.4733515668182018
17630,0.3326214434269074
17631,0.042168922940726085
17632,0.9133004077203334
17633,0.014149770127086523
17634,0.5772981398971988
17635,0.022585867594527097
17636,0.14077471881252956
17637,0.9804701434887553
17638,0.690178126118505
17639,0.056169998284029
17640,0.1696816836203769
17641,0.017405438221406014
17642,0.271341480672251
17643,0.0560407409805569
17644,0.17962684956112945
17645,0.05923533468612301
17646,0.1710773049098202
17647,0.3557002113386766
17648,0.8318130538833706
17649,0.09443196677647833
17650,0.01783511134532112
17651,0.23672870079148944
17652,0.4719516527747649
17653,0.10367588356701063
17654,0.05628710347098246
17655,0.2666368679627355
17656,0.013469293024995423
17657,0.08687902220414863
17658,0.062242020061087734
17659,0.9200408387353227
17660,0.04042399686276972
17661,0.10701642013456909
17662,0.1713743808747354
17663,0.07036922088406432
17664,0.06824200659608762
17665,0.019674298521174048
17666,0.0635566375160086
17667,0.06782077104808015
17668,0.07445184369878483
17669,0.06560207435795662
17670,0.031302265942135546
17671,0.0027431348313917444
17672,0.06199834764940361
17673,0.0228675684258407
17674,0.010184335067354567
17675,0.148836990432805
17676,0.8740000365318431
17677,0.06633109872002617
17678,0.06822657109651459
17679,0.03329625986621314
17680,0.05227953269177589
17681,0.4375544446317261
17682,0.5566404823941733
17683,0.17752900539956545
17684,0.9611545294272738
17685,0.08313159261788547
17686,0.19695949418359932
17687,0.051797874142476934
17688,0.08679236313140513
17689,0.03433853034456919
17690,0.013768547286417335
17691,0.045774020121116026
17692,0.14778810348061291
17693,0.22750677066133196
17694,0.020417901732728824
17695,0.8972575644989245
17696,0.06724120619608673
17697,0.03396059524755706
17698,0.33014941657905067
17699,0.010890719805857678
17700,0.030455424912812338
17701,0.08937915060210619
17702,0.02694807556239376
17703,0.7387680181418739
17704,0.03190228307961644
17705,0.04434611404044339
17706,0.4407707943798086
17707,0.026228206094892424
17708,0.0074433763425128825
17709,0.017021681063049153
17710,0.01684104906646968
17711,0.007208848458062664
17712,0.12912705308700814
17713,0.02102078102285045
17714,0.025739357291865345
17715,0.09335627392534847
17716,0.006387723850909749
17717,0.11941345680836124
17718,0.06962992586079099
17719,0.1941175645052422
17720,0.7272233025446567
17721,0.24603730191540063
17722,0.0038442354326753817
17723,0.02460409654919086
17724,0.10119185278904425
17725,0.7444720644670602
17726,0.6244495102380022
17727,0.16039150126712728
17728,0.059288027999262895
17729,0.05009180644463331
17730,0.31490053851127764
17731,0.6964363733874968
17732,0.012170871223702938
17733,0.055380385446343376
17734,0.16810238313633352
17735,0.36387417694017127
17736,0.04144490382299108
17737,0.09368490967418332
17738,0.5979263920954451
17739,0.006032431744261313
17740,0.16521039497082382
17741,0.019404241350750126
17742,0.025291999401713956
17743,0.06844863227524367
17744,0.16674494354984004
17745,0.03070771111222949
17746,0.09099027975557755
17747,0.12641370185910578
17748,0.02512010412114265
17749,0.03864184537628938
17750,0.023169488333924942
17751,0.031825756135836256
17752,0.109038215301646
17753,0.19086748958147123
17754,0.03793804616771155
17755,0.03506494946411057
17756,0.2813129604997319
17757,0.24473962360425988
17758,0.09110288042440705
17759,0.21897269601132507
17760,0.17171145329184911
17761,0.08356188673966554
17762,0.11656084925335126
17763,0.08166099315399136
17764,0.18950947004168694
17765,0.8250821714448789
17766,0.18235165031061884
17767,0.9345449274167036
17768,0.5213985568134025
17769,0.8784566291269239
17770,0.044396163678612134
17771,0.23129157415746285
17772,0.5446168600838799
17773,0.025784697746723692
17774,0.07197073157474758
17775,0.38622227872293635
17776,0.3683241197796597
17777,0.01998910352106519
17778,0.01683426037381474
17779,0.45312419665312836
17780,0.038312171133915766
17781,0.705881816323633
17782,0.11208746843076813
17783,0.025444217758403165
17784,0.07946402105906664
17785,0.014954272278895231
17786,0.09078840620178394
17787,0.8247107775938083
17788,0.05277222566185977
17789,0.14882242721775282
17790,0.14138490876433274
17791,0.11393469149278972
17792,0.20507355624676382
17793,0.6224844963693232
17794,0.06498646925542018
17795,0.11243001119848875
17796,0.016786202124885206
17797,0.8705964644460136
17798,0.6803535214456337
17799,0.022295373125840394
17800,0.14201947988119026
17801,0.24738652382004353
17802,0.0164310034142255
17803,0.27838501151600803
17804,0.04514487886771669
17805,0.05002251686451513
17806,0.7847180219130866
17807,0.10566070526683298
17808,0.010093848573392445
17809,0.8548782390745808
17810,0.02305969330157305
17811,0.7457883319243211
17812,0.08586999135634987
17813,0.06454706441462772
17814,0.07431937672214446
17815,0.40659456673244476
17816,0.23670916302474174
17817,0.04244453381000434
17818,0.042749358475902444
17819,0.25396489259090843
17820,0.1238875479613745
17821,0.36233045233931727
17822,0.0026891831649769418
17823,0.6778996138891453
17824,0.017420512709468986
17825,0.08376281797686619
17826,0.019050760259974455
17827,0.0889741989411782
17828,0.027847450805617728
17829,0.046849078596418625
17830,0.23836464885503783
17831,0.1964684592119281
17832,0.01734274162349942
17833,0.46233861399724013
17834,0.006446634029103741
17835,0.6373818922152017
17836,0.1063436301711513
17837,0.12949956043877267
17838,0.5531526045200793
17839,0.22762992326462336
17840,0.03256859499648204
17841,0.34646991187332893
17842,0.10295815160460481
17843,0.0689744473319414
17844,0.051720921421524374
17845,0.44677473932546924
17846,0.028684245065533867
17847,0.041508223177477294
17848,0.1292946988265025
17849,0.9784444199736267
17850,0.2699252800118517
17851,0.06440812715701501
17852,0.009548137765068718
17853,0.039122505978618834
17854,0.043048106632407844
17855,0.01739037510666281
17856,0.7142827870541691
17857,0.15053544453624018
17858,0.10569483908854245
17859,0.1211387366554298
17860,0.5814601582714416
17861,0.2857535122232213
17862,0.799077135819878
17863,0.020179781072304
17864,0.027647218717703842
17865,0.6999296910277326
17866,0.05605686464805365
17867,0.36116340446936585
17868,0.028614213007381494
17869,0.013186108339115368
17870,0.16850346051606385
17871,0.011411918881445438
17872,0.04096720618277076
17873,0.05342137172075798
17874,0.11834153402676142
17875,0.08297568024731088
17876,0.18805334340828475
17877,0.40876181137437406
17878,0.08944327858165935
17879,0.027564461741735255
17880,0.006996211359293526
17881,0.029049332432807887
17882,0.12360666140025284
17883,0.11492021522641695
17884,0.1086524911252685
17885,0.29302922284080296
17886,0.15771668051458582
17887,0.017936799174577623
17888,0.8431555247453502
17889,0.9835621143858292
17890,0.06648501751688189
17891,0.008608557632381922
17892,0.4895763784539543
17893,0.9674076902122033
17894,0.6672774498711926
17895,0.5439398257275136
17896,0.42336682795076613
17897,0.437791524829909
17898,0.22644326279444682
17899,0.01703167430800378
17900,0.04122156644893492
17901,0.07277765938017532
17902,0.01260266479933982
17903,0.018584407122709392
17904,0.11299108297890631
17905,0.9543636814278476
17906,0.008516541900081104
17907,0.038187554073807826
17908,0.906786215326074
17909,0.008832385786493625
17910,0.08365587667194863
17911,0.4084810417710075
17912,0.44720473548783074
17913,0.023384250440791496
17914,0.7535876317357828
17915,0.044019816833895574
17916,0.07021254586426871
17917,0.07404658383120652
17918,0.02131477446839399
17919,0.028134397799091097
17920,0.054990867724301465
17921,0.28628649957272845
17922,0.14838383513258252
17923,0.027838991265926007
17924,0.2584685324542667
17925,0.054894993283425744
17926,0.027204648512346847
17927,0.012922015611387406
17928,0.1843631569026697
17929,0.08044455555193117
17930,0.569743468857289
17931,0.1946954609683421
17932,0.8496598640165361
17933,0.05441948470795547
17934,0.014544867616245107
17935,0.47380231462421274
17936,0.005741022510931272
17937,0.4656626712211977
17938,0.01582067650651391
17939,0.022711947784761162
17940,0.12595550568946212
17941,0.04460108309163226
17942,0.01554261164438229
17943,0.06326146371961998
17944,0.9096223131875454
17945,0.30913790987348994
17946,0.01043497296731161
17947,0.36062545280520647
17948,0.22040055490757782
17949,0.008911121477796127
17950,0.1155892821045334
17951,0.02506806251577518
17952,0.005289059529578166
17953,0.6118269538719945
17954,0.06662224096714234
17955,0.10064135435063562
17956,0.008673331240442079
17957,0.027008510542614637
17958,0.1125678763858366
17959,0.032153179608875336
17960,0.3849269303779161
17961,0.009913548499410462
17962,0.019786292730951074
17963,0.6187794882248817
17964,0.06823450528306389
17965,0.01011941947065675
17966,0.1978419113348602
17967,0.4705977089739329
17968,0.0590164825507552
17969,0.05515340621436292
17970,0.0969859904773964
17971,0.019245812283740723
17972,0.2108148213689628
17973,0.05051912194459754
17974,0.08580559766150124
17975,0.16376000934040355
17976,0.08848271885231063
17977,0.11478887151526478
17978,0.0833297063392827
17979,0.03073433372360864
17980,0.031141109694724445
17981,0.4678186239705718
17982,0.04148164533860944
17983,0.03554041602358784
17984,0.05578246451924259
17985,0.17573976862647006
17986,0.05471126089638282
17987,0.03913229642372047
17988,0.04415681660602383
17989,0.01525870234730129
17990,0.022859770264224012
17991,0.0038101176892291044
17992,0.11836278886037364
17993,0.2704661642712293
17994,0.03238724861911502
17995,0.08090500210380339
17996,0.13111871245146503
17997,0.054224178074247543
17998,0.013694135261457225
17999,0.747785805542777
18000,0.004202249659839316
18001,0.9274554513812524
18002,0.14985956830990776
18003,0.07530531401368737
18004,0.07907273263477742
18005,0.09102812382350121
18006,0.11790019742821034
18007,0.008171765453641533
18008,0.059235108991998714
18009,0.034153910836643875
18010,0.03828039759778758
18011,0.056333225877510364
18012,0.15693658054377804
18013,0.0760468850989763
18014,0.02380998888254902
18015,0.015113955906173229
18016,0.028396425740396098
18017,0.017674816229244394
18018,0.36521169183673297
18019,0.07729948125166085
18020,0.010477873228728554
18021,0.7049444171400527
18022,0.10222082486730813
18023,0.05408390818512202
18024,0.8692610870037719
18025,0.05124337323465247
18026,0.22246583297984474
18027,0.04941843110908684
18028,0.07257120351421475
18029,0.9405886832133119
18030,0.029208930774164827
18031,0.08982337858321864
18032,0.0331669341702991
18033,0.062085517713452935
18034,0.051372513653891984
18035,0.09130554009830154
18036,0.15902932223435046
18037,0.029258937777487247
18038,0.015198477632193619
18039,0.08817607866222356
18040,0.3420935728959478
18041,0.18702451933308423
18042,0.9061839082066392
18043,0.18111419483691618
18044,0.01689761600519878
18045,0.02088764698135391
18046,0.057036355673922186
18047,0.04124974622508307
18048,0.013659008091364099
18049,0.09244319152566667
18050,0.3825897052086962
18051,0.2313799565049602
18052,0.06932979884008507
18053,0.907570758669002
18054,0.16619309542353203
18055,0.1380292884287415
18056,0.024631598937198112
18057,0.13677420424973555
18058,0.02356492700799763
18059,0.08344707108718791
18060,0.25235574654934273
18061,0.091454945087621
18062,0.10369924783026686
18063,0.1722411128693438
18064,0.06148307344570784
18065,0.7494284607679513
18066,0.05479751239794443
18067,0.46120155540158925
18068,0.021947024450978785
18069,0.03757617155943453
18070,0.014767414360676174
18071,0.04802112673495375
18072,0.6492009242625429
18073,0.8910592634353494
18074,0.007561489555687057
18075,0.025530146247293186
18076,0.029843338978846164
18077,0.10701336419044442
18078,0.0312573517717899
18079,0.0621474691313575
18080,0.02567067597309391
18081,0.28290096553864674
18082,0.0327253171311287
18083,0.005008939919653018
18084,0.10273520148661817
18085,0.2218068635004508
18086,0.9410175068786795
18087,0.31290853261101964
18088,0.008167201506777867
18089,0.037330971147023835
18090,0.02003555539472749
18091,0.9393781500993709
18092,0.6509720464409422
18093,0.10336495050174235
18094,0.5839640835403935
18095,0.015552810866707541
18096,0.11412926758910577
18097,0.008312593853143447
18098,0.037882136258411234
18099,0.05928655461114
18100,0.286501343945899
18101,0.026318337548431558
18102,0.021170552293587643
18103,0.044189588414103705
18104,0.09474351176684663
18105,0.01431309250065552
18106,0.6472722055463588
18107,0.03693831321998776
18108,0.10199901739462375
18109,0.37871402083615047
18110,0.186571524499775
18111,0.1171227108571699
18112,0.3845492722810003
18113,0.009902053122738638
18114,0.06550948023808127
18115,0.2532966571413608
18116,0.02942674532846771
18117,0.05375272370147721
18118,0.03938726530039435
18119,0.14718459811075268
18120,0.07157375006996271
18121,0.037413386696375575
18122,0.08258097848665324
18123,0.060816135485789534
18124,0.17501429398226695
18125,0.0441331459404442
18126,0.12926691850660582
18127,0.37505023082700545
18128,0.017656101076962055
18129,0.004931182844796828
18130,0.18144584935483046
18131,0.021969571163499083
18132,0.03019222724284505
18133,0.04441457520324108
18134,0.005710788723594354
18135,0.12804356298805664
18136,0.804366150781728
18137,0.945712522415857
18138,0.14876757362957682
18139,0.19479143325590118
18140,0.20565744757997295
18141,0.01740224672845367
18142,0.014869482238964497
18143,0.9253059837754025
18144,0.07162076835811601
18145,0.051427356481778395
18146,0.38069973062168583
18147,0.08170601194002555
18148,0.4118330135393192
18149,0.03166878195170339
18150,0.03358846519970257
18151,0.5200853272432031
18152,0.06281387338229791
18153,0.020036996583578572
18154,0.07816988111691561
18155,0.5368664366425553
18156,0.0025575612631197346
18157,0.1887737048095589
18158,0.8808638706580896
18159,0.020354908429968694
18160,0.3807782927696371
18161,0.188623472259544
18162,0.235294619132255
18163,0.044555331269303375
18164,0.37595065001860173
18165,0.10688060669280149
18166,0.11981933059664884
18167,0.627788839149124
18168,0.6886181670310045
18169,0.04315614535470921
18170,0.9330326698449124
18171,0.9813543075888284
18172,0.05148351723495583
18173,0.054418328032112245
18174,0.08246094915911223
18175,0.04207366034290595
18176,0.9080215433346609
18177,0.5815365338600916
18178,0.13355334191488186
18179,0.04801933280627653
18180,0.3236641109319093
18181,0.23242556635330122
18182,0.0027022585709788466
18183,0.23519016482994914
18184,0.09401059153544537
18185,0.47521969022263916
18186,0.010924706244761544
18187,0.1846387140954685
18188,0.059879624142758735
18189,0.07419303832518882
18190,0.8724030508218008
18191,0.08726327980088287
18192,0.8761097915720083
18193,0.04112964933773562
18194,0.01657975298336061
18195,0.9088192923322225
18196,0.015211361686921797
18197,0.03388450129168511
18198,0.36491509048417553
18199,0.06794303023235199
18200,0.26599204310823166
18201,0.2812366091288252
18202,0.18619537498735436
18203,0.3745249836515785
18204,0.03044994413072925
18205,0.015058007234445434
18206,0.028080681990928908
18207,0.11492430010854447
18208,0.03604586642748539
18209,0.019663746978211254
18210,0.06590812272200079
18211,0.25933440740314595
18212,0.05749133158896836
18213,0.4176032377007144
18214,0.14815455301792754
18215,0.06512052099085815
18216,0.3382702653386683
18217,0.810961282847524
18218,0.07161095335388569
18219,0.11406593311989244
18220,0.8243550995484372
18221,0.08888176133842259
18222,0.023040856182937955
18223,0.14977577179480592
18224,0.7841659866594992
18225,0.018993049487728723
18226,0.7089381846266102
18227,0.06710280596099343
18228,0.017190147620524194
18229,0.4479631000354299
18230,0.05045507524058263
18231,0.5345779335867563
18232,0.8695838723636263
18233,0.1680314396055191
18234,0.7456774203195794
18235,0.898017361683395
18236,0.03259332438914771
18237,0.21308001204288193
18238,0.1523695250654028
18239,0.1047431632635395
18240,0.0679409746200734
18241,0.47219703479356284
18242,0.050674931425906886
18243,0.01612753021195822
18244,0.8439989207469986
18245,0.15139906224922353
18246,0.12522688303628715
18247,0.07222370906542772
18248,0.19306942252319523
18249,0.13255672416508732
18250,0.03752126930335191
18251,0.060322972414967035
18252,0.042253171601925946
18253,0.6919945346900602
18254,0.33340417823593893
18255,0.6949194175631939
18256,0.02678050442360519
18257,0.005597320776297262
18258,0.2319394228894222
18259,0.016318260024474465
18260,0.03654357678556096
18261,0.008045799398888161
18262,0.013557775215028425
18263,0.2147504723468689
18264,0.03409851133155973
18265,0.30460601483347544
18266,0.21256013015014355
18267,0.6956028068496989
18268,0.01819714484343928
18269,0.41726987141682964
18270,0.1273745588440836
18271,0.11971584417970152
18272,0.5430729817886594
18273,0.04082809016218709
18274,0.08551730767272463
18275,0.027249173478720315
18276,0.35393928078697984
18277,0.07909119536349468
18278,0.02681388538283975
18279,0.02130200914112152
18280,0.11557643412033689
18281,0.11498739065197913
18282,0.14670854525988147
18283,0.06220913006843101
18284,0.25383556313773487
18285,0.02735077042862651
18286,0.03974182108538127
18287,0.054495838025756214
18288,0.02819365504380077
18289,0.4068217518983984
18290,0.017888797021988142
18291,0.011480809708746226
18292,0.049928614315709066
18293,0.055731266528790444
18294,0.022767540892416137
18295,0.5557069008317955
18296,0.8323804590238286
18297,0.031801331111977034
18298,0.15004384458391667
18299,0.09174648108894291
18300,0.4539071041160479
18301,0.025258166529569342
18302,0.6846330309413048
18303,0.12182393499935577
18304,0.027482652645591167
18305,0.5257966512652742
18306,0.1589120267184133
18307,0.036242909092994706
18308,0.8928369218896773
18309,0.032411352825940105
18310,0.18225787561679482
18311,0.2535550405845707
18312,0.01750673595007821
18313,0.06724971207475373
18314,0.041642188381696
18315,0.04260968972140632
18316,0.049370078111341774
18317,0.04801223747961338
18318,0.02902680791703799
18319,0.01094567359971453
18320,0.209835772074141
18321,0.1917096699127303
18322,0.4969739019414982
18323,0.07955072248745217
18324,0.7834282210925407
18325,0.1987292388323319
18326,0.3386999419262264
18327,0.03968071751034091
18328,0.1482173529209366
18329,0.25306430172138183
18330,0.07309474199674701
18331,0.21625043730755655
18332,0.024660651686927715
18333,0.02496682921481365
18334,0.007680592293831498
18335,0.5461381430959723
18336,0.11368446158046236
18337,0.752713300455341
18338,0.07422271839267754
18339,0.02265456291837872
18340,0.035183510549388904
18341,0.013509095559836277
18342,0.06919935572813399
18343,0.04847768060928938
18344,0.2746192854484894
18345,0.7397620259631907
18346,0.16787060834144615
18347,0.07601952903942931
18348,0.024344032894137006
18349,0.0849639988765823
18350,0.5019490899979464
18351,0.011227702249434198
18352,0.3130072191370747
18353,0.15940958285202772
18354,0.07356398798472501
18355,0.004694065863949253
18356,0.01888060924861686
18357,0.8232971970121425
18358,0.1580970856771618
18359,0.13425923469575257
18360,0.039860193211689994
18361,0.8729688701870963
18362,0.05174895179807857
18363,0.018310585473185113
18364,0.32280271789253967
18365,0.7631047836596548
18366,0.32716245891088525
18367,0.017618739877808508
18368,0.011616559721673414
18369,0.2904808582894759
18370,0.08415757583968529
18371,0.5725776811110865
18372,0.04779372672146511
18373,0.0931389586800033
18374,0.046215436471079126
18375,0.1912108304886254
18376,0.10436654565749963
18377,0.031278389892535334
18378,0.1332166939038699
18379,0.023017234817176015
18380,0.2932256581638813
18381,0.9590006038482242
18382,0.6020752841119317
18383,0.24746835121900101
18384,0.020363145759911012
18385,0.007630228288938556
18386,0.9257989195375366
18387,0.8092802412884902
18388,0.298912673416746
18389,0.06979526690061928
18390,0.32262182989151333
18391,0.33515042692699737
18392,0.04925596931280532
18393,0.42411196761143016
18394,0.09669895208602813
18395,0.25786109787093053
18396,0.6342485201621622
18397,0.016198884468459036
18398,0.9177236546440722
18399,0.18914770990816102
18400,0.055921787696658246
18401,0.006154917024677898
18402,0.47301843055818493
18403,0.32188183184852204
18404,0.047323627491161264
18405,0.11468941175596084
18406,0.3686891578553434
18407,0.19320049480503723
18408,0.7896718290905482
18409,0.04152250084421681
18410,0.0615543342477843
18411,0.0666402508903891
18412,0.06360005179099118
18413,0.05050159026007429
18414,0.07683281032938097
18415,0.040685861617570665
18416,0.1982132126160297
18417,0.014980648028628231
18418,0.37945930839637976
18419,0.2724051170957835
18420,0.01757139051990464
18421,0.8144107468497828
18422,0.018241347927369665
18423,0.25517512794708047
18424,0.2227750525439294
18425,0.3396883630163347
18426,0.3344481276194045
18427,0.7196833531963387
18428,0.008823046882389942
18429,0.32774058045995474
18430,0.8806173327301063
18431,0.03269681775239334
18432,0.009553331623542018
18433,0.020514728683122433
18434,0.06482689911777137
18435,0.17153491587970385
18436,0.08679723297236366
18437,0.020067395956958375
18438,0.1312750051111008
18439,0.100340915999821
18440,0.09680732512039364
18441,0.14858387991270683
18442,0.0756003353837518
18443,0.02710058515609638
18444,0.3259153067996785
18445,0.7953177953747071
18446,0.6197323589587834
18447,0.029751105067620222
18448,0.7604882294239822
18449,0.039558436962464825
18450,0.22445728747616786
18451,0.011586777564932581
18452,0.6750518672825164
18453,0.14876143682023082
18454,0.8441257508541113
18455,0.592344058920064
18456,0.026903606507615606
18457,0.03721966203502898
18458,0.8445840253269564
18459,0.5278228270617298
18460,0.14218074658935598
18461,0.6044077838048074
18462,0.04512877601611301
18463,0.019552845182375347
18464,0.007816672439673454
18465,0.025323958283197
18466,0.019214278141760625
18467,0.18181718432285443
18468,0.39272830913015255
18469,0.06203423856771515
18470,0.4123736645387805
18471,0.8432064358424279
18472,0.038272897576244524
18473,0.12517773405681704
18474,0.008769994223218926
18475,0.13540472918149385
18476,0.07667082845164144
18477,0.014226601228540381
18478,0.9514788541682057
18479,0.04761654697456605
18480,0.9135708732556156
18481,0.03900751452569328
18482,0.7139398632073249
18483,0.013450781178770986
18484,0.3140581027709149
18485,0.7025006682841393
18486,0.10954753489305025
18487,0.05065363606510061
18488,0.8527909728320043
18489,0.08185477834787248
18490,0.021169522439713796
18491,0.025925534973232783
18492,0.5653439803019984
18493,0.1942454817180888
18494,0.6037579295361432
18495,0.8237367033144779
18496,0.10590808748328012
18497,0.11547800603474133
18498,0.7676500231353983
18499,0.003321424590140014
18500,0.4276110905673889
18501,0.5360431461657501
18502,0.030371751101047888
18503,0.021010233113323465
18504,0.05082545413186483
18505,0.06064619074770547
18506,0.29732596448860077
18507,0.10395740700480072
18508,0.06388740045375807
18509,0.03431934696400825
18510,0.2544063477046604
18511,0.015562617407056348
18512,0.025442664793636202
18513,0.851508634937619
18514,0.0069635743881134825
18515,0.10186616667032349
18516,0.1465722521741601
18517,0.004085763532520989
18518,0.06482260026872032
18519,0.11091605521454448
18520,0.015416167969651796
18521,0.1796488100334736
18522,0.055090035870157435
18523,0.01917496724828519
18524,0.1545328124159683
18525,0.027146825072395714
18526,0.17614564526601495
18527,0.97709787648636
18528,0.07885852827951918
18529,0.017554089442393537
18530,0.02294705272654217
18531,0.031927300732450835
18532,0.24421047038630034
18533,0.00891290630374482
18534,0.34538035964966074
18535,0.061375440557130845
18536,0.01011081235769682
18537,0.003289037358600778
18538,0.3662749921060366
18539,0.1469721031379145
18540,0.38288301614488757
18541,0.060317117081006705
18542,0.2276060901489919
18543,0.06901717253820962
18544,0.24991922918356047
18545,0.11577004330686884
18546,0.0465680225319592
18547,0.07087271695822218
18548,0.604987271196658
18549,0.9349216603839208
18550,0.3144337537187614
18551,0.06611940020069998
18552,0.6006859992316481
18553,0.5310952000196942
18554,0.08962691343107375
18555,0.03498829567900588
18556,0.01039967305419034
18557,0.061680350468195595
18558,0.03400608988927685
18559,0.4744948977124936
18560,0.42430286375356896
18561,0.06482210538012304
18562,0.29415822304157835
18563,0.040339507086150375
18564,0.8554512642808736
18565,0.01880920367620785
18566,0.02133377050215329
18567,0.06319913269282959
18568,0.002553846400405661
18569,0.02701776419750744
18570,0.3666080365802377
18571,0.06017131307222107
18572,0.00761861656808532
18573,0.039072736038841406
18574,0.10789050122733466
18575,0.06459658200939726
18576,0.04778257975549031
18577,0.12409762518307212
18578,0.04513792422462104
18579,0.4455090474991352
18580,0.029928951516640562
18581,0.06533721000112787
18582,0.046174399350965484
18583,0.038990875692262075
18584,0.4546286888023247
18585,0.034426438568099654
18586,0.15766840534139442
18587,0.04435023285687148
18588,0.6147880288335322
18589,0.1935980794619702
18590,0.07685824390954303
18591,0.37522423961414986
18592,0.35983119820561116
18593,0.0881651389878007
18594,0.17446172868227733
18595,0.9205415479000857
18596,0.11751559035691478
18597,0.04329468625283968
18598,0.555875931241157
18599,0.3025220156085914
18600,0.5097230391277896
18601,0.02293810409877375
18602,0.008522852048607062
18603,0.020029532612171098
18604,0.510917482486313
18605,0.05186564478341984
18606,0.2104659638672662
18607,0.21519298723944053
18608,0.5769974820364977
18609,0.30691381540770557
18610,0.1392310830204145
18611,0.012498388553299256
18612,0.11564044517856645
18613,0.9675916110731408
18614,0.059425429956039756
18615,0.4526583816393958
18616,0.011485824001386695
18617,0.8648697165968678
18618,0.15183954582557566
18619,0.015780471457437828
18620,0.018136029708912614
18621,0.02775283319462493
18622,0.017736735605414368
18623,0.2973151629960202
18624,0.18857528526238637
18625,0.0293621065137014
18626,0.008098145970383499
18627,0.13362088100986702
18628,0.014724434555082986
18629,0.15087222476897255
18630,0.3667355768503851
18631,0.5556233630486351
18632,0.030841738056007758
18633,0.013181989992495062
18634,0.3035268510023084
18635,0.009097166558305666
18636,0.21268069791045643
18637,0.46578644899827354
18638,0.04128275659781949
18639,0.3501180060855481
18640,0.33581900841580137
18641,0.03050368444179435
18642,0.3432459415467807
18643,0.10535521371150783
18644,0.01352893036723529
18645,0.02412671236987832
18646,0.34791722533096203
18647,0.02221662185679536
18648,0.21484509662024412
18649,0.015812157271415373
18650,0.052818885628047485
18651,0.206794751799806
18652,0.03757230568729165
18653,0.02324009416623969
18654,0.5922310066839059
18655,0.16801408493041037
18656,0.1480548754298073
18657,0.035831874258347
18658,0.0851326931588925
18659,0.0404099969697845
18660,0.020288113058865933
18661,0.02667028246586099
18662,0.020763645164418858
18663,0.026067086097308283
18664,0.02555713954851089
18665,0.10815062460295376
18666,0.11475414099538182
18667,0.0924499266482469
18668,0.05753424998922431
18669,0.0742273599643636
18670,0.0602767137596999
18671,0.0201754695749817
18672,0.9089951840851604
18673,0.6095444955962196
18674,0.026671537938578887
18675,0.8021723238707977
18676,0.03182694080556472
18677,0.018947539566584244
18678,0.15296400596775114
18679,0.026819139793043262
18680,0.8512952272975276
18681,0.23273835263115858
18682,0.10745597465381528
18683,0.1906815971679669
18684,0.9613190816582289
18685,0.00818139497928717
18686,0.2683184043617743
18687,0.8879418058287871
18688,0.08273132737950192
18689,0.11705197587606683
18690,0.0415065146952312
18691,0.21191764949146114
18692,0.17009839238370492
18693,0.25131541503867943
18694,0.03613199726740212
18695,0.5881360932631574
18696,0.2608561838454491
18697,0.3567463941733704
18698,0.9047073579951909
18699,0.046840450251447965
18700,0.006323350722489319
18701,0.049403319170376325
18702,0.16318739423710618
18703,0.012197666700901309
18704,0.45432190849418247
18705,0.1424659115758531
18706,0.12101271384383028
18707,0.08311078941689966
18708,0.10084527611841057
18709,0.5878350097748666
18710,0.13253083340912122
18711,0.031933155686566086
18712,0.056500190606723844
18713,0.059365180256286953
18714,0.07909384936732831
18715,0.010706043036380865
18716,0.4621923435905999
18717,0.04490381623922635
18718,0.06488171090047831
18719,0.046503756151093374
18720,0.13307065671712512
18721,0.015158230019330142
18722,0.02304046595570812
18723,0.7926332094099525
18724,0.5289703187471382
18725,0.8619109766022353
18726,0.15162280513877444
18727,0.06445514563204258
18728,0.42673779670343537
18729,0.545535409170256
18730,0.010098720938304356
18731,0.8985146085006096
18732,0.024585766844980105
18733,0.31114511667504224
18734,0.02131602912053637
18735,0.45196842633896667
18736,0.18486674213183263
18737,0.23799571426810573
18738,0.3147063099397643
18739,0.01761480861700347
18740,0.03343396031769262
18741,0.01534099895763275
18742,0.15256991787423635
18743,0.03581186186176667
18744,0.008138619646049257
18745,0.03887497579694994
18746,0.12106056110505062
18747,0.0009407047496455295
18748,0.9173798546348468
18749,0.7302595557855758
18750,0.031761184127591456
18751,0.29538946786454134
18752,0.003336486733481469
18753,0.1629148747358565
18754,0.12855031442143916
18755,0.010482009269531101
18756,0.1069124057558337
18757,0.087767050125783
18758,0.09749410419807092
18759,0.7714577762647922
18760,0.049160580324415344
18761,0.0660572797889749
18762,0.21730919278226396
18763,0.49443805886490344
18764,0.013695293458514494
18765,0.03987930410545342
18766,0.21906302729158314
18767,0.11434854120119037
18768,0.018143388187910087
18769,0.04672161816388494
18770,0.03935873745229545
18771,0.02693197967032512
18772,0.05935980415031043
18773,0.01658677192857594
18774,0.2097042196669847
18775,0.010939025946081387
18776,0.006416501415568393
18777,0.018180007738467206
18778,0.03162601493793205
18779,0.009205870514992788
18780,0.08864992433162763
18781,0.02550977634043091
18782,0.02092085465051899
18783,0.4222653733598389
18784,0.8499418774392353
18785,0.08604841547178012
18786,0.06985951274378838
18787,0.013922559370898164
18788,0.5849998350778719
18789,0.17058355494662428
18790,0.5658317022784474
18791,0.006403596602679307
18792,0.12177532775760297
18793,0.032172088781032046
18794,0.021228956294425835
18795,0.2856581349776917
18796,0.0462981337671408
18797,0.04495845220991869
18798,0.026498476844811093
18799,0.050096194518504264
18800,0.02027801926952566
18801,0.024858428881474853
18802,0.8968589934084223
18803,0.0851561919738589
18804,0.07754147096816186
18805,0.41778649007968877
18806,0.05658173248043156
18807,0.15789180824761914
18808,0.6055236512747678
18809,0.03433849438793617
18810,0.1406562406397827
18811,0.06410904925626222
18812,0.034146049780880705
18813,0.018836942777933588
18814,0.07984642458435862
18815,0.1142510872489911
18816,0.09534823487856083
18817,0.023403382266483787
18818,0.016388136018622358
18819,0.08068089213699828
18820,0.26832377887539843
18821,0.005683409394853185
18822,0.04472515908500149
18823,0.022468864241120975
18824,0.8757049614116179
18825,0.09336910923377738
18826,0.4845321297321605
18827,0.46953448615183613
18828,0.07999311762094609
18829,0.018040708054401642
18830,0.05735483996960643
18831,0.9308312099764237
18832,0.8752330689160281
18833,0.032872645856577856
18834,0.3550741673309699
18835,0.16654694654357735
18836,0.6690415615379646
18837,0.3819057604868725
18838,0.10422179102034335
18839,0.2678283925214457
18840,0.028328335361117986
18841,0.02379601001649482
18842,0.03762971523079369
18843,0.042068096331214826
18844,0.4422984304448215
18845,0.1477224345997236
18846,0.017698084644641385
18847,0.3899533111611242
18848,0.09111944686969563
18849,0.03742830291062088
18850,0.7118197568916842
18851,0.03928038613569332
18852,0.06688883033633938
18853,0.48853836035148496
18854,0.09317746537090947
18855,0.5624790739293354
18856,0.07775115804044747
18857,0.12736366533170296
18858,0.010258688818017034
18859,0.04574207238103409
18860,0.634843593984722
18861,0.05866029336805041
18862,0.03499886850499465
18863,0.2179363389512977
18864,0.10959163065994036
18865,0.03577111775398357
18866,0.17509435323486774
18867,0.013012719505086505
18868,0.06352947406574876
18869,0.027361787243512126
18870,0.13779829502054852
18871,0.04907678582316501
18872,0.7682379846438123
18873,0.5142577469301959
18874,0.10342661737858014
18875,0.012605153562664019
18876,0.9628134321049946
18877,0.017012743909661378
18878,0.463939206342182
18879,0.035297016112614626
18880,0.7008699476026514
18881,0.2847209039594188
18882,0.18269496640462843
18883,0.35540736743639173
18884,0.9222964464218795
18885,0.020462189197175584
18886,0.9424225453634205
18887,0.051771119684980056
18888,0.07567081541250387
18889,0.10906985317191821
18890,0.23667650009296845
18891,0.00996405693285825
18892,0.02012242236914566
18893,0.027597732870885978
18894,0.1818141961345455
18895,0.14436946946688148
18896,0.5703054762424281
18897,0.16057089909203348
18898,0.043083486831483095
18899,0.046081579871337895
18900,0.11058630596189155
18901,0.1910890971598817
18902,0.0198786057089749
18903,0.04211762476968916
18904,0.03862878944754811
18905,0.04401517169369789
18906,0.16147884084934408
18907,0.012043090431857808
18908,0.040953768860263355
18909,0.7120537088123595
18910,0.14533148880011956
18911,0.08896582612194168
18912,0.6325723679050147
18913,0.11827937938068438
18914,0.23158451246946696
18915,0.06879731567507814
18916,0.6249132402756519
18917,0.013837530367208221
18918,0.9728055257063215
18919,0.5614952061626373
18920,0.10543051011121034
18921,0.44075336048842784
18922,0.7132925616108383
18923,0.8507770032762074
18924,0.09602002858364435
18925,0.5843443540304647
18926,0.037979549806894275
18927,0.014451782498607235
18928,0.09211501222015973
18929,0.051517662282346756
18930,0.14135462183234684
18931,0.9278722487120332
18932,0.17758157948598383
18933,0.7742795742068979
18934,0.03396860143272098
18935,0.6857801069898778
18936,0.023093549901043123
18937,0.028059594828922074
18938,0.24500079930018995
18939,0.9099279315437148
18940,0.04048362184546095
18941,0.07104610122317244
18942,0.07468714523839866
18943,0.002789581480801912
18944,0.8817902890745868
18945,0.12583947603545456
18946,0.04355664835658803
18947,0.00793087909599623
18948,0.03401144320837392
18949,0.02602209969978729
18950,0.29728610487698465
18951,0.5669618826927391
18952,0.30114343126726184
18953,0.013942401760094153
18954,0.0025220812062652083
18955,0.08311365885032206
18956,0.8735471644502456
18957,0.034669056448182314
18958,0.08063089509691994
18959,0.010055751587247827
18960,0.10493356667072655
18961,0.05929865609211286
18962,0.023551502750585467
18963,0.10524472259789087
18964,0.016667768342832307
18965,0.007706674885639617
18966,0.19886780846370197
18967,0.6818296479489525
18968,0.944022770370457
18969,0.12068852882811387
18970,0.8172685073999459
18971,0.015263490030796627
18972,0.028155182941541044
18973,0.06897622358893679
18974,0.014731963651104671
18975,0.018987819307541075
18976,0.019800129004782813
18977,0.40775224571923846
18978,0.36861185610040287
18979,0.06691586965931882
18980,0.003072900328121359
18981,0.14345389220316146
18982,0.3784444392432366
18983,0.0829325841765571
18984,0.027126238289759453
18985,0.006836131960985541
18986,0.948746384557598
18987,0.007744283120262258
18988,0.004685607277596
18989,0.08720898683078888
18990,0.2563223145048415
18991,0.029305859603651573
18992,0.8393206179369354
18993,0.02797916657128326
18994,0.1320346275626318
18995,0.06195637108820115
18996,0.8966515439444608
18997,0.6918345755973775
18998,0.047893851422855516
18999,0.05296534548263
19000,0.046638560643531696
19001,0.04524595570365848
19002,0.07950265480622731
19003,0.018460100092831947
19004,0.9264188189699403
19005,0.28201613483730764
19006,0.21263854648836503
19007,0.01575479985964092
19008,0.9473123443350163
19009,0.7237106945834324
19010,0.06845606778150272
19011,0.10322827549993449
19012,0.014278454370639028
19013,0.01337467971985766
19014,0.7565644539615841
19015,0.12379566552527262
19016,0.0910227735410111
19017,0.05397105284025101
19018,0.002880952798299994
19019,0.03699695559993256
19020,0.031392428576796694
19021,0.7346646933233307
19022,0.022475177140792134
19023,0.03651748198604894
19024,0.45722620752404214
19025,0.061579018508917546
19026,0.05254143756950829
19027,0.13764724269716874
19028,0.5841829584276881
19029,0.049475069377362436
19030,0.25444961887811346
19031,0.055589129886384286
19032,0.11882163089451751
19033,0.043704141292684684
19034,0.050826088017813714
19035,0.04557363194964199
19036,0.008597171997852548
19037,0.08784999563742989
19038,0.009931982961517887
19039,0.034907238233281485
19040,0.23247668954227965
19041,0.09663093721946969
19042,0.021677785326828066
19043,0.03098915007930016
19044,0.038050272356613096
19045,0.8991815437904572
19046,0.012922902683070774
19047,0.512082981933248
19048,0.0339291767617779
19049,0.13486390632979392
19050,0.03114602564581535
19051,0.05489000322175306
19052,0.18337459451472637
19053,0.020569201092318128
19054,0.1960048003778293
19055,0.2736924185841063
19056,0.17718709628197132
19057,0.01826488875049535
19058,0.30063804897793034
19059,0.27388601792497796
19060,0.05699870861592535
19061,0.011632267804376815
19062,0.03907702157472143
19063,0.007209432333171324
19064,0.34849559863567714
19065,0.018353103298315847
19066,0.7139721499243132
19067,0.051464667607016
19068,0.02639430244216972
19069,0.13059805981073222
19070,0.0859758358841084
19071,0.6747950692861903
19072,0.18786793514148414
19073,0.100616045756544
19074,0.004512768587813882
19075,0.2454662941315259
19076,0.0586960663368895
19077,0.1667918882316421
19078,0.0748532882220602
19079,0.11090820132022393
19080,0.015759664598362783
19081,0.035651110770038553
19082,0.009191449835096111
19083,0.7995650909782089
19084,0.004479627433563058
19085,0.016025378909281626
19086,0.6407708539594292
19087,0.5257200109131231
19088,0.055842367621864196
19089,0.15101117702449188
19090,0.2978097904083364
19091,0.4691458862290885
19092,0.925606380277564
19093,0.17801298639877922
19094,0.060058070609203755
19095,0.23305094266919266
19096,0.10948578821772267
19097,0.08632968901420193
19098,0.8712291996963297
19099,0.11774725345561812
19100,0.872184096481568
19101,0.13467006531282685
19102,0.02426680636488808
19103,0.017307671632280135
19104,0.04642750777699312
19105,0.02572336012162043
19106,0.11313283276241184
19107,0.18954453865034077
19108,0.1008145610139129
19109,0.2377983012574816
19110,0.1295635785551151
19111,0.12336831531967726
19112,0.010307627867873178
19113,0.15765939003289703
19114,0.03294630949245417
19115,0.08674708838847885
19116,0.1173017333803939
19117,0.3279122621509821
19118,0.05207034211520789
19119,0.18478049296929777
19120,0.032551321650005946
19121,0.039290112959052645
19122,0.018684059093801466
19123,0.041319303189242394
19124,0.04264620166905272
19125,0.1182055200350512
19126,0.02036159644258839
19127,0.0303687632824992
19128,0.09072375237342084
19129,0.012238925697778945
19130,0.9321046457576796
19131,0.10254640807469234
19132,0.38501648587270176
19133,0.04787931588307273
19134,0.0038063490180497528
19135,0.7002936930150718
19136,0.30798297427039184
19137,0.01947649512150872
19138,0.03182597392093923
19139,0.00741150640277694
19140,0.06245902764699554
19141,0.13322607891244803
19142,0.5940189221218093
19143,0.23060865711994027
19144,0.3581351609596804
19145,0.030476208738212714
19146,0.02844046753778359
19147,0.016481298949955533
19148,0.24677971723930486
19149,0.04166014244595178
19150,0.042330566030007274
19151,0.027534580281785695
19152,0.7495408138845074
19153,0.9296708052067901
19154,0.11655228590807881
19155,0.21513660291506287
19156,0.1140076276326332
19157,0.14882050133225794
19158,0.029838571294835
19159,0.0488239192921377
19160,0.5362749218453134
19161,0.36917759818688717
19162,0.04143888381159347
19163,0.05582989263054139
19164,0.097371333473391
19165,0.021016727374788324
19166,0.00480976489109752
19167,0.0892205198281516
19168,0.8852800157476856
19169,0.15230313444655294
19170,0.5070458397198269
19171,0.03336286087916247
19172,0.1985021524442888
19173,0.05127584232510143
19174,0.03435296665798407
19175,0.0997352026193893
19176,0.09131440389694426
19177,0.015316441566035198
19178,0.01680245687880975
19179,0.11564262475783545
19180,0.07734884693317197
19181,0.1921340273050685
19182,0.36675005922347087
19183,0.11254835358751522
19184,0.11070018356073112
19185,0.004650213647268028
19186,0.06397318861323456
19187,0.24160663960955478
19188,0.09141917076991544
19189,0.03370900713277771
19190,0.039011630204044814
19191,0.2390040295534687
19192,0.9006580145587838
19193,0.09086279656509998
19194,0.0526296806835558
19195,0.14113765115060817
19196,0.0124194331936423
19197,0.07670558949619179
19198,0.0589362574902298
19199,0.9487346808667951
19200,0.8065216031102809
19201,0.31395569405748885
19202,0.7598937250920468
19203,0.029655023327086683
19204,0.011785683928732516
19205,0.07685082426402391
19206,0.048615351873647024
19207,0.9088055851862477
19208,0.019554593639523374
19209,0.7890031255317314
19210,0.6951599746835665
19211,0.16739727900113405
19212,0.9812195481422167
19213,0.09998855784724238
19214,0.08095145254567866
19215,0.2345611657846942
19216,0.10177425455546958
19217,0.029756955502412225
19218,0.11202428789687667
19219,0.04767467289682306
19220,0.4905509194809639
19221,0.07513247493000434
19222,0.17481429945408594
19223,0.010292703358000064
19224,0.22761138835104747
19225,0.46500181406757823
19226,0.2404600656342632
19227,0.15420440606716224
19228,0.06129518865139501
19229,0.03873718460422923
19230,0.07707962684839083
19231,0.11397492656825207
19232,0.061879532097299045
19233,0.053995366787481944
19234,0.059868293955530415
19235,0.04153199955256358
19236,0.07513258601554422
19237,0.1785647583140165
19238,0.04423943502353891
19239,0.016788615088133205
19240,0.011723766629667603
19241,0.07051592597228676
19242,0.010782444020085727
19243,0.8611142292815762
19244,0.02018067985178708
19245,0.1342300597429617
19246,0.0022511275156247455
19247,0.6147176506237945
19248,0.02933743615884502
19249,0.007643687774374025
19250,0.07288545940048133
19251,0.047706263188169444
19252,0.049372899913249876
19253,0.003773117769993795
19254,0.0269343742849392
19255,0.05404357605892353
19256,0.08229343174606901
19257,0.06932568339161611
19258,0.9188898486594275
19259,0.8306878987721185
19260,0.49288476136302983
19261,0.1272335896231221
19262,0.02373298044885437
19263,0.0036660608873523414
19264,0.36708938307538136
19265,0.1441033161637319
19266,0.017025262226849337
19267,0.02203775975287954
19268,0.519988634532126
19269,0.13738409225464662
19270,0.12544349784065242
19271,0.14892692436228647
19272,0.26064828955395664
19273,0.01284216307569927
19274,0.006991870512519678
19275,0.13427136116084648
19276,0.11474419451427291
19277,0.012586840357779577
19278,0.7680887730829483
19279,0.022083353616394102
19280,0.1492316312424725
19281,0.057654906185248565
19282,0.024001977934929704
19283,0.03722785403151716
19284,0.04334760233225595
19285,0.7847615489474956
19286,0.018818646294833662
19287,0.02272113993980046
19288,0.11545542022659364
19289,0.005822783574050909
19290,0.4909291674381034
19291,0.22203757585931902
19292,0.040883904455629894
19293,0.9350537473250924
19294,0.00771744332370338
19295,0.006487972644662666
19296,0.03987191171786381
19297,0.09831288722866043
19298,0.9189339309347065
19299,0.018629576823658928
19300,0.04971490156117211
19301,0.2078383093812569
19302,0.37463348119960377
19303,0.18978032929762326
19304,0.6888374524723637
19305,0.23275084035580987
19306,0.023442687085808663
19307,0.08757850151537201
19308,0.243087574753928
19309,0.2645065848248345
19310,0.021962764901111168
19311,0.13339928686266234
19312,0.14050242098733473
19313,0.18768731774387284
19314,0.4160729372479468
19315,0.07373739183715504
19316,0.11217849769627071
19317,0.11266760176209892
19318,0.22749414892102082
19319,0.5086007347810925
19320,0.025251755107942267
19321,0.0673449787383966
19322,0.09969144909743305
19323,0.37534069837170203
19324,0.007698048876508075
19325,0.41531705275615577
19326,0.29551195360633153
19327,0.04352524531785263
19328,0.05178345769893474
19329,0.046478061381679904
19330,0.016080156531092817
19331,0.9643601963406587
19332,0.03746937199044403
19333,0.07064286992465256
19334,0.033108738856235054
19335,0.022328473084947648
19336,0.1612302598666331
19337,0.921730006893027
19338,0.4373333920454374
19339,0.010743730686645608
19340,0.09214385986950359
19341,0.1035005837793564
19342,0.01025347676623822
19343,0.07062291138058677
19344,0.07387980025784308
19345,0.05770390585561954
19346,0.0032943771328927335
19347,0.03973801408405594
19348,0.01813465485646958
19349,0.6323336158014631
19350,0.1346239549724577
19351,0.07010590282762687
19352,0.7626621363636402
19353,0.08072067883575555
19354,0.1934086510315729
19355,0.05703286649845938
19356,0.0423984428221125
19357,0.04754835889876408
19358,0.14470644506667135
19359,0.5586687469949353
19360,0.15230598053738637
19361,0.007501679950926498
19362,0.44439924222197347
19363,0.05211305701626453
19364,0.2152938461985915
19365,0.7129729031327656
19366,0.020684694915730162
19367,0.5572253276547691
19368,0.2984136699421053
19369,0.2169882368308793
19370,0.012187283937849583
19371,0.7733668378158621
19372,0.02285552484344256
19373,0.038188131894422606
19374,0.026607442268023297
19375,0.05290439374896275
19376,0.024817591927531735
19377,0.9087870575036265
19378,0.22911222137514667
19379,0.011441852413419537
19380,0.011600109708072754
19381,0.02430391458921322
19382,0.01840050391650187
19383,0.11175525782233077
19384,0.03209237243638458
19385,0.12822523813503414
19386,0.031946309236434316
19387,0.011893850723558629
19388,0.13056004354968143
19389,0.25107440775770395
19390,0.37708496915354756
19391,0.8708833201989002
19392,0.05658299458530634
19393,0.03997678662715435
19394,0.24534299307569427
19395,0.05226166916652521
19396,0.07826522440993797
19397,0.005929975805799819
19398,0.24029129685848055
19399,0.01333124439495392
19400,0.655949876150391
19401,0.24822882955084835
19402,0.021036136258488016
19403,0.44135159969347093
19404,0.015269903457355256
19405,0.006489010204069059
19406,0.6075544146799412
19407,0.25705891184891766
19408,0.13936218500605518
19409,0.05657812122522744
19410,0.013240253168540377
19411,0.003966667706543503
19412,0.02763171856228973
19413,0.010471912660908573
19414,0.820101353739255
19415,0.02928777933842256
19416,0.19961250106846984
19417,0.36292872189083136
19418,0.09449784635460279
19419,0.3007153833458049
19420,0.04938112912894879
19421,0.6293679594656164
19422,0.16643088823059596
19423,0.15575864456024588
19424,0.7022373255965578
19425,0.014677970725949644
19426,0.03541686845220212
19427,0.21708731577218895
19428,0.02989723246936023
19429,0.11447181890593622
19430,0.021341388744196377
19431,0.15179256850328773
19432,0.03161684923267715
19433,0.07222873491261012
19434,0.4609069244481189
19435,0.04458537272213642
19436,0.005686586086335836
19437,0.9795128527889129
19438,0.009147614067843226
19439,0.74695072491283
19440,0.16145452144945652
19441,0.092976606442408
19442,0.5074425224883908
19443,0.03849784076710703
19444,0.046001872569241584
19445,0.12624557918491233
19446,0.011372539191142278
19447,0.027731216000357745
19448,0.12970610318392764
19449,0.011107802883327413
19450,0.12671140410925252
19451,0.28745028306750553
19452,0.02350006997740065
19453,0.08324693634224098
19454,0.7180497765636614
19455,0.41292903740924825
19456,0.6980532174619253
19457,0.11955923231693608
19458,0.07259873547112718
19459,0.038960917860379286
19460,0.9891186921673165
19461,0.0682735067057685
19462,0.0369024648561477
19463,0.04549421520175895
19464,0.11766926778390137
19465,0.25154441353860135
19466,0.13399425597060885
19467,0.16562481473833285
19468,0.8523272919858268
19469,0.028221684616995583
19470,0.5067730400833467
19471,0.38575103888238615
19472,0.6435536610019618
19473,0.08356262360777665
19474,0.052575883266369666
19475,0.1244426610107
19476,0.02391933644566972
19477,0.8226290297427532
19478,0.18896310303667388
19479,0.009113393361425916
19480,0.03299055797746754
19481,0.3606489311774893
19482,0.05837488057210272
19483,0.019621497830004345
19484,0.015132657567686005
19485,0.008935806770793052
19486,0.9496089138084761
19487,0.1290773039611858
19488,0.3317910481624011
19489,0.13011140616311473
19490,0.010628873475833432
19491,0.07502097650943101
19492,0.08783553016667571
19493,0.11274477311326689
19494,0.8558129036484663
19495,0.10441719843906677
19496,0.8895502062530378
19497,0.02032046556962596
19498,0.05818433599700344
19499,0.023658585027617706
19500,0.7692266001253272
19501,0.02613796781390309
19502,0.9496358030995049
19503,0.8020287401862064
19504,0.917469525720676
19505,0.5278169364014407
19506,0.08842454483679135
19507,0.7661140688055331
19508,0.03287038584366461
19509,0.06256130549177917
19510,0.032909150071015726
19511,0.08402426164090235
19512,0.16893121128539065
19513,0.07529806131494284
19514,0.014848926196825122
19515,0.7458893350702434
19516,0.4676377988045602
19517,0.11597518032089946
19518,0.03590999735474178
19519,0.02311031440177749
19520,0.021160597069497494
19521,0.14218444798134727
19522,0.6375946865323401
19523,0.6600537180075464
19524,0.26215035011262205
19525,0.02831093850932348
19526,0.014285256573597816
19527,0.1547581483352867
19528,0.33316322538378806
19529,0.018134592853829876
19530,0.9378203518324124
19531,0.029825167372808267
19532,0.3309690451470148
19533,0.1522528102388506
19534,0.6823006453942558
19535,0.048753701731938194
19536,0.293391059538849
19537,0.06209125843567588
19538,0.417075437037032
19539,0.8577425357615939
19540,0.4473236222067214
19541,0.0424583963397916
19542,0.024082829432784083
19543,0.02322965324432257
19544,0.8957104829185596
19545,0.8561463144615691
19546,0.7661412169943609
19547,0.06688107882749708
19548,0.015163424093842047
19549,0.007846061522251462
19550,0.16455782656241172
19551,0.11314524831806443
19552,0.10558509755517435
19553,0.013709696214122177
19554,0.23155081903442562
19555,0.03934109978216678
19556,0.02816421902960092
19557,0.9862201154610432
19558,0.006870223554276376
19559,0.07075393021792531
19560,0.05413403919867369
19561,0.9696916998504415
19562,0.04905568392378119
19563,0.2315773827692283
19564,0.05632107857442714
19565,0.16057187689119795
19566,0.41922556748350714
19567,0.8818579655044603
19568,0.08032382031976981
19569,0.18010994229848223
19570,0.06614935388897818
19571,0.02412089067265118
19572,0.23193343885701084
19573,0.08594882156954914
19574,0.02272830552817557
19575,0.24618722330181134
19576,0.8204461877034845
19577,0.026308052652265334
19578,0.02108288232560873
19579,0.3764117829527457
19580,0.03665989478822957
19581,0.4504289386662894
19582,0.17092332430099852
19583,0.019460030142892725
19584,0.10335007527002416
19585,0.0062995453464323795
19586,0.23510235406564503
19587,0.28604506164751686
19588,0.16755184874995982
19589,0.11430279369527292
19590,0.15520711241011195
19591,0.10272689733408732
19592,0.10055268280886083
19593,0.9401661182992957
19594,0.19214072198792467
19595,0.1121005722149641
19596,0.34974638889604215
19597,0.2348903021967415
19598,0.01859415221093842
19599,0.07424306781322386
19600,0.05681324182304114
19601,0.8178509341245939
19602,0.9446497851462043
19603,0.8567326832251152
19604,0.08730173089608192
19605,0.4987228943386415
19606,0.18576627626614883
19607,0.044437115983864746
19608,0.04813722244018493
19609,0.04727276339686751
19610,0.6586317321797042
19611,0.41197617866085345
19612,0.2494167861658007
19613,0.011031865227688871
19614,0.07709249122610302
19615,0.017862343986343808
19616,0.029658205866203727
19617,0.02801105438438885
19618,0.6666287175290688
19619,0.12052429049722195
19620,0.18139332159932936
19621,0.29461471694622987
19622,0.15673221471604518
19623,0.035099649529264525
19624,0.06662792547567598
19625,0.03489292969324839
19626,0.43232819309617393
19627,0.02103984264321409
19628,0.13478875853780237
19629,0.02550979196560559
19630,0.06450401537163304
19631,0.16337273346282857
19632,0.19662566097201165
19633,0.13125105480045532
19634,0.022364413732328017
19635,0.09753549041503898
19636,0.3163192815700155
19637,0.8525314261023603
19638,0.07684544307928151
19639,0.008260846087000239
19640,0.033970032101798706
19641,0.011986513229362561
19642,0.05957909733197164
19643,0.008170231178144171
19644,0.021415558183227185
19645,0.5977294708459632
19646,0.10328194439950572
19647,0.0682531842328587
19648,0.10035081559602985
19649,0.41120352517824854
19650,0.012779613959285407
19651,0.022586788714981227
19652,0.22901531136345413
19653,0.027186446666110496
19654,0.9419808470872454
19655,0.034927804718855454
19656,0.11150767300751509
19657,0.033033765036980904
19658,0.6412791491844588
19659,0.005054816036634388
19660,0.27273075031479405
19661,0.09823944572804344
19662,0.08663713417749147
19663,0.044366670070913626
19664,0.4299431790986085
19665,0.11736667477644501
19666,0.13988954629459308
19667,0.23650347498127755
19668,0.02994143808639387
19669,0.014517300464925232
19670,0.42820107167940286
19671,0.22849055201852295
19672,0.06702233142669678
19673,0.14033902300440307
19674,0.079784813688854
19675,0.1636445827980333
19676,0.04985866158835883
19677,0.0031018805122646404
19678,0.005725544508646213
19679,0.12583092327717038
19680,0.04985291948134265
19681,0.8965873030928525
19682,0.9866446884734562
19683,0.24918752726793708
19684,0.10617766040573849
19685,0.6089910532265892
19686,0.022409663339866995
19687,0.0471624391978233
19688,0.016310951668340005
19689,0.15777243925534865
19690,0.6133091978726338
19691,0.07608008152422506
19692,0.9375577958960651
19693,0.040526963933335707
19694,0.052054744485306406
19695,0.5620934606606791
19696,0.03939801682411587
19697,0.28466478323203764
19698,0.1203913398125955
19699,0.3810968993951794
19700,0.004591062163624759
19701,0.0032541143304418057
19702,0.8034748847686909
19703,0.011271507290349456
19704,0.04873550179429039
19705,0.1759926264819373
19706,0.27444336105819755
19707,0.01676338582249469
19708,0.1067659476177114
19709,0.018670543345342582
19710,0.018887384696625275
19711,0.9538733678434125
19712,0.13233182853007108
19713,0.030716258392045524
19714,0.4192127181560889
19715,0.4012594455039976
19716,0.02017914351113871
19717,0.1226249284668189
19718,0.014758250714034535
19719,0.01150410227390604
19720,0.308579652108434
19721,0.016744695138163377
19722,0.7696468826113293
19723,0.9389464046746612
19724,0.009941677545748871
19725,0.38605956677094216
19726,0.009832644678210196
19727,0.25624371748293495
19728,0.37476658897695364
19729,0.2082082624847394
19730,0.07723089912634284
19731,0.3423858276193645
19732,0.0646151717957151
19733,0.08198453122088402
19734,0.19029459617757816
19735,0.13735851945489969
19736,0.14451554153826224
19737,0.9519564609398322
19738,0.815795446110569
19739,0.38522973418569945
19740,0.06531488982498743
19741,0.023174280693051
19742,0.13395023330471023
19743,0.3044776473899944
19744,0.004046013377676039
19745,0.038383627163937326
19746,0.03282508610959362
19747,0.05657898901793947
19748,0.22914681961998998
19749,0.008107790775289284
19750,0.019016049240694687
19751,0.5933223139708561
19752,0.033477672489036145
19753,0.008575773758462368
19754,0.09405542170965496
19755,0.008340607715367118
19756,0.022865661603584844
19757,0.034855100905218483
19758,0.6887251127471551
19759,0.3563946366408239
19760,0.09501317161806436
19761,0.007270065057026583
19762,0.014034652282625792
19763,0.010502808643525792
19764,0.6238454205588898
19765,0.06827851630580868
19766,0.8077287350049543
19767,0.11504174107487271
19768,0.5378157018074683
19769,0.10772665014961469
19770,0.03622177953659764
19771,0.009249023821217214
19772,0.014122861135794898
19773,0.04596574157411597
19774,0.9250862261505931
19775,0.10963698841324852
19776,0.0035441078316315222
19777,0.29393494048202096
19778,0.2246364006390271
19779,0.10430064788149285
19780,0.04797017048815862
19781,0.7134963115451195
19782,0.03608725465559089
19783,0.012516294593625982
19784,0.019957314572180022
19785,0.01672975828360434
19786,0.011895771848220542
19787,0.025631596910817532
19788,0.04398509194692349
19789,0.05293429210070529
19790,0.8228187263867875
19791,0.6560552608097562
19792,0.035640749330331005
19793,0.08706082499816187
19794,0.7753811966082411
19795,0.043573849990538566
19796,0.1546506216470078
19797,0.07825069207181508
19798,0.024545630105727006
19799,0.9848062817260546
19800,0.04185158478786593
19801,0.17371029143408181
19802,0.07049370464680751
19803,0.49111414702875816
19804,0.04264643486477863
19805,0.13406819126086772
19806,0.01017589986311209
19807,0.13221582324688916
19808,0.15302242531622517
19809,0.019042589215715163
19810,0.10499330658113634
19811,0.015530631889590574
19812,0.08948672522739312
19813,0.027219073224151066
19814,0.08323255910316377
19815,0.0935915412215931
19816,0.0460538936409399
19817,0.022755607104681143
19818,0.13519062919180114
19819,0.006478940740146021
19820,0.11210534021846472
19821,0.08752200612086707
19822,0.006578086512020649
19823,0.12486830922907909
19824,0.0443538016373057
19825,0.06257899484164363
19826,0.08336455944263901
19827,0.2602465605834679
19828,0.13166227408618628
19829,0.7577262560155825
19830,0.085333380552752
19831,0.03634996216960772
19832,0.33307663509690694
19833,0.23368033781302017
19834,0.0423082628915066
19835,0.5968437313174123
19836,0.07311952855347673
19837,0.01894196314406886
19838,0.024223189015513673
19839,0.532803766476969
19840,0.18182952466648533
19841,0.514268366924721
19842,0.05876207865173381
19843,0.0745719317515587
19844,0.01369074459508399
19845,0.599070819902425
19846,0.016181963937492192
19847,0.09755027026121638
19848,0.029220754157240854
19849,0.05995584355053587
19850,0.04353197368275063
19851,0.09134347528055634
19852,0.2533824283092842
19853,0.021977114471482907
19854,0.9766460582171747
19855,0.04265597670296531
19856,0.1824569045505056
19857,0.9337724730430365
19858,0.16399579782814608
19859,0.8179740151652438
19860,0.6947373726646678
19861,0.7162409721786356
19862,0.11987023509898842
19863,0.23163101018009744
19864,0.15622969903786865
19865,0.05570615434427345
19866,0.12792560676760964
19867,0.06995747695835404
19868,0.12380967655708648
19869,0.12348194263646367
19870,0.16694984267672813
19871,0.256931832326508
19872,0.11432195122989772
19873,0.27993129034183806
19874,0.022409855281741907
19875,0.10669934113335419
19876,0.013261631589964653
19877,0.07909556759969867
19878,0.006714100495003052
19879,0.06436466498847992
19880,0.10646659405019444
19881,0.02733912155221953
19882,0.03000061521728953
19883,0.03805817112499787
19884,0.5829008468330841
19885,0.9668560127325916
19886,0.03286508815216169
19887,0.03677365851295914
19888,0.22424592857601164
19889,0.3084823958678622
19890,0.12582690897499582
19891,0.4431821154210886
19892,0.0474779578625194
19893,0.03453292862179529
19894,0.03818442041311289
19895,0.35656591940203824
19896,0.020847349756254466
19897,0.6492480659926316
19898,0.10289846105689697
19899,0.08401247725571852
19900,0.08371419948615788
19901,0.11350113307578001
19902,0.07599509290669722
19903,0.15325612743308867
19904,0.05402458323094547
19905,0.059450863808950684
19906,0.22922783540489844
19907,0.033202783233994344
19908,0.009221420527013406
19909,0.028377745776631685
19910,0.6055045811112376
19911,0.2821238965501455
19912,0.0190345619415352
19913,0.05766548486595769
19914,0.017372127816256282
19915,0.23526452765993724
19916,0.011674021438316648
19917,0.1906536440884117
19918,0.010857043860925307
19919,0.10515409268472682
19920,0.2641936330062719
19921,0.07216273807802502
19922,0.4110341692024865
19923,0.1668359868965156
19924,0.30768549926554
19925,0.3930383173087395
19926,0.1678476540447092
19927,0.1975146828114443
19928,0.028658931679811494
19929,0.14862500681147006
19930,0.08522980396305349
19931,0.024452542131380005
19932,0.42936922994730464
19933,0.015817844929640813
19934,0.08220662791005089
19935,0.039995199144897166
19936,0.005772899197096039
19937,0.10253360724882583
19938,0.08158550711151837
19939,0.05771811809521687
19940,0.018867914904453068
19941,0.09295403782902101
19942,0.08848372984145018
19943,0.013964827046758867
19944,0.11246260003205696
19945,0.04021221279944469
19946,0.09180594160381865
19947,0.043993366652298194
19948,0.5484351466277888
19949,0.05439655047924409
19950,0.08403250357455613
19951,0.4529326045280532
19952,0.13179997036335528
19953,0.695517082588086
19954,0.0409217097291924
19955,0.01337819977436794
19956,0.33050863362630434
19957,0.025576473216793162
19958,0.01921413280106052
19959,0.07840277828556644
19960,0.22132494005484543
19961,0.08614296920564093
19962,0.061635399352546104
19963,0.04771819342098736
19964,0.017434861395233415
19965,0.039380961152455145
19966,0.36287599422323125
19967,0.14882058722896957
19968,0.8989442949326639
19969,0.8277125035809765
19970,0.458412521117713
19971,0.040897841707237745
19972,0.02162252515341011
19973,0.923683622219445
19974,0.012657392384076293
19975,0.9722037004479206
19976,0.08144521605462404
19977,0.06974860677445181
19978,0.02538908644489174
19979,0.5957214019900615
19980,0.248809488133856
19981,0.06002379015436501
19982,0.14893218968710392
19983,0.24148610309238472
19984,0.5623845324244994
19985,0.28100326142844695
19986,0.032847248145539035
19987,0.13634302772755735
19988,0.022675405078915897
19989,0.021872665386985603
19990,0.39176177253067435
19991,0.019104137565829734
19992,0.9323085584921074
19993,0.11956872680125845
19994,0.6524096600862379
19995,0.04236508834828023
19996,0.11706677684853088
19997,0.011412481613356439
19998,0.00857978195046562
19999,0.017998488449730062
20000,0.08992480248670863
20001,0.010610232220961203
20002,0.018251567430718096
20003,0.4521679449087667
20004,0.14810657825260679
20005,0.2902218939892824
20006,0.9810791647926149
20007,0.15262272849728764
20008,0.3280153538001045
20009,0.04780583580029956
20010,0.029897637598216096
20011,0.2058257553173893
20012,0.02817604437955287
20013,0.10633758207247332
20014,0.07385489144399168
20015,0.20343938590340085
20016,0.0527641084880146
20017,0.06581866797314118
20018,0.01748288048411237
20019,0.0065938972019860525
20020,0.07629551567442171
20021,0.08672373994409456
20022,0.4967009945233468
20023,0.08856450599925045
20024,0.0943238829798871
20025,0.08267476195772214
20026,0.07244920040559545
20027,0.94631843640277
20028,0.02454592206380754
20029,0.6802430923115269
20030,0.04730612925809978
20031,0.02559005600967873
20032,0.0622108501104126
20033,0.20721394690473913
20034,0.02018016204572307
20035,0.38206577202930825
20036,0.026884122056866563
20037,0.0284058248952758
20038,0.8245906556946659
20039,0.24779011803906753
20040,0.014677964939974291
20041,0.032824133380228604
20042,0.033723235047872425
20043,0.07823717363297363
20044,0.06026047571936165
20045,0.2312196765664332
20046,0.8820993544744038
20047,0.7519189923659365
20048,0.024486367153812076
20049,0.875206110995998
20050,0.45645684801424535
20051,0.0572954202993111
20052,0.07910688198856602
20053,0.48322302929351446
20054,0.04313768447857486
20055,0.19096189557022517
20056,0.0080151571164803
20057,0.044412994107906875
20058,0.11774282858945341
20059,0.10828465542890851
20060,0.2135979715922687
20061,0.10229382940191523
20062,0.04940315274429786
20063,0.008941770831873338
20064,0.04770313501235805
20065,0.5000999138293168
20066,0.49501299417806727
20067,0.04929728427443843
20068,0.31415988977830567
20069,0.5898935606255495
20070,0.022539993711157943
20071,0.04378157537286607
20072,0.16346765219580853
20073,0.04557309258340035
20074,0.02272198637517075
20075,0.013525605389515466
20076,0.21284679783802357
20077,0.044421495250172464
20078,0.06994352211626291
20079,0.055004384516117465
20080,0.3747207264871758
20081,0.7369023924961168
20082,0.08418832795989842
20083,0.2118058568048634
20084,0.8753646720997611
20085,0.04518590601578455
20086,0.007502502465759427
20087,0.16856957048060617
20088,0.20992311236422964
20089,0.10129714759974284
20090,0.4381216323995988
20091,0.1238921495528066
20092,0.027345599097472955
20093,0.1974903146765696
20094,0.15578105977548007
20095,0.6485260971411234
20096,0.5281837864471699
20097,0.36163812041954335
20098,0.00883777938907617
20099,0.06497335170722068
20100,0.7914034689604045
20101,0.2776849834341707
20102,0.15010813984551094
20103,0.05869892416460457
20104,0.8601356175201726
20105,0.09126150908850345
20106,0.08040445359378304
20107,0.9044873968569989
20108,0.03338382775646664
20109,0.2812461658046205
20110,0.7340120753150609
20111,0.03846896814986579
20112,0.07655065972038631
20113,0.08077699194334585
20114,0.9102002801192364
20115,0.9592782352268643
20116,0.1272581949247211
20117,0.005623120279812466
20118,0.014846320858601025
20119,0.10789111349597595
20120,0.15697605723986685
20121,0.018252937372592915
20122,0.29106502479316554
20123,0.05923485488574203
20124,0.16876271625618544
20125,0.11139209039912881
20126,0.10489795535608243
20127,0.06211310256993749
20128,0.9092168832195049
20129,0.15938275458266904
20130,0.46654550502657843
20131,0.03105734749807866
20132,0.08222890778442071
20133,0.003807077056530165
20134,0.06296107941362471
20135,0.7742219424887463
20136,0.006868914154855959
20137,0.012948230429886558
20138,0.9888759400604032
20139,0.0487545202898582
20140,0.17379384925400476
20141,0.001974327096520522
20142,0.11100603441664895
20143,0.042757747605718766
20144,0.11724124188053574
20145,0.010935923823540862
20146,0.010187717499982776
20147,0.14808875766079496
20148,0.013691024317338565
20149,0.6422976729399582
20150,0.2562038046629868
20151,0.9797897078089155
20152,0.023613333466674418
20153,0.25138800459628596
20154,0.023604938516217748
20155,0.004637390316201009
20156,0.006454266484411576
20157,0.3200137817902687
20158,0.05989243950474559
20159,0.34929281102472465
20160,0.9583133826712992
20161,0.005212385973326043
20162,0.02024005199542182
20163,0.10090817622386399
20164,0.2556995328311111
20165,0.13099609173865664
20166,0.024880717682078855
20167,0.510524355595994
20168,0.006956599694997584
20169,0.014994068349842805
20170,0.08666103775635738
20171,0.8119964720874063
20172,0.7719531360328954
20173,0.923204808440413
20174,0.07503232950856133
20175,0.23009677482586766
20176,0.06997936184663028
20177,0.024841863442334838
20178,0.05717232042606871
20179,0.01919896561211297
20180,0.057552043264289664
20181,0.03048071717616636
20182,0.11083227417971861
20183,0.044824512763296194
20184,0.9052325227430388
20185,0.28857355027579684
20186,0.1386387938722255
20187,0.003473543620725668
20188,0.1463837925972661
20189,0.07093144712189066
20190,0.9105729738206981
20191,0.022725417517710705
20192,0.9288094307401372
20193,0.03425529201008595
20194,0.03865098801991503
20195,0.7550690738563648
20196,0.057623958561939054
20197,0.08349698940065334
20198,0.012521410825497006
20199,0.07592828969994514
20200,0.04186672888246926
20201,0.17577106589234526
20202,0.017641698811354807
20203,0.037834068681518146
20204,0.04728522608762545
20205,0.016523061827394863
20206,0.05391014972386434
20207,0.21633721933794406
20208,0.033696836729653866
20209,0.021412373308873724
20210,0.049460932599933706
20211,0.1787477897324029
20212,0.8930328283338856
20213,0.022184387661328343
20214,0.41808185000488307
20215,0.14778138968251847
20216,0.11381356084453063
20217,0.060552087171368
20218,0.2910512069420772
20219,0.9699733062221282
20220,0.1253876414419293
20221,0.6720258817224752
20222,0.032981257272559815
20223,0.05251667538590175
20224,0.04853473934298725
20225,0.044033489520158016
20226,0.019609289164439048
20227,0.729035977954085
20228,0.8923770772383697
20229,0.11049141967974012
20230,0.04157281142381277
20231,0.837372332324445
20232,0.3499815957427966
20233,0.04013673896767426
20234,0.04699823976434207
20235,0.045976024464668565
20236,0.5048884800695391
20237,0.6564509360123731
20238,0.15125538348885795
20239,0.04702347107998233
20240,0.004230582907156219
20241,0.009054825964127745
20242,0.006110691625152207
20243,0.05130813586373555
20244,0.03730712631451137
20245,0.6809470425879802
20246,0.8596806700212418
20247,0.11252288187308145
20248,0.14353001195851436
20249,0.49812834198888895
20250,0.05361908195872332
20251,0.05339314549577478
20252,0.024017370106309475
20253,0.018036415503178246
20254,0.03908321856478815
20255,0.12088820120785286
20256,0.6285345834412666
20257,0.9358718997389976
20258,0.3733803280795836
20259,0.3640540560039633
20260,0.035187713483882166
20261,0.4556411708849836
20262,0.06008396131467544
20263,0.0239009312398459
20264,0.06961979750981459
20265,0.2582278241762991
20266,0.950541664985572
20267,0.3278089687072504
20268,0.03506893061217332
20269,0.04915206307330884
20270,0.05312904709774141
20271,0.17359394777769135
20272,0.07377639404977539
20273,0.1068515934391053
20274,0.23291458405552276
20275,0.005708106044100988
20276,0.47142419861345364
20277,0.7053997837958947
20278,0.08835907462174437
20279,0.37782832529042415
20280,0.03215915944206138
20281,0.26504220358544356
20282,0.0652268543886153
20283,0.5963872314155043
20284,0.054242177055643624
20285,0.42964479145367385
20286,0.019568328028676397
20287,0.010992381708905442
20288,0.03692064868211921
20289,0.8770018462891199
20290,0.012926110085381286
20291,0.06764526194438922
20292,0.6905871639442437
20293,0.7250652551446997
20294,0.052015716333836594
20295,0.0884731903589399
20296,0.2841065004287586
20297,0.04371475281980241
20298,0.07260941010405218
20299,0.8833828528098973
20300,0.1254368809546267
20301,0.017495693696654966
20302,0.9719498839983509
20303,0.01137609076617682
20304,0.16223312382639074
20305,0.01060361945181167
20306,0.005190003524213116
20307,0.10155264443813727
20308,0.12248013690868717
20309,0.08493074809693377
20310,0.16964224582397427
20311,0.026903969937914222
20312,0.04351014003550131
20313,0.021550696667666222
20314,0.8874606450487075
20315,0.9358257466507061
20316,0.049300901122794755
20317,0.00601782015709357
20318,0.11062532140273527
20319,0.8734047307095023
20320,0.9506283363820335
20321,0.029633227976248473
20322,0.10559825727669642
20323,0.0077965386532659305
20324,0.8068817977418276
20325,0.023753325086536697
20326,0.3125305704250374
20327,0.0293402674497563
20328,0.06603907434015464
20329,0.07012223186223296
20330,0.6678540062989371
20331,0.004619344720022869
20332,0.25131160832778626
20333,0.30807557392481977
20334,0.8390072517748128
20335,0.37490831915692163
20336,0.06179290549588084
20337,0.02928874165639836
20338,0.12648540327490984
20339,0.8537233031630123
20340,0.03924150747326873
20341,0.09122676520353841
20342,0.02399908061818649
20343,0.852495110072311
20344,0.0209804243231593
20345,0.5108862294277033
20346,0.06338069330177723
20347,0.06741449881586106
20348,0.7271435277392168
20349,0.10443586149704971
20350,0.010041578696099864
20351,0.08716072525816473
20352,0.3084867620612079
20353,0.045533841107985557
20354,0.23463811707566093
20355,0.19855189884710525
20356,0.022024732349602425
20357,0.7015386487675651
20358,0.087050379051886
20359,0.10482818364876667
20360,0.4177880714380258
20361,0.08148872062384857
20362,0.0639459437337175
20363,0.0351159262399111
20364,0.8212178911339966
20365,0.04893233809313712
20366,0.03121075449291927
20367,0.024948316751251056
20368,0.0803441655546854
20369,0.027946462830182078
20370,0.10386711978222722
20371,0.12215821388014526
20372,0.021364427344313017
20373,0.46123301176529563
20374,0.008672707117974219
20375,0.17818943253158942
20376,0.05537319718262668
20377,0.0032458382929814807
20378,0.010451801074836205
20379,0.3505210988014036
20380,0.019513460440232788
20381,0.84444653395907
20382,0.07114496502758524
20383,0.9264382335682827
20384,0.04305458653065087
20385,0.02271002826326686
20386,0.03987239804477164
20387,0.11859249214594031
20388,0.039277815304304
20389,0.10122125391218341
20390,0.6716228390198637
20391,0.5655419866552537
20392,0.5239358148722169
20393,0.04840630526568689
20394,0.06198607258229907
20395,0.13577090318715052
20396,0.06108945773584999
20397,0.010543879512476734
20398,0.9446952859446384
20399,0.08942273968590095
20400,0.12949398660781092
20401,0.0448532825439482
20402,0.7960060574845038
20403,0.05544614376601123
20404,0.011347768238114782
20405,0.03693825934986473
20406,0.008358427442561421
20407,0.24572331184992421
20408,0.7008164411293158
20409,0.33467875919557677
20410,0.5094231960260326
20411,0.09928368827288647
20412,0.023485242674010774
20413,0.11461741636352672
20414,0.984443113943642
20415,0.8463107104945469
20416,0.11055516926240858
20417,0.1530188951178718
20418,0.06530200743645867
20419,0.030477139860972915
20420,0.12356606528409707
20421,0.38168507539336727
20422,0.013783182688395823
20423,0.03314255482691251
20424,0.21009672284239173
20425,0.008219460152800947
20426,0.7428633907716532
20427,0.013430909438018338
20428,0.9272686647479168
20429,0.09369274777455476
20430,0.013589923486116416
20431,0.06866271081063663
20432,0.03969704190303069
20433,0.17420905089612454
20434,0.06238015400421342
20435,0.0072111776349669185
20436,0.00939593252438727
20437,0.9492512875083129
20438,0.9468169895259672
20439,0.0643691545463969
20440,0.07932912012793147
20441,0.0968960594790427
20442,0.009935655659276933
20443,0.35479858663116703
20444,0.3005764315134577
20445,0.10400655542383769
20446,0.0752483692886389
20447,0.6326436662707903
20448,0.6574585867773449
20449,0.009569388498662462
20450,0.5824394553658498
20451,0.9482706267396153
20452,0.17559616440268608
20453,0.03446888109377843
20454,0.13521360167712115
20455,0.036758744918611364
20456,0.01348597405598428
20457,0.006886133231817785
20458,0.24970458134084028
20459,0.7803333375868551
20460,0.3206945356944535
20461,0.04523697544012311
20462,0.043961479098284365
20463,0.2927193351769718
20464,0.004126533410500015
20465,0.05833737347260806
20466,0.08150534686485807
20467,0.8140300554909919
20468,0.029868464418721378
20469,0.34727268382610976
20470,0.01435752663930699
20471,0.37849586535786434
20472,0.03760648621766512
20473,0.029639679770250556
20474,0.016978442404187413
20475,0.01921262999883766
20476,0.006954611776103635
20477,0.9290460024637662
20478,0.23765727297140943
20479,0.23921895122891448
20480,0.1283666264356966
20481,0.07430702503834014
20482,0.11567435451719962
20483,0.04073789201014272
20484,0.06135741898074541
20485,0.010996019630162534
20486,0.09720101935946311
20487,0.5172398332875335
20488,0.020351372960519518
20489,0.005611079830458132
20490,0.3993464118611695
20491,0.04658714362277632
20492,0.06394603153753993
20493,0.05123669633082384
20494,0.21406829775650027
20495,0.027410665877094446
20496,0.017790838836078605
20497,0.009672257643667442
20498,0.12620982381973322
20499,0.5770556911831158
20500,0.014490197666450723
20501,0.012210734595311695
20502,0.4974249273039331
20503,0.43893601203475063
20504,0.12666665848405198
20505,0.9366056906563883
20506,0.04407888837041727
20507,0.20334218264694945
20508,0.33263727154445694
20509,0.6139699253438032
20510,0.13730010055154948
20511,0.004579451859546035
20512,0.9326979099099079
20513,0.5309140853526997
20514,0.0703590169803277
20515,0.6594277356655092
20516,0.08481465144596356
20517,0.1563927648727327
20518,0.01916376119494851
20519,0.01829703797115895
20520,0.06801343613307102
20521,0.8575687038764479
20522,0.026018999517722033
20523,0.24847421879997583
20524,0.28148350290310176
20525,0.05535492630692606
20526,0.01593260176727764
20527,0.04724757242716506
20528,0.009868921972267955
20529,0.10535453326169637
20530,0.0928343859438082
20531,0.24079954297593975
20532,0.32013591892737425
20533,0.061228391694728934
20534,0.013764271359002362
20535,0.03910706255981281
20536,0.013461798751591186
20537,0.7498477222584194
20538,0.20976013707706492
20539,0.03581604773208613
20540,0.3678817906329301
20541,0.0379536450592981
20542,0.1402503647766169
20543,0.19825014073608732
20544,0.5748820655466627
20545,0.12818788015621688
20546,0.016759042410114097
20547,0.1396727024354346
20548,0.715836332167151
20549,0.053381379888690225
20550,0.2339520129634193
20551,0.029256386354900805
20552,0.3613085492701971
20553,0.06235014416451915
20554,0.11479918612444207
20555,0.1789329224607236
20556,0.239219696665918
20557,0.457595952588238
20558,0.006182589532460629
20559,0.0168484433042819
20560,0.05938777445234723
20561,0.01205529324821523
20562,0.005591000065570441
20563,0.027788437372298063
20564,0.038322348172462946
20565,0.49925859302117814
20566,0.13208397998544866
20567,0.01986873342282478
20568,0.06103354565758943
20569,0.03618096266829047
20570,0.1342973681027521
20571,0.007604400338999586
20572,0.030022475034548565
20573,0.07451958378877362
20574,0.1615190166404663
20575,0.020553517283133413
20576,0.2196947461609994
20577,0.3204801107778471
20578,0.8156032142850413
20579,0.04587660874906858
20580,0.010663482571869411
20581,0.2596280397345797
20582,0.27585999002365147
20583,0.540389794971556
20584,0.04142281901010616
20585,0.023316130463848013
20586,0.06591718595761552
20587,0.1318105099205412
20588,0.15102884749923937
20589,0.014466701761732627
20590,0.303021020339474
20591,0.029183495882917132
20592,0.8041193564824465
20593,0.448285110990525
20594,0.15327402331395354
20595,0.06500373345786574
20596,0.23578372660968874
20597,0.02716205199589328
20598,0.7337930323570298
20599,0.2845031433669337
20600,0.8242518337627206
20601,0.010363580801641355
20602,0.5674474452225942
20603,0.06357618464966294
20604,0.13419422461510017
20605,0.05751429333549426
20606,0.34298181317411114
20607,0.07259233048570518
20608,0.9223001207225701
20609,0.801429825916739
20610,0.6882797041908102
20611,0.13918650436541108
20612,0.022446514223103543
20613,0.1759634957556049
20614,0.16204483853779625
20615,0.5449466817043529
20616,0.32896144399832167
20617,0.0276880450650219
20618,0.04794624305496346
20619,0.00759203038492459
20620,0.17110078715763524
20621,0.03558125459729822
20622,0.012502737626156543
20623,0.09691788943579278
20624,0.5374006145728734
20625,0.14879267179383485
20626,0.043841027537671384
20627,0.031371953205853946
20628,0.07771548857134788
20629,0.920047728445571
20630,0.05108572885326758
20631,0.11847687976907816
20632,0.11257762177088032
20633,0.014965169186214667
20634,0.7683879123570206
20635,0.035199109840582644
20636,0.024519059948727738
20637,0.2994826095435324
20638,0.4901972688780571
20639,0.06731323152494674
20640,0.28660777889912625
20641,0.023734146462020617
20642,0.019107602682005898
20643,0.09998075040281851
20644,0.527283164412286
20645,0.10163115415400029
20646,0.025398233529010904
20647,0.08555711112418066
20648,0.03973018660817695
20649,0.06172834941910319
20650,0.14894188507519734
20651,0.14046787438996855
20652,0.3339309502392821
20653,0.07471305097255397
20654,0.6026182735378507
20655,0.07775156796610454
20656,0.6861031720804533
20657,0.3952850498673616
20658,0.16450644442488127
20659,0.8465603067681179
20660,0.17934160415197406
20661,0.06527495326588255
20662,0.0217782955783013
20663,0.03384368941070058
20664,0.035182052726038436
20665,0.0675405223855441
20666,0.20207659183324153
20667,0.11616278604719935
20668,0.07576656169998944
20669,0.3757975861127379
20670,0.39027659402443726
20671,0.07778738120434739
20672,0.8651491993623862
20673,0.047363662075459605
20674,0.021698784878199217
20675,0.03173807443619381
20676,0.18899105002137823
20677,0.05149263590260993
20678,0.03301917012268859
20679,0.035073870216787144
20680,0.8033948834698613
20681,0.009074144627485422
20682,0.41515546596087877
20683,0.006133858098416856
20684,0.023443092257874797
20685,0.06721595739468159
20686,0.09275129787016305
20687,0.1038663572315085
20688,0.9074039734254645
20689,0.6797744393180236
20690,0.03832110332363894
20691,0.003802763282065398
20692,0.27562512062909694
20693,0.042382915387006594
20694,0.010692004231166513
20695,0.09949508138050908
20696,0.011649750740551173
20697,0.9645597188199881
20698,0.10456073902146794
20699,0.01765019666480203
20700,0.018963822610347066
20701,0.36571759524630826
20702,0.01479507940463915
20703,0.7605075925906013
20704,0.03500803859198669
20705,0.1328917917542136
20706,0.037048934818978516
20707,0.09162936506681917
20708,0.06446466434859505
20709,0.024652879650880942
20710,0.1774049093312253
20711,0.014725896116844649
20712,0.5168951205126298
20713,0.7563371220693803
20714,0.732540264361151
20715,0.02735845928210483
20716,0.25033387522066
20717,0.14713082470648664
20718,0.2259331679265355
20719,0.009872734093669809
20720,0.06669564275628789
20721,0.24562267609239882
20722,0.22824464644793127
20723,0.039732484886331486
20724,0.01127061947295542
20725,0.025369326401606437
20726,0.07592259214799132
20727,0.7990093731013664
20728,0.04500306969137334
20729,0.028432927999492236
20730,0.10165662593530206
20731,0.22519549899528277
20732,0.058832908133915424
20733,0.9127647134138102
20734,0.20645947212722449
20735,0.3075765337318535
20736,0.025826870856305424
20737,0.5075295265794607
20738,0.7729543715789429
20739,0.15168306746008442
20740,0.03993528008138789
20741,0.6320340833481343
20742,0.02495624333883068
20743,0.09131277613953931
20744,0.4142366002139304
20745,0.7605415004441014
20746,0.13110536151958063
20747,0.1710865636980465
20748,0.12343838496616036
20749,0.031621401330097436
20750,0.08988991833914958
20751,0.9798170326803785
20752,0.038489429609577526
20753,0.3257165475427396
20754,0.05974908755989385
20755,0.13569712557375788
20756,0.07120893481685
20757,0.05458276168598043
20758,0.0830784301242532
20759,0.22356146844520375
20760,0.09607382134529885
20761,0.06300087714894047
20762,0.36988794113798085
20763,0.03497689854484308
20764,0.5283496605884694
20765,0.14866308929543018
20766,0.055530938744332896
20767,0.7083513732480202
20768,0.024364954689248257
20769,0.07712967532853082
20770,0.05382074388703929
20771,0.05062300447539925
20772,0.060951151765381024
20773,0.006348892779687847
20774,0.025426750407415946
20775,0.04890699426576006
20776,0.3436204909774918
20777,0.030688866556882192
20778,0.03867067567714951
20779,0.8622474007651802
20780,0.9261761009470617
20781,0.21637736725266654
20782,0.04623489022510713
20783,0.6605238609627047
20784,0.023901661264589133
20785,0.008561916512120573
20786,0.9634787041871018
20787,0.25957463188563173
20788,0.2358627600862387
20789,0.6898633289182448
20790,0.0260042812468842
20791,0.2696663284804527
20792,0.05341084082606761
20793,0.00877043881993679
20794,0.027931879989928073
20795,0.01780948144059028
20796,0.5687364874511248
20797,0.5669291128941284
20798,0.0319929605129409
20799,0.5008666659076678
20800,0.8856515276411073
20801,0.7687109719451616
20802,0.20272000633699147
20803,0.873633983078635
20804,0.023013058502860312
20805,0.07367608992681969
20806,0.2758800586568208
20807,0.09144455995010803
20808,0.08254509112022905
20809,0.29372706865019377
20810,0.13696879927249145
20811,0.1183000621616271
20812,0.037411587411516414
20813,0.03833907522609458
20814,0.14301369145168658
20815,0.47863573695246947
20816,0.143023062493372
20817,0.005463159233911706
20818,0.001566036841485949
20819,0.07045626198479439
20820,0.4620680203423326
20821,0.622971851239694
20822,0.10465312211618293
20823,0.006186139499458291
20824,0.06076835028300177
20825,0.33515553632035366
20826,0.11475893066038312
20827,0.20492289439082365
20828,0.24025877263129744
20829,0.1724830912660548
20830,0.7371493188184096
20831,0.0879935136657901
20832,0.12756569226124967
20833,0.5970185182737429
20834,0.5239447195881126
20835,0.06046656436776744
20836,0.9059810825917256
20837,0.007899804106841699
20838,0.13044768087679243
20839,0.16895132456646894
20840,0.06118702259967116
20841,0.10268166657531
20842,0.626376522804234
20843,0.011586210618579607
20844,0.1676194903329367
20845,0.7946108937520739
20846,0.01259536223634789
20847,0.11478103255984741
20848,0.007752764992556099
20849,0.024777482093206737
20850,0.03711890535980648
20851,0.11763237396625684
20852,0.9039817318711564
20853,0.03949515435502093
20854,0.014416387967838385
20855,0.1929765599862434
20856,0.21721893045478807
20857,0.43463424715303545
20858,0.9469837109609195
20859,0.04002744749603869
20860,0.0906030485388785
20861,0.11444256474431015
20862,0.10887439015348128
20863,0.25432768474050443
20864,0.023974843602674625
20865,0.1666292888388825
20866,0.11627784451752578
20867,0.04417066319895725
20868,0.8792322834092023
20869,0.012288831110471618
20870,0.029127407486391567
20871,0.025343173177842224
20872,0.04065350664293082
20873,0.021263581861956912
20874,0.8157723769790786
20875,0.14404424763909543
20876,0.060283218628439876
20877,0.21981957590331025
20878,0.028934724876353065
20879,0.016350210776960635
20880,0.08055081119714441
20881,0.07181573440164449
20882,0.6860272381218578
20883,0.03351605756667796
20884,0.027594544371171852
20885,0.03001447524530272
20886,0.19242901373534788
20887,0.014597722778990834
20888,0.08771090892235439
20889,0.02617791580892289
20890,0.052346017781533666
20891,0.07137435523368668
20892,0.03217290428128997
20893,0.4049641808788652
20894,0.0982682966570658
20895,0.0818755935650278
20896,0.7332350095693893
20897,0.002173061835448183
20898,0.140445030366846
20899,0.37497556143674265
20900,0.05422544785075478
20901,0.05772150383005312
20902,0.43631418726950166
20903,0.8560553711863523
20904,0.05830769464104237
20905,0.20816366606278483
20906,0.06102768151838784
20907,0.0271694040707384
20908,0.007998278154974297
20909,0.046291745776925956
20910,0.5813961529383617
20911,0.2521147561842978
20912,0.007794783505414964
20913,0.795117276706785
20914,0.1648239418261956
20915,0.053024719676169646
20916,0.024994253286243297
20917,0.04121073264983357
20918,0.03485820980104059
20919,0.04443574417335109
20920,0.04254587130118663
20921,0.007134022784229493
20922,0.8487972633479808
20923,0.011205166477266318
20924,0.8731050106355539
20925,0.09709294725365473
20926,0.6619078225413377
20927,0.020289445975437703
20928,0.18885356616118307
20929,0.16964487727445438
20930,0.1307818016767912
20931,0.07469277960004295
20932,0.017476389435849227
20933,0.02745948386898584
20934,0.04006108487944171
20935,0.1188511849083141
20936,0.9329058548007723
20937,0.04270159534648109
20938,0.06982497156336684
20939,0.039489649294154286
20940,0.3880374002438795
20941,0.028779184286412275
20942,0.11930768623196314
20943,0.5260665053856998
20944,0.7875737410925409
20945,0.04134296149332933
20946,0.7904395334008544
20947,0.06707778254202243
20948,0.04556405437379003
20949,0.15272536574816312
20950,0.03138690841400502
20951,0.046360237941420905
20952,0.7034960646842336
20953,0.07801955134531637
20954,0.04235665002351861
20955,0.5120765730412765
20956,0.05137528687453058
20957,0.053758625540829386
20958,0.11428955278916031
20959,0.2463357287149744
20960,0.04647930638834882
20961,0.12136877580312144
20962,0.17739296173630761
20963,0.0664194051159652
20964,0.050691941838639065
20965,0.07295603160463275
20966,0.41022356972799334
20967,0.2006843722830628
20968,0.14759581012035625
20969,0.048711764190113895
20970,0.009662740489772883
20971,0.1334882435781698
20972,0.01788388983440266
20973,0.07972280187730069
20974,0.016952860248243048
20975,0.22343424276704887
20976,0.02441823096879575
20977,0.1579249084168481
20978,0.14198388507585738
20979,0.024138086246574434
20980,0.22155967341832017
20981,0.04940884527531801
20982,0.03199132385087675
20983,0.09407307982936157
20984,0.03593448626131325
20985,0.03204109258168802
20986,0.2858593562835201
20987,0.9587212741212556
20988,0.7178671111218795
20989,0.050840203866799154
20990,0.5548882294991256
20991,0.02119134350234012
20992,0.07273456774591673
20993,0.031224126295688645
20994,0.12492975466160632
20995,0.10652310710606779
20996,0.037531467911322926
20997,0.0872302122678521
20998,0.17967396738127683
20999,0.05295220745119783
21000,0.9851269567353101
21001,0.04592775722264048
21002,0.7274681364603259
21003,0.014250230614202533
21004,0.6728022673672712
21005,0.03831229838929872
21006,0.9347725241114777
21007,0.0180014848513698
21008,0.08181390685120442
21009,0.16511712960121908
21010,0.8784853221722996
21011,0.2757781244661377
21012,0.026861418215875475
21013,0.023693851600610574
21014,0.12729856486522284
21015,0.1372396422461877
21016,0.047919258330638446
21017,0.033677951302998714
21018,0.019858553122831978
21019,0.2357518402394439
21020,0.042405594160904475
21021,0.06364170935602902
21022,0.6172405043926749
21023,0.049868966237545914
21024,0.7043191675633687
21025,0.12348550975581918
21026,0.1470969517754199
21027,0.8531583727200904
21028,0.6635036125860712
21029,0.14638466577270423
21030,0.040881627926560665
21031,0.7704219625931472
21032,0.20409975628208027
21033,0.6449211786847178
21034,0.07780931038923594
21035,0.1179211423471597
21036,0.8558759663933497
21037,0.3466059016192397
21038,0.045083470167477095
21039,0.9610774533301004
21040,0.04778513835468107
21041,0.07081076299994246
21042,0.16559151156942511
21043,0.023616866523501125
21044,0.5921396246439803
21045,0.17874943282991415
21046,0.4263462587723321
21047,0.9146207805955623
21048,0.03721190350044933
21049,0.960692365430531
21050,0.02171092524194022
21051,0.3565776898492083
21052,0.035857602110581525
21053,0.2322868025517623
21054,0.7266835284161792
21055,0.05237963218923759
21056,0.11160868757976988
21057,0.9753424470448361
21058,0.040066472825870045
21059,0.8578000468666962
21060,0.7574129371410251
21061,0.19921650944484137
21062,0.01599851405244901
21063,0.040359771712873506
21064,0.6295585551471811
21065,0.1387331523090709
21066,0.03739570111383856
21067,0.009225132287321114
21068,0.19620770574283178
21069,0.12446595897452459
21070,0.12027444372173322
21071,0.2990546686706935
21072,0.03290104925612704
21073,0.5523553513028879
21074,0.06490230020583473
21075,0.13430188981217356
21076,0.05571409516612221
21077,0.22223849739818424
21078,0.2821683498740151
21079,0.908067953246409
21080,0.22963160535444357
21081,0.25306617629132266
21082,0.21819680982440642
21083,0.026710268692264453
21084,0.2973652560126398
21085,0.015396198063974888
21086,0.39868403890922827
21087,0.2711877782901614
21088,0.19202381549761216
21089,0.29865295050944834
21090,0.014138992328077997
21091,0.07070057212587275
21092,0.16923434360737272
21093,0.019173081736585208
21094,0.025411548975019977
21095,0.03638673837374693
21096,0.03568286740550081
21097,0.018068922233438374
21098,0.0972378614835649
21099,0.17116042240464927
21100,0.13937824016269698
21101,0.026615473173539253
21102,0.032833187258143104
21103,0.19029186010705876
21104,0.13275227617261887
21105,0.030990256966937663
21106,0.9010361989091028
21107,0.17604545227697246
21108,0.253600351909549
21109,0.9106412179824598
21110,0.5566122254381849
21111,0.7307690435216794
21112,0.010397316580841665
21113,0.05656566208851015
21114,0.9578587857984497
21115,0.2869839955514063
21116,0.9146333118399927
21117,0.1190030460741314
21118,0.03289452248409351
21119,0.9112520650159579
21120,0.01686702834294836
21121,0.3827703959368335
21122,0.0839847775382232
21123,0.22972827011550967
21124,0.07966000271003236
21125,0.08753001952926659
21126,0.018023716887521586
21127,0.08554143943862182
21128,0.009386036167177116
21129,0.03413070530315149
21130,0.5857028681347354
21131,0.3537389412311025
21132,0.33788627643908486
21133,0.027925252141840065
21134,0.026126885658643326
21135,0.8820848075919573
21136,0.013185009296420195
21137,0.017106508366514304
21138,0.023090199015449512
21139,0.1592950019968683
21140,0.642115228224635
21141,0.04985277128952201
21142,0.15330591551865516
21143,0.0910842055954917
21144,0.039577055885398796
21145,0.10895794709868507
21146,0.11400723574208552
21147,0.5042439801760626
21148,0.27539045145368235
21149,0.03543057010960177
21150,0.05868594251073082
21151,0.7678749495630955
21152,0.05688104487281909
21153,0.5581695405971342
21154,0.025112525007761816
21155,0.14164631912402798
21156,0.43968669952440836
21157,0.10164628754777114
21158,0.11888255276533156
21159,0.024781677648975035
21160,0.07652860506988922
21161,0.006003564937690683
21162,0.20552847610509695
21163,0.6916109232874664
21164,0.062306013414998675
21165,0.13144833600828432
21166,0.9137783856149558
21167,0.4801546690963664
21168,0.022294604638887983
21169,0.5876243975612135
21170,0.362715664584901
21171,0.3165811206789639
21172,0.09252697616728754
21173,0.046819686725194994
21174,0.11036592854030215
21175,0.21475344542685326
21176,0.018608590053404133
21177,0.23935348032076378
21178,0.7374307597675751
21179,0.01192913702460134
21180,0.9117794508390402
21181,0.12617165998249072
21182,0.014524202277342602
21183,0.09013570560007765
21184,0.763613727186753
21185,0.07826259336470576
21186,0.030067055477411883
21187,0.01663656879036829
21188,0.014245623460331308
21189,0.011323423498225038
21190,0.10503000593086143
21191,0.5953925203713359
21192,0.3738493350614311
21193,0.7040834849206788
21194,0.10913814457198094
21195,0.038589146491800515
21196,0.15866039377699118
21197,0.014148576431962974
21198,0.06704535359486156
21199,0.5809819077904919
21200,0.04625611249364513
21201,0.0339005194038344
21202,0.02387263394404374
21203,0.19113012476693833
21204,0.06816666281559725
21205,0.006166308330415663
21206,0.9236240890385796
21207,0.012111230483914426
21208,0.03121077022507664
21209,0.9534465066883389
21210,0.09462726418921354
21211,0.9554958810076319
21212,0.02905664912307305
21213,0.8171548927340209
21214,0.06691521458630555
21215,0.2935935872782236
21216,0.435440126174511
21217,0.17759186533314192
21218,0.04574164135690462
21219,0.0270609149849693
21220,0.2309872134336839
21221,0.05406217497246508
21222,0.024952060814517115
21223,0.09227201716585808
21224,0.36610383122333723
21225,0.023287513575987528
21226,0.39271299130428894
21227,0.05281740335272482
21228,0.8088232205389085
21229,0.9495661578769511
21230,0.2222436012313351
21231,0.678565325977958
21232,0.07079397000451274
21233,0.16462719832839356
21234,0.02080655926548998
21235,0.2679663939148161
21236,0.5733920481357684
21237,0.023945751155381462
21238,0.029903506814841413
21239,0.08190614375030741
21240,0.01418140970744567
21241,0.2228083036200801
21242,0.8820040770719827
21243,0.24456046171873874
21244,0.1803805736526708
21245,0.9064436008212391
21246,0.011546370200001476
21247,0.06682790449794422
21248,0.06884884382806664
21249,0.9696969958912173
21250,0.008532286980553022
21251,0.035599364071983115
21252,0.0627458975905867
21253,0.03153278443687689
21254,0.06451888276441267
21255,0.05278775323777397
21256,0.1097447998535818
21257,0.6698716727115014
21258,0.09416311553214163
21259,0.08602432319616932
21260,0.057572298477931445
21261,0.08094308780154365
21262,0.03512975816815408
21263,0.08952325402123613
21264,0.025578008291381096
21265,0.06710113759437902
21266,0.006171676829645814
21267,0.009925156750359631
21268,0.9366160184107777
21269,0.39481229669050427
21270,0.10345164993237065
21271,0.24533442244816106
21272,0.4286641040683997
21273,0.019135865396892427
21274,0.024708156311810135
21275,0.1708361449199379
21276,0.00721429914359664
21277,0.11022204523335838
21278,0.7417279572956468
21279,0.5003988465923227
21280,0.04586973457079856
21281,0.009564932545133579
21282,0.24391101356811476
21283,0.35239593555459936
21284,0.8971733669182613
21285,0.09945510929929079
21286,0.14883100272130148
21287,0.011348469729468817
21288,0.0651236902707978
21289,0.043899476000140235
21290,0.37007319883420003
21291,0.013425711360052295
21292,0.10714697696728136
21293,0.07136538801253195
21294,0.0951213529420905
21295,0.5950808916221906
21296,0.019714206801708694
21297,0.11286915820645901
21298,0.10525682129274752
21299,0.5813989557030698
21300,0.2577554234020307
21301,0.9118229401220813
21302,0.8154276474109534
21303,0.012365579662844534
21304,0.015618251736688828
21305,0.05602970202479432
21306,0.0666990279540322
21307,0.006331582084010702
21308,0.19456788671062983
21309,0.40430447083661464
21310,0.030133386339734745
21311,0.18466585468413602
21312,0.4239066690696311
21313,0.05230582947583721
21314,0.1070313094463873
21315,0.0582917797499234
21316,0.46028199544589865
21317,0.2645333269039193
21318,0.6269724924735728
21319,0.07027796688323752
21320,0.032348596295733
21321,0.013286352792849392
21322,0.17938949272324997
21323,0.9638356410548374
21324,0.0722030821700762
21325,0.07680813697053149
21326,0.7617967051311159
21327,0.010265224282228442
21328,0.08464082479272612
21329,0.09098651693557241
21330,0.016926660151225514
21331,0.01685880293413683
21332,0.3259737877451454
21333,0.009015013123749248
21334,0.5873493962369387
21335,0.22519275251047977
21336,0.04830662679503585
21337,0.28608930217825723
21338,0.623202164404182
21339,0.04460035640222158
21340,0.06304381602398625
21341,0.015912244461052567
21342,0.024437928084883917
21343,0.09163653714094286
21344,0.064178318491197
21345,0.07987913489407705
21346,0.014408024293497444
21347,0.03669581757720654
21348,0.683132556449611
21349,0.00472014690929356
21350,0.055988820229675045
21351,0.750285485854317
21352,0.016528627546552908
21353,0.89352019648847
21354,0.007714420721841291
21355,0.29788986654545746
21356,0.048988210193943345
21357,0.038468517966840754
21358,0.7624394897425145
21359,0.6458089177005754
21360,0.6886442919819177
21361,0.33416215940414173
21362,0.06605898446038178
21363,0.05508203514404368
21364,0.03598360115372204
21365,0.0177863729140262
21366,0.060699575846347165
21367,0.5471075547054679
21368,0.875381841816995
21369,0.024325683853995708
21370,0.7450641761831263
21371,0.9195089719491503
21372,0.0666784498396238
21373,0.009753331360067433
21374,0.03539640703070259
21375,0.06390079307957627
21376,0.36767815871499665
21377,0.40485022167082446
21378,0.8592227394351464
21379,0.42886585382901105
21380,0.38376854458807896
21381,0.05100786142803463
21382,0.24913542957878596
21383,0.007805747071738604
21384,0.012766957435880194
21385,0.24639410572484644
21386,0.9653218806076368
21387,0.145800132970522
21388,0.3641363586356685
21389,0.21211533236951474
21390,0.012726160431451191
21391,0.079768516236821
21392,0.03737789625500378
21393,0.028854498018564087
21394,0.16793906997713326
21395,0.9050340875218286
21396,0.15954845991016647
21397,0.8677999251538617
21398,0.011599406082401469
21399,0.06313212813418162
21400,0.6806359125998371
21401,0.009352742623654643
21402,0.04535073228679487
21403,0.30230712458529074
21404,0.08495779152082841
21405,0.018740755557595894
21406,0.007793361935795817
21407,0.1499238769908025
21408,0.04864954706648068
21409,0.1924009247755259
21410,0.06082330157349421
21411,0.2747922939122481
21412,0.12415252385232946
21413,0.0360572556230926
21414,0.04052439814886874
21415,0.07541245915242951
21416,0.030581405168638883
21417,0.1306847180958109
21418,0.0628267584208311
21419,0.06168129943697686
21420,0.03295983124915816
21421,0.22381654966764514
21422,0.2531277508287537
21423,0.022415464172279714
21424,0.07546116151026923
21425,0.5295406143153105
21426,0.21258641445500265
21427,0.2398200125479927
21428,0.03610196382410155
21429,0.3729522763878509
21430,0.016312723577855816
21431,0.027436854275041046
21432,0.48762987352373793
21433,0.01701184317836152
21434,0.05134773143948091
21435,0.012773052484370804
21436,0.08766258820641179
21437,0.12818803818659252
21438,0.008840579646178617
21439,0.5231885607972008
21440,0.08028268791390149
21441,0.06064537945547231
21442,0.03689033870415449
21443,0.029552658301227757
21444,0.045494007452271126
21445,0.02825839077616045
21446,0.0790552208896128
21447,0.026159541648871104
21448,0.05935573020104322
21449,0.06922092551584581
21450,0.08041941895995317
21451,0.720267829137508
21452,0.5613340720834268
21453,0.028867745921009148
21454,0.16657165305184418
21455,0.5293192062327452
21456,0.07524861052248057
21457,0.057395355844700416
21458,0.7749552064708809
21459,0.23352999036490835
21460,0.008912091244444626
21461,0.07643375723968776
21462,0.8930985439729713
21463,0.03854115125764551
21464,0.10491846537419229
21465,0.22770323506284584
21466,0.11920944701787843
21467,0.5751987947019924
21468,0.028548290297636822
21469,0.22267346806006028
21470,0.2883873001904645
21471,0.015794856550566692
21472,0.5087980302116384
21473,0.030750508941679553
21474,0.7310535667971675
21475,0.044987566620379914
21476,0.00464014486252486
21477,0.0211404939118498
21478,0.01938063419718005
21479,0.8725201678934169
21480,0.06183947090544786
21481,0.021150334397008783
21482,0.026819894062295353
21483,0.6593434115963741
21484,0.15225625923922367
21485,0.05072523354851049
21486,0.08734673701589381
21487,0.20931293028201506
21488,0.5614818679521704
21489,0.09578082424790889
21490,0.017555925822084043
21491,0.014600009845061022
21492,0.21262203037219032
21493,0.6281826369640855
21494,0.0730445560214918
21495,0.08890706822118162
21496,0.03825456075111293
21497,0.01930622564242986
21498,0.05380590731489235
21499,0.26083094860729383
21500,0.18637238091255426
21501,0.12061381199662566
21502,0.021622458717211576
21503,0.2462504703977091
21504,0.2443863933318825
21505,0.33319680901577803
21506,0.12297001670029611
21507,0.07441459210826673
21508,0.3323178608683476
21509,0.011764004770475648
21510,0.5023818908190788
21511,0.6237849291169841
21512,0.1038552758368993
21513,0.14788836465832958
21514,0.01644104986367435
21515,0.18262023011517736
21516,0.42569824198404216
21517,0.07547564757541393
21518,0.0606066741563519
21519,0.026248490614994912
21520,0.037657413004383175
21521,0.18225550854287936
21522,0.06952569597113487
21523,0.04973037203308094
21524,0.011072072204746444
21525,0.13405413695865206
21526,0.8090926431689147
21527,0.0073654142901804125
21528,0.0604942789518233
21529,0.12923157200004345
21530,0.23828120595074478
21531,0.32243683575562393
21532,0.9643485448859865
21533,0.019041440181842242
21534,0.209342219530128
21535,0.29539239728653777
21536,0.7788104876667341
21537,0.24005731099970037
21538,0.00646527071554192
21539,0.7782760351532405
21540,0.1990833106560552
21541,0.3752358908037887
21542,0.17260338484084847
21543,0.7917715171733025
21544,0.06430594169330155
21545,0.9456854313321045
21546,0.20971536668891128
21547,0.004039105930119341
21548,0.059706498284546126
21549,0.10038478504942497
21550,0.8294816005671114
21551,0.04938900542971949
21552,0.286625049181965
21553,0.054658580035341776
21554,0.051895057936043196
21555,0.06954911101197228
21556,0.038723921746301855
21557,0.0718102501767092
21558,0.07946316404331048
21559,0.6917964180902393
21560,0.005477170063950975
21561,0.054849318946649794
21562,0.05928418819822778
21563,0.12061939106559126
21564,0.008359520534482336
21565,0.01905243597654662
21566,0.06319699791451275
21567,0.009739286866204367
21568,0.29088662652855607
21569,0.13548126030620905
21570,0.5256913281484603
21571,0.022207029102542266
21572,0.8043578846764855
21573,0.14772396161657111
21574,0.042275528489713894
21575,0.9618590738603432
21576,0.3536790654245244
21577,0.4537454299513598
21578,0.050995035280070135
21579,0.06252014445314051
21580,0.02953271238968124
21581,0.2873495159402738
21582,0.07429779200043324
21583,0.17166775328474956
21584,0.09316606249731883
21585,0.052588088466325254
21586,0.6009326311756275
21587,0.04800269090632413
21588,0.39350310954485473
21589,0.011815625995797096
21590,0.17786978937936732
21591,0.22819432465427122
21592,0.03635233193281282
21593,0.9387781984625676
21594,0.04098991103926005
21595,0.06289041711115952
21596,0.010281869370374324
21597,0.09726659940540529
21598,0.8701949191381337
21599,0.023434656181732936
21600,0.4903397989475784
21601,0.07865929026633067
21602,0.1483197638351365
21603,0.8078811799074415
21604,0.07838867136624122
21605,0.32011972391682153
21606,0.014593907192739012
21607,0.041522198613370226
21608,0.2848492646579714
21609,0.41136545840814476
21610,0.22587379379399736
21611,0.12514848209963578
21612,0.08465335867122638
21613,0.0791675234999106
21614,0.4435991965035536
21615,0.12910431232702976
21616,0.20561162520156198
21617,0.5264619441513924
21618,0.03172584439726317
21619,0.3082014883123377
21620,0.023800514413000653
21621,0.13261470755467794
21622,0.6444223849236284
21623,0.0658458720859614
21624,0.671060200374064
21625,0.7727659935134457
21626,0.13797121965247705
21627,0.7037880013730354
21628,0.1347435839616251
21629,0.04470876618944123
21630,0.012965884909254235
21631,0.05217183248231172
21632,0.950988882626389
21633,0.046168006983804126
21634,0.22418986048758263
21635,0.012217911189279375
21636,0.017046291359855796
21637,0.007065464319873465
21638,0.06234630713805951
21639,0.5664373654690951
21640,0.6069667162656821
21641,0.23439783128703728
21642,0.05094649065105609
21643,0.04606655824828889
21644,0.02269800824944246
21645,0.05828889272778783
21646,0.12333762664103938
21647,0.09397814802927149
21648,0.6598190438025081
21649,0.028110149874451155
21650,0.18391325660180735
21651,0.17260937295138368
21652,0.02852651795874432
21653,0.081889643105451
21654,0.03147267154931586
21655,0.07282413558602056
21656,0.06225832722394682
21657,0.05923646135808043
21658,0.03795919502374963
21659,0.0058248419244921095
21660,0.3968371475619533
21661,0.047399052343755695
21662,0.5750730087835738
21663,0.30221364531890504
21664,0.4783266239642747
21665,0.041163651909998634
21666,0.14405005457993786
21667,0.0608477467289983
21668,0.016937205848430194
21669,0.052315398968251076
21670,0.4640025677499837
21671,0.06269906542957024
21672,0.2560577684084781
21673,0.6826532720317088
21674,0.03196078864177089
21675,0.553055819964742
21676,0.0517471252739316
21677,0.08491488202961829
21678,0.6873849779580953
21679,0.02199516320684837
21680,0.2667971020898591
21681,0.03484541374929058
21682,0.013852659362834464
21683,0.3735342990833531
21684,0.3278570654545859
21685,0.34271513047592655
21686,0.09624579326569759
21687,0.008916339629855646
21688,0.032836339570063315
21689,0.5712178920388603
21690,0.7887759848048623
21691,0.03466336791078171
21692,0.40326034935589
21693,0.018693231599962893
21694,0.14664342635845434
21695,0.038705778647517695
21696,0.0283856563072227
21697,0.02143457895992652
21698,0.07049506114961204
21699,0.004722197073198743
21700,0.6950580643571673
21701,0.05815864966501424
21702,0.04792578572592648
21703,0.06376295555844218
21704,0.24933060543685448
21705,0.07044756355239791
21706,0.24867357102048515
21707,0.09063284039507173
21708,0.06294784943951123
21709,0.1583311768365206
21710,0.12566148400837307
21711,0.23960440626497684
21712,0.04303654172436762
21713,0.7442288089319681
21714,0.17153437550878967
21715,0.06615188067497138
21716,0.8999849586377769
21717,0.02232811595625849
21718,0.07281987207836017
21719,0.9039969562851395
21720,0.1513239509760248
21721,0.026672648060192566
21722,0.017626711260055578
21723,0.1731280766282673
21724,0.5908674775847891
21725,0.013521404629308042
21726,0.35514483139097625
21727,0.013958684358118223
21728,0.040556992820234325
21729,0.006461946181898242
21730,0.021985349328283856
21731,0.4156823355226716
21732,0.010375401148190537
21733,0.03934033294168344
21734,0.38820016080076036
21735,0.1507946034712111
21736,0.44136521930416867
21737,0.020250376280657043
21738,0.14905359156293693
21739,0.2261892330154188
21740,0.8491545724940612
21741,0.007513236944217093
21742,0.04871025971049648
21743,0.6213793899102437
21744,0.7050331995782515
21745,0.16466264870335903
21746,0.11898160194403194
21747,0.28763750762128243
21748,0.11974048165594542
21749,0.00600837183062373
21750,0.10024086434741014
21751,0.017013467489767717
21752,0.36118583912328184
21753,0.0637688687827333
21754,0.9260347134148859
21755,0.03724279137140089
21756,0.4976646589429552
21757,0.027173475068828532
21758,0.6088521893003724
21759,0.09325623754037154
21760,0.11037357919989764
21761,0.8642741079595426
21762,0.09395262926451287
21763,0.012174388750145187
21764,0.9297671200150519
21765,0.010613824217123764
21766,0.8024370190472438
21767,0.23858482395121725
21768,0.9787020465091232
21769,0.13545362449713208
21770,0.12162810175987909
21771,0.10019930998048339
21772,0.06484023425365525
21773,0.017048365874544325
21774,0.02294437686948165
21775,0.7276214737241042
21776,0.10756283299862905
21777,0.0309736094946448
21778,0.016003504454898832
21779,0.20080138233478048
21780,0.5542701452181766
21781,0.015024190734196766
21782,0.8845510612512365
21783,0.06664612846388042
21784,0.07062262098683356
21785,0.061971552584884904
21786,0.25896363666632105
21787,0.010844058111282712
21788,0.015918253236407266
21789,0.03572519988217639
21790,0.014576484916441763
21791,0.04551569794969768
21792,0.5466425887720353
21793,0.8986700465200298
21794,0.35337258428456564
21795,0.008780249711197367
21796,0.29770258203381417
21797,0.9357413495777364
21798,0.1376341903465288
21799,0.0550271131708536
21800,0.6290739630842886
21801,0.014130210380072908
21802,0.02586855109735033
21803,0.23616627569180498
21804,0.386233228336081
21805,0.8486176549214531
21806,0.4472780638227985
21807,0.02921458488136477
21808,0.17248234045757285
21809,0.8254357714388135
21810,0.07124763922400944
21811,0.7610020632482675
21812,0.009012902617728082
21813,0.08610400641132246
21814,0.889286419444493
21815,0.6521767634259984
21816,0.1804319743227965
21817,0.24289653054528668
21818,0.29427972221222953
21819,0.008686655017566252
21820,0.024222675840826952
21821,0.05879418718941598
21822,0.03120008260259455
21823,0.12910215206673317
21824,0.013430140967510069
21825,0.1045831286266534
21826,0.022393659237109276
21827,0.5141936322890003
21828,0.41144329393472956
21829,0.0057499780545069885
21830,0.027271687408002156
21831,0.051113334124914554
21832,0.028125421121675178
21833,0.2718493728011782
21834,0.590015916670622
21835,0.07508983887199788
21836,0.6068978911536557
21837,0.1523241245286507
21838,0.00855129200133884
21839,0.21138671507526824
21840,0.03409159102645353
21841,0.27462431066858767
21842,0.45319234199369357
21843,0.33980414423785976
21844,0.5383959303264118
21845,0.057439935600037004
21846,0.02362270682182529
21847,0.0959687735729266
21848,0.01735056657890241
21849,0.0900083312756647
21850,0.008065979905331247
21851,0.4060137285267893
21852,0.9343645268644403
21853,0.08240918572147529
21854,0.18562669024350553
21855,0.03898811899229195
21856,0.0954499483835261
21857,0.031623486770669534
21858,0.07976650337172805
21859,0.03559329238856825
21860,0.4365873226115509
21861,0.03637281492283025
21862,0.004646860058781012
21863,0.013755069894079073
21864,0.009768695679062895
21865,0.06278929803613219
21866,0.6949070014886591
21867,0.00981264108298218
21868,0.018017270401002133
21869,0.1296906294932013
21870,0.0028147335278852
21871,0.09889299393764289
21872,0.014975903443955057
21873,0.36928316647545456
21874,0.023323777878054466
21875,0.019588250103914743
21876,0.735012684795185
21877,0.12122650296161552
21878,0.4358535610631788
21879,0.014601295071168361
21880,0.016509702560091537
21881,0.053279200593504765
21882,0.003951754180975002
21883,0.0214522097653079
21884,0.9486364037299635
21885,0.017382053141113293
21886,0.06844299953598999
21887,0.4553681753345752
21888,0.38719572759189463
21889,0.04396214938689504
21890,0.7797847305900203
21891,0.03514362485072942
21892,0.5969364011377686
21893,0.036315531749742995
21894,0.8043385425776628
21895,0.017013290902364166
21896,0.05988725848383709
21897,0.04018562482815947
21898,0.3478411484480871
21899,0.8545844724129086
21900,0.02346479080042606
21901,0.020433462965879695
21902,0.2009428565939751
21903,0.028399747965356804
21904,0.11253454422344819
21905,0.005570992727814083
21906,0.1000271149086131
21907,0.3550802169577453
21908,0.14542752552508273
21909,0.7830802310251446
21910,0.12661989525240663
21911,0.21244938384397985
21912,0.03855827355233442
21913,0.07953730561979638
21914,0.049995410877727846
21915,0.15601069803681292
21916,0.1829557716184372
21917,0.07930572694617014
21918,0.0947921069430245
21919,0.048123263306575376
21920,0.1569510810072079
21921,0.12865863395181215
21922,0.11261943045108232
21923,0.09500442310550468
21924,0.01994041801110656
21925,0.04337634786030077
21926,0.016204768975434946
21927,0.018741205907844567
21928,0.09366815051143736
21929,0.3298088434908032
21930,0.06725236215154051
21931,0.0951419163662441
21932,0.9560732090747939
21933,0.018016429130917465
21934,0.031992679351732396
21935,0.07770684783616001
21936,0.7768092813028934
21937,0.04206162979247423
21938,0.006334602831295674
21939,0.07899100006836221
21940,0.07458574486371655
21941,0.014213742682072305
21942,0.4531485430635069
21943,0.009237926625606019
21944,0.011355504540063878
21945,0.036051926867882236
21946,0.04309614655874487
21947,0.04923584342615289
21948,0.07096571566451719
21949,0.011728733027725166
21950,0.13007940572722212
21951,0.01489219951288392
21952,0.06912695555416838
21953,0.818601639228413
21954,0.17941749833421697
21955,0.46187581411829703
21956,0.5096004428148554
21957,0.04954927481923022
21958,0.0941866187936985
21959,0.9496378162597887
21960,0.05387574576309386
21961,0.22834714889227578
21962,0.04914136279507591
21963,0.11657277897502394
21964,0.047845415542363864
21965,0.029510453771119462
21966,0.09245063781513116
21967,0.029628888888401605
21968,0.340638532312827
21969,0.07171889845781981
21970,0.31849192244747576
21971,0.41103106975981585
21972,0.17321939432827665
21973,0.0712951992212057
21974,0.3493506735079215
21975,0.01643666145521409
21976,0.00932300044454182
21977,0.215708871957621
21978,0.06834693541698672
21979,0.024210267795383225
21980,0.06836060444728656
21981,0.02525245432945579
21982,0.5899444747017651
21983,0.020419258739291984
21984,0.2987921337447732
21985,0.14856184118216795
21986,0.1674523648603716
21987,0.868909796474169
21988,0.008932380426737175
21989,0.06433868219357032
21990,0.14077511391571204
21991,0.011723499492462087
21992,0.009531591453547036
21993,0.016150584810806074
21994,0.1771942669702706
21995,0.06466114762007048
21996,0.06052643141717538
21997,0.0398456060068297
21998,0.17068888115591752
21999,0.3081329872598078
22000,0.009991764998288986
22001,0.6298635641774264
22002,0.27476698112090225
22003,0.10257148001974334
22004,0.03117884680345703
22005,0.19161309243655034
22006,0.8648086061742841
22007,0.5193155671335064
22008,0.2816047316094331
22009,0.03855803917407323
22010,0.09803862285143297
22011,0.8045231138737834
22012,0.02954519511151535
22013,0.3510055867288005
22014,0.03854135687674877
22015,0.05684079580749116
22016,0.07281322380329486
22017,0.13338288670773513
22018,0.12073044933091548
22019,0.34392284028680503
22020,0.18297193109726878
22021,0.10293124810833
22022,0.47209274104788307
22023,0.03762169215883689
22024,0.0367139168790273
22025,0.1178422294261789
22026,0.04097498074518935
22027,0.4432625073555997
22028,0.06437136339912494
22029,0.04206391640688569
22030,0.07063360481656805
22031,0.007728577431384156
22032,0.3463895831694314
22033,0.1666399807658781
22034,0.5786414030696504
22035,0.20550997285120517
22036,0.11070558743595812
22037,0.12704321285277173
22038,0.12316826602560822
22039,0.12190585265222749
22040,0.03843510350335881
22041,0.195290619366583
22042,0.01067686378563127
22043,0.20155683519628614
22044,0.026229519440767332
22045,0.01218366814409969
22046,0.15196293364469338
22047,0.26582569053925537
22048,0.02301056677497762
22049,0.0434304946922648
22050,0.08860164365346854
22051,0.16227050232602502
22052,0.08853513827248734
22053,0.020363310378100012
22054,0.3047061680720842
22055,0.06763512112914756
22056,0.39829805009410724
22057,0.26225404879170067
22058,0.08920948838139443
22059,0.673272454035144
22060,0.015946280532878186
22061,0.15409105513434807
22062,0.027728864099786015
22063,0.40936621399646406
22064,0.02663210384294845
22065,0.10542757639215926
22066,0.13424859937631553
22067,0.10501173547500106
22068,0.13959830205190416
22069,0.02090884345368946
22070,0.15027312278969748
22071,0.032105159275900824
22072,0.10948325287760709
22073,0.038632089318424406
22074,0.756267951089381
22075,0.3468143974860037
22076,0.09089249752442954
22077,0.1286072788616345
22078,0.18556458334745515
22079,0.006487337660315086
22080,0.07803219010145938
22081,0.014167099504541711
22082,0.11606069720436174
22083,0.5402248607265839
22084,0.011786505944240591
22085,0.010168333265729164
22086,0.024981948074811407
22087,0.007064195296136455
22088,0.01007371152116948
22089,0.006560311589885917
22090,0.07917684708535108
22091,0.07855933404156105
22092,0.008683125497955777
22093,0.18378666928405152
22094,0.12606568021755452
22095,0.022854742760113567
22096,0.012212667107021189
22097,0.6612259959349973
22098,0.3449936277919197
22099,0.07336356544344173
22100,0.0903227335941616
22101,0.04233532052558683
22102,0.03514076398971032
22103,0.35309276562429626
22104,0.03195350705899249
22105,0.012009134010053081
22106,0.04961783874403163
22107,0.1648268510518539
22108,0.5007553526058696
22109,0.11615376402086697
22110,0.12565967320599078
22111,0.5942320053483282
22112,0.07316444690061356
22113,0.7898091682450566
22114,0.07861998582017968
22115,0.4428115080723631
22116,0.1822775843485233
22117,0.10048585955424483
22118,0.21121388685863615
22119,0.010152932511395202
22120,0.052686713876346075
22121,0.08924316474148553
22122,0.13172626034355464
22123,0.7056181076208724
22124,0.158642314853968
22125,0.09672701576278446
22126,0.6788033307849871
22127,0.8146349413922281
22128,0.03228780163388161
22129,0.04541044414938602
22130,0.1256023117494446
22131,0.04082310289630705
22132,0.07020480270477056
22133,0.14869317243570493
22134,0.2919185497321904
22135,0.18262814118402057
22136,0.003792110801983987
22137,0.8399254822083518
22138,0.34067499817307323
22139,0.45042532831698856
22140,0.1581790014169621
22141,0.09354463593237877
22142,0.17281723336934074
22143,0.044670186921259764
22144,0.17077276671001557
22145,0.8742061481878809
22146,0.179517480979837
22147,0.13706551721344093
22148,0.011843116759613213
22149,0.027617638109998514
22150,0.03691619446529493
22151,0.14046135020268286
22152,0.011161508292023939
22153,0.154257783033054
22154,0.04133810764679991
22155,0.024638187508843324
22156,0.06936386700006145
22157,0.020697364923071088
22158,0.6956991894009751
22159,0.737380363970595
22160,0.09081999713419013
22161,0.058110970537416075
22162,0.056966577422887375
22163,0.09852721225089454
22164,0.02938112048639581
22165,0.08785193627983681
22166,0.3483813730849624
22167,0.23626904086599015
22168,0.42288839330782096
22169,0.1247269797029103
22170,0.10759330479024218
22171,0.44728508224281477
22172,0.15924223948164987
22173,0.061712283816331544
22174,0.8839544985747549
22175,0.018132900109560496
22176,0.018517917660492947
22177,0.59631980660132
22178,0.014466554230886464
22179,0.02892675505286266
22180,0.029180331996837817
22181,0.05960227543937761
22182,0.19127463290205188
22183,0.784232795451051
22184,0.07139789658278285
22185,0.02005630089378653
22186,0.9227729593362952
22187,0.867975432075193
22188,0.0840139335661331
22189,0.3153105370275536
22190,0.006239775001796342
22191,0.564631989885393
22192,0.19158585517034496
22193,0.587203495167892
22194,0.24923448872678827
22195,0.07768793195290719
22196,0.024161827283446274
22197,0.46486066495698286
22198,0.3045830784619065
22199,0.08649726507540095
22200,0.7717663117803412
22201,0.09348712713895282
22202,0.006838598653363299
22203,0.058503246724121695
22204,0.06037921646145256
22205,0.44931135820938045
22206,0.059170973608706635
22207,0.7642774564386252
22208,0.028954828720833613
22209,0.4923989936325881
22210,0.12775118861341256
22211,0.44088307403630517
22212,0.1535980452617889
22213,0.036916874522704424
22214,0.11846670242761019
22215,0.017954493201378516
22216,0.8450699374942962
22217,0.013672045668724446
22218,0.02307000779657067
22219,0.060356143267234034
22220,0.6370764465793193
22221,0.009525696757823065
22222,0.21037509215498204
22223,0.24565473586066455
22224,0.056769385276710924
22225,0.1164645892371065
22226,0.012014020262756246
22227,0.03890916179964961
22228,0.7369352475742139
22229,0.34724875682513207
22230,0.5777711810799107
22231,0.6754566247619067
22232,0.405332764733385
22233,0.06139560548261945
22234,0.17092460766295645
22235,0.014697475934821054
22236,0.0780318975319911
22237,0.03219393618495772
22238,0.6873969399428388
22239,0.14964442842522993
22240,0.024480883428178883
22241,0.21017226381797993
22242,0.1380183150585705
22243,0.03442746582927453
22244,0.0368462838986817
22245,0.008324324500842894
22246,0.23903401222604054
22247,0.0706191965399945
22248,0.058643815030802446
22249,0.03414513632294369
22250,0.07751000908872195
22251,0.02824735072727849
22252,0.948108037131572
22253,0.012800981213346569
22254,0.13282408604904236
22255,0.016026033131917503
22256,0.07998133321953109
22257,0.03829831538333743
22258,0.10474478726088232
22259,0.01884062698022188
22260,0.08162955225214466
22261,0.019266779266606034
22262,0.3596190672782483
22263,0.9551705488185928
22264,0.07469251802397858
22265,0.002199750255422941
22266,0.021300930917380057
22267,0.09744374883843554
22268,0.1956673898864202
22269,0.009277100064132088
22270,0.04388191223872473
22271,0.018556262909141363
22272,0.12865754333119378
22273,0.6832077878910531
22274,0.15249161497816588
22275,0.6021663868141989
22276,0.12425465167068984
22277,0.9564529334292275
22278,0.5947561933937301
22279,0.021697303501480164
22280,0.7053608290607083
22281,0.3848181959419787
22282,0.39074442503048207
22283,0.7823090082244162
22284,0.15844575209212813
22285,0.05437431557562938
22286,0.0299968309922601
22287,0.08863910774492131
22288,0.12294613721137812
22289,0.07828964882477514
22290,0.012856155480950602
22291,0.05004792753589104
22292,0.12320470885700303
22293,0.21951392028888406
22294,0.023342395649314205
22295,0.0834402701149232
22296,0.9430966852781829
22297,0.6372259149329287
22298,0.8669874809623551
22299,0.2458843470454815
22300,0.03904841365684373
22301,0.09238631173687799
22302,0.06898090117094237
22303,0.702355826958884
22304,0.018159426208875548
22305,0.15158699976378825
22306,0.06091453286520031
22307,0.006314350132486362
22308,0.8675322493379107
22309,0.09565843492623625
22310,0.9385623008977279
22311,0.020691304175274847
22312,0.05136413109571064
22313,0.01821789193532808
22314,0.05850796645495855
22315,0.06741513800844615
22316,0.1176453938578294
22317,0.2554501086190875
22318,0.9649010739837534
22319,0.5460779958468465
22320,0.17718594574925006
22321,0.02540114478261089
22322,0.24955371987869115
22323,0.007030359185768858
22324,0.012526274140012242
22325,0.13606119752791332
22326,0.7227266161755311
22327,0.4246975003269293
22328,0.13232160535522347
22329,0.23201596028779922
22330,0.7315026477974383
22331,0.5625078303945183
22332,0.04108148551088357
22333,0.1571336527634485
22334,0.1408932863868245
22335,0.17279332953756243
22336,0.10431259008736428
22337,0.06942559467301437
22338,0.10912374377912289
22339,0.2238979254137284
22340,0.054931320868806095
22341,0.02255245502816097
22342,0.023848214495550902
22343,0.05778592019928056
22344,0.11651848770250997
22345,0.06540142239384875
22346,0.4961833123782771
22347,0.5265159762846946
22348,0.8426874214181899
22349,0.8552955354655611
22350,0.14357118513505465
22351,0.1652611660526399
22352,0.07231401468115219
22353,0.04365529419435763
22354,0.0381189676579968
22355,0.1524285540437261
22356,0.6146756826875382
22357,0.01954728610460023
22358,0.06730559561425202
22359,0.041357354061143325
22360,0.44626918169869745
22361,0.05262949988107888
22362,0.11158202374855068
22363,0.6724043351070434
22364,0.03459549731513003
22365,0.5792102121840267
22366,0.05260632761444294
22367,0.1741303196501535
22368,0.35020846944486045
22369,0.025473013902325897
22370,0.03680887768663556
22371,0.9729526951666174
22372,0.8112744039621667
22373,0.2619931441960375
22374,0.01935058757425186
22375,0.3337474305411087
22376,0.49979395731497944
22377,0.10088911145429859
22378,0.46205602644311483
22379,0.6437066412994688
22380,0.10193056586325629
22381,0.892210926107416
22382,0.10473911515458856
22383,0.785017648044993
22384,0.13977960805477624
22385,0.6917800803281542
22386,0.258729938893613
22387,0.9317465094390947
22388,0.09247810840414254
22389,0.34092986758817695
22390,0.016105138029139647
22391,0.015315207204115586
22392,0.10171564636804498
22393,0.22997883031174746
22394,0.9466447107203476
22395,0.015586625531258825
22396,0.10922634484311666
22397,0.6994260618115706
22398,0.08571246769099815
22399,0.6404900135539168
22400,0.35143331789444165
22401,0.1497728084209634
22402,0.03937605897906168
22403,0.2527192203735418
22404,0.02445625916507856
22405,0.12223540247517556
22406,0.06945122890718808
22407,0.08817129435763896
22408,0.022313680336080402
22409,0.06503659089120473
22410,0.47144175674670963
22411,0.45643550547557443
22412,0.49301003022522016
22413,0.05463994507078543
22414,0.08013289230314777
22415,0.07771993982313162
22416,0.06289504841403273
22417,0.10133959487433553
22418,0.7110708050963013
22419,0.02185300442315232
22420,0.6997169405420283
22421,0.9492929141838363
22422,0.24602407793772088
22423,0.031179038194784896
22424,0.06610372071139142
22425,0.8690272885877303
22426,0.42331322580728514
22427,0.0808180720622401
22428,0.32447881490425146
22429,0.07753307358563455
22430,0.5886094714231798
22431,0.040588967465429414
22432,0.3797273280699408
22433,0.08144854501332466
22434,0.03742935310947371
22435,0.1513805049431533
22436,0.17357248170217182
22437,0.0666550000925644
22438,0.07372340919168312
22439,0.00938693057308528
22440,0.026050403452906188
22441,0.027852471554191082
22442,0.07772638901534291
22443,0.09200387121087161
22444,0.010069496936494901
22445,0.033129992391058564
22446,0.10652114301662348
22447,0.007838878772858274
22448,0.18467195773461217
22449,0.12071777182219598
22450,0.2258358759877341
22451,0.09488250706105403
22452,0.17412881258328966
22453,0.08005735503419636
22454,0.010269882052195742
22455,0.03460825899192261
22456,0.9316151893172387
22457,0.36549247868758095
22458,0.09983702200627843
22459,0.027077679092331334
22460,0.07319621058583102
22461,0.008298571974204852
22462,0.2202418811864096
22463,0.04734607867540751
22464,0.3535451513851854
22465,0.8516487326472706
22466,0.1527754265110325
22467,0.06530219042191343
22468,0.027401274775704126
22469,0.06120817773057107
22470,0.42946940530446615
22471,0.759259765666993
22472,0.654993623372338
22473,0.026277098526721977
22474,0.05953248617548681
22475,0.07487328363259799
22476,0.043938842479278484
22477,0.01907663816685411
22478,0.46674363598846985
22479,0.2482138194016023
22480,0.1361652618337234
22481,0.0728819984613649
22482,0.19618209633958436
22483,0.06619098879871264
22484,0.5292244851460693
22485,0.012613432442387702
22486,0.8187332446941588
22487,0.8089689502731867
22488,0.8332761741780345
22489,0.42757827200859183
22490,0.19973991312685124
22491,0.004319186894969081
22492,0.04144344625715857
22493,0.04552394404302988
22494,0.08267021252636769
22495,0.6622711719343085
22496,0.18376373029465803
22497,0.026253554461862175
22498,0.29966339991208035
22499,0.014899333086516652
22500,0.03944091512126291
22501,0.01655582788099456
22502,0.009626037795570547
22503,0.02124744542485698
22504,0.15728494201250745
22505,0.04219540575439537
22506,0.9178731025602551
22507,0.41788888527518003
22508,0.027188085830227762
22509,0.9396705214897414
22510,0.026028237845827983
22511,0.8454091749432567
22512,0.04243191431736257
22513,0.06652889390871336
22514,0.1777952323919863
22515,0.48527219465400734
22516,0.015491104255189627
22517,0.527035320552655
22518,0.09738196549377658
22519,0.05533013263842243
22520,0.8130993252437145
22521,0.03181017650242158
22522,0.03972821468663637
22523,0.2474743770008387
22524,0.14424124283675618
22525,0.11848611643399691
22526,0.0916321612975548
22527,0.9753718455042762
22528,0.008381633832361327
22529,0.9569491827796429
22530,0.0845941697502615
22531,0.10095826598857373
22532,0.08804736649211233
22533,0.12559108878569164
22534,0.07590084746697962
22535,0.44809014746146286
22536,0.6671122503984409
22537,0.06858626383125045
22538,0.059650262827296796
22539,0.4463435608361961
22540,0.009008163486296189
22541,0.007380256281411474
22542,0.07477590706304822
22543,0.0058843275985648365
22544,0.03624986197234878
22545,0.01374927953766289
22546,0.8910032022735849
22547,0.02542839412715731
22548,0.5169383054826922
22549,0.023466701453002673
22550,0.6181385309651521
22551,0.6899118281125369
22552,0.07514641582467421
22553,0.08716543154516246
22554,0.7088738886106897
22555,0.5863642720860123
22556,0.017850086712066084
22557,0.06865831667636564
22558,0.2555049693574935
22559,0.03430706220708022
22560,0.39401003821203806
22561,0.09312238721526321
22562,0.013049714597579332
22563,0.06804739654410404
22564,0.9792445135422354
22565,0.27967825602075236
22566,0.09641648484474341
22567,0.01184324771749693
22568,0.27123811146356647
22569,0.09372407385568907
22570,0.02113550637856582
22571,0.066720738819829
22572,0.12797096950313244
22573,0.03131452197161149
22574,0.027429476271021522
22575,0.2477912418066981
22576,0.5260524178463786
22577,0.6820297200732558
22578,0.0770142698103055
22579,0.03388398954181887
22580,0.23945140498557183
22581,0.010841191378225338
22582,0.2760133706111235
22583,0.4722033042452354
22584,0.9780838979929214
22585,0.08233531619800431
22586,0.023301409045085743
22587,0.07656583278616771
22588,0.09569466396736222
22589,0.18263790788644935
22590,0.7954959831052895
22591,0.058243174610555545
22592,0.05716674055224038
22593,0.10075082269060488
22594,0.2056150036962374
22595,0.5354300933114248
22596,0.3481388694461214
22597,0.42306396057647133
22598,0.21928748287703764
22599,0.027816441093553045
22600,0.04855089915711928
22601,0.05958990250416564
22602,0.06558142348917109
22603,0.9568997725559665
22604,0.013251173137195312
22605,0.025004011206799088
22606,0.059674995973764584
22607,0.12359696489361506
22608,0.7079124693740078
22609,0.025490256336352452
22610,0.16378268839262247
22611,0.027879673420881275
22612,0.873798041884651
22613,0.0651572426426145
22614,0.9534827556976647
22615,0.12145377402947305
22616,0.12628375336102451
22617,0.09241760417434787
22618,0.05711261175880661
22619,0.9265226351761346
22620,0.9075604207087696
22621,0.059629698984809375
22622,0.05414991329825307
22623,0.07625878056531228
22624,0.21392202980548783
22625,0.034447810170575265
22626,0.023730656884851525
22627,0.9323850937153894
22628,0.0722596586752803
22629,0.12311715179731411
22630,0.8179214203617334
22631,0.03609599380214491
22632,0.9042668646131533
22633,0.05730044929475257
22634,0.6339466626504519
22635,0.42097315435717436
22636,0.2786103648806297
22637,0.8838293223635338
22638,0.10612654531483805
22639,0.05343822936418063
22640,0.2347361617360926
22641,0.06662841922447131
22642,0.006323473952984815
22643,0.033806916933521086
22644,0.027810788694284015
22645,0.024658689106002014
22646,0.023198147163317178
22647,0.1686732457254241
22648,0.012616992805625312
22649,0.8964067439770782
22650,0.010039822114063497
22651,0.06597278052238732
22652,0.03366359200785608
22653,0.3481272444539195
22654,0.5621755513494024
22655,0.0955427603914864
22656,0.3859822893758088
22657,0.02864425142509245
22658,0.038700554204634294
22659,0.8434888794527015
22660,0.052650499060974285
22661,0.041990424225997997
22662,0.9273743370980848
22663,0.1252192010485942
22664,0.01207253386324938
22665,0.017015989284597365
22666,0.012450677529392709
22667,0.12730378560692704
22668,0.06722322257142829
22669,0.15557282766900743
22670,0.01674353080410098
22671,0.12487641033144678
22672,0.1374536272874224
22673,0.0534876742859759
22674,0.07431909260232132
22675,0.07878845073081299
22676,0.02525703709777886
22677,0.03690718543895095
22678,0.021177053337664647
22679,0.11245485607800608
22680,0.06517364309525439
22681,0.015430204743520725
22682,0.39771770376867654
22683,0.0074849207719492085
22684,0.0601371455741603
22685,0.2452865911219001
22686,0.008094987714501503
22687,0.12885700297557756
22688,0.08255966890087825
22689,0.13162293012481702
22690,0.12576929700217201
22691,0.011591743171537236
22692,0.9743131669906451
22693,0.30737484546479166
22694,0.5922585193479877
22695,0.4623799280364928
22696,0.3352289955229488
22697,0.046987718100239564
22698,0.01375528899092806
22699,0.08003650484436269
22700,0.03894712419494088
22701,0.2151928241059506
22702,0.008875948688373695
22703,0.3413817336046402
22704,0.012922018283215944
22705,0.1436282395732045
22706,0.1464499424006155
22707,0.10392401528533342
22708,0.11344313197162625
22709,0.0323518101108266
22710,0.5791661380755059
22711,0.15453937635880013
22712,0.013976036703468484
22713,0.45066836550340195
22714,0.07902454643524469
22715,0.13942422980466446
22716,0.02134955637957859
22717,0.09514742835028016
22718,0.11645088775790324
22719,0.12003410268332089
22720,0.19535951144296781
22721,0.11240112261539659
22722,0.07467976831989036
22723,0.05743903435366691
22724,0.44874283691934497
22725,0.021311511935813793
22726,0.2765578845346072
22727,0.08066628231541437
22728,0.025333260306336397
22729,0.015996377032256766
22730,0.049286857626932544
22731,0.39592914888242237
22732,0.050290787987842436
22733,0.6474518100078963
22734,0.07670258732592483
22735,0.0058729529248598335
22736,0.12813166480726956
22737,0.029936523155342554
22738,0.010061969884845031
22739,0.008902261828928199
22740,0.02462907403710364
22741,0.031010091620394645
22742,0.0296453143633997
22743,0.010172199479899516
22744,0.07208017466777455
22745,0.07766796267959379
22746,0.04070770149424031
22747,0.0895378979728082
22748,0.6914529219276732
22749,0.5496511739031595
22750,0.13795998554867786
22751,0.019351362385138713
22752,0.02275469815967432
22753,0.4371469901705272
22754,0.1536858368584847
22755,0.08027784614250612
22756,0.007741080664491948
22757,0.024853673937365636
22758,0.8566543000984382
22759,0.23819429207201923
22760,0.006889396318703737
22761,0.04044535313171539
22762,0.2488103208851387
22763,0.42509296112633116
22764,0.1804328704699231
22765,0.9074509089859932
22766,0.12696533551251538
22767,0.48013732400284503
22768,0.12061820192459008
22769,0.007503369727648713
22770,0.3123167854696843
22771,0.06592889589836959
22772,0.016880534456114444
22773,0.32036438127108946
22774,0.27458279843533206
22775,0.13541225745641228
22776,0.9098696180745728
22777,0.04789401741053226
22778,0.11871153668006042
22779,0.022768446688337125
22780,0.03784555085220899
22781,0.42551333744586967
22782,0.01865782733186463
22783,0.08047214689830384
22784,0.08738439613194124
22785,0.0530184427748815
22786,0.10062403955559623
22787,0.7350642221885709
22788,0.03853524062587317
22789,0.9167158096187428
22790,0.05015851345393036
22791,0.03154562210636777
22792,0.1547888865263457
22793,0.07323175435703197
22794,0.005709866181309029
22795,0.34011837350346324
22796,0.5319839551982498
22797,0.01651887308115408
22798,0.021282893358731618
22799,0.08839098300805547
22800,0.04384515012037192
22801,0.017546470871955922
22802,0.48675371907247983
22803,0.22113075745883815
22804,0.03891145360199338
22805,0.036870528671001414
22806,0.03009485541224275
22807,0.044089184386581395
22808,0.06565090459638621
22809,0.055910823738295604
22810,0.12432709342304343
22811,0.03843726716500191
22812,0.039583007580468246
22813,0.016064071077573936
22814,0.8918949823281105
22815,0.528941386949965
22816,0.04557166114119368
22817,0.02799606757724015
22818,0.13102689173137175
22819,0.021059090833535597
22820,0.0623219961329235
22821,0.09666801911479653
22822,0.2911408478993846
22823,0.008902189161037011
22824,0.0352452979174185
22825,0.08382568633509555
22826,0.565474418020189
22827,0.2331591709886522
22828,0.05583837964370252
22829,0.19866066419240264
22830,0.019891102719665817
22831,0.034545005345439396
22832,0.018470884284936782
22833,0.2148694793909852
22834,0.890548386525211
22835,0.9255166633710746
22836,0.09183074558493715
22837,0.06331273727869781
22838,0.4770978416918424
22839,0.6080061706887484
22840,0.7131002797266687
22841,0.07011999462119312
22842,0.018237351862792316
22843,0.02722141606741232
22844,0.047330711692099056
22845,0.34113777744227197
22846,0.6179240514804704
22847,0.0077884163341976394
22848,0.3113325011056658
22849,0.08411417131083647
22850,0.05483088697178428
22851,0.08913051921984255
22852,0.01440358514731363
22853,0.42011173991905904
22854,0.07024217374683416
22855,0.07678782663673758
22856,0.010491486450358741
22857,0.4204642271767354
22858,0.9282824733379357
22859,0.05455611597235685
22860,0.15265749797131734
22861,0.08346405634509722
22862,0.4818936781662151
22863,0.06068112935076755
22864,0.1230297822061239
22865,0.2177873330267967
22866,0.021150575215204387
22867,0.013151450623585356
22868,0.03101503024553168
22869,0.8179048658646421
22870,0.043794545352453605
22871,0.04028668908811816
22872,0.02782114500660497
22873,0.053840006052343715
22874,0.5546414198498207
22875,0.39888899547004214
22876,0.7824259890542457
22877,0.9155935996464871
22878,0.03612906527757263
22879,0.27202201205819
22880,0.7545929795632056
22881,0.04365246279206912
22882,0.11485660274643679
22883,0.07425186566479579
22884,0.09722520448839382
22885,0.6048875633215285
22886,0.17742938181993362
22887,0.4878916440505768
22888,0.07297625679420197
22889,0.005904898976536532
22890,0.13670133170506915
22891,0.07698149327979831
22892,0.18788708963372608
22893,0.6004341318233267
22894,0.18145401088650948
22895,0.10047619339270654
22896,0.295500206519792
22897,0.013483460357180616
22898,0.06524298482275559
22899,0.5738037275428749
22900,0.09597187609832182
22901,0.27762052720297886
22902,0.10064184310377935
22903,0.8585485752280249
22904,0.35987338769013205
22905,0.043180924147527354
22906,0.057382367501607835
22907,0.20626874555972888
22908,0.046800193700186975
22909,0.48420489688725116
22910,0.4310395036259848
22911,0.03840738952705951
22912,0.040644151429798096
22913,0.020820145729685848
22914,0.01950483475225521
22915,0.07462186863082276
22916,0.0793873028594229
22917,0.048689167364810416
22918,0.05906021314825078
22919,0.8991710864191319
22920,0.031698509107035075
22921,0.9088509943017634
22922,0.4802866485790028
22923,0.17598183410489304
22924,0.07914360148941472
22925,0.11262897311830475
22926,0.039215312892488426
22927,0.03758368807172953
22928,0.0908931470723017
22929,0.05414824175425906
22930,0.19756170178047433
22931,0.05219336335596156
22932,0.1692577746519889
22933,0.8731632639139061
22934,0.037946437861541615
22935,0.056899672191961854
22936,0.925137593915955
22937,0.04364800841628077
22938,0.12194760237144252
22939,0.20219873890311385
22940,0.08121632229569412
22941,0.9776389728136194
22942,0.013010466161925475
22943,0.03337524023968053
22944,0.07032825047376612
22945,0.053713968200210335
22946,0.028315450389416772
22947,0.14381298664004782
22948,0.01755032121871769
22949,0.13468089431653327
22950,0.07999258194540605
22951,0.11087401901127442
22952,0.19384953084101023
22953,0.8515961028223235
22954,0.050553932168683875
22955,0.03814554147403221
22956,0.09007797816590789
22957,0.02186585064422729
22958,0.08766330632724802
22959,0.03400414055444643
22960,0.3768541414525821
22961,0.009048517537799559
22962,0.12395859703678194
22963,0.14198285010619793
22964,0.015231921058082515
22965,0.01754361653440677
22966,0.27591128644954416
22967,0.00637058744488838
22968,0.896706841373793
22969,0.03794889225144823
22970,0.08428360822472242
22971,0.08324630190015811
22972,0.04800532147235134
22973,0.028318114870377987
22974,0.658017160699358
22975,0.08457690906645632
22976,0.03915180739634725
22977,0.011196307315718716
22978,0.12857644297121565
22979,0.36158218513639395
22980,0.2519213102521391
22981,0.03346546041647888
22982,0.12261983431742578
22983,0.01357017580135965
22984,0.05331709781272025
22985,0.06023540208810375
22986,0.03195443408168955
22987,0.01778833401262639
22988,0.23889245609182558
22989,0.7831747514615384
22990,0.0290257771050692
22991,0.017015305457951428
22992,0.048612932985290326
22993,0.02987169141156309
22994,0.01992650008298553
22995,0.015816605223483476
22996,0.02001283366655202
22997,0.08069591407532507
22998,0.03704238231844506
22999,0.11960517415960834
23000,0.09884212203776402
23001,0.11697211156974906
23002,0.7462981337443599
23003,0.5101672607959366
23004,0.269091629651782
23005,0.07929787159798801
23006,0.013551783770449022
23007,0.14397575001135074
23008,0.05353353842091941
23009,0.8856364296234935
23010,0.018709558815502514
23011,0.03383346530400173
23012,0.14575061268947467
23013,0.952430900131016
23014,0.03045333119075956
23015,0.3427886489594474
23016,0.31038739095544093
23017,0.0695830602981436
23018,0.0615361751551708
23019,0.006160842662411761
23020,0.02740247209082933
23021,0.9554346249674852
23022,0.041006444992185885
23023,0.08209680634932286
23024,0.8949313635957448
23025,0.048025203382679675
23026,0.5934893480042366
23027,0.46694204710901654
23028,0.037375056167360074
23029,0.5583623077663401
23030,0.0796411662681464
23031,0.23710882192753696
23032,0.1387070925685228
23033,0.04242113464798542
23034,0.020030371960685505
23035,0.0763931480112417
23036,0.20086916926315898
23037,0.08595905792337634
23038,0.00770374740455311
23039,0.1423535884763352
23040,0.9801600817012845
23041,0.030100310636139733
23042,0.2774662319260189
23043,0.16390341539472061
23044,0.013819889730746587
23045,0.2517821259738642
23046,0.012860286712605336
23047,0.030978786546242098
23048,0.08073196791868789
23049,0.027448300677964776
23050,0.37702134846613977
23051,0.33781527364855674
23052,0.051205956932453486
23053,0.013744073871347606
23054,0.03642807567490085
23055,0.5857152740505347
23056,0.1354429950930476
23057,0.46811721096364195
23058,0.5490656184307128
23059,0.010233758169733879
23060,0.14860892134951684
23061,0.03524538427844071
23062,0.22603485690157862
23063,0.08433611693451193
23064,0.8025517293387793
23065,0.06420561179910422
23066,0.2190178413001054
23067,0.1344968446292483
23068,0.9162087865022928
23069,0.019534692758668704
23070,0.02078329215856881
23071,0.9240704135718504
23072,0.010189017617436995
23073,0.24141205039007638
23074,0.03132038632026562
23075,0.019632927243843835
23076,0.1689464447965228
23077,0.02188708117456082
23078,0.12964412765535138
23079,0.10913680429759015
23080,0.10333205527291107
23081,0.2713662835891314
23082,0.014017957883113243
23083,0.030878657493873654
23084,0.518126658902195
23085,0.03682398510926035
23086,0.010930422967958077
23087,0.3030614915907865
23088,0.023679908166550283
23089,0.10317666025058578
23090,0.03866356498032653
23091,0.16170159837230647
23092,0.0062553414794590395
23093,0.17341470077401583
23094,0.39614089794499024
23095,0.018708145281060313
23096,0.11367976733439547
23097,0.10977346458028207
23098,0.2737325939209399
23099,0.006105934290161282
23100,0.030046689596559553
23101,0.8853192676372066
23102,0.09411884208825634
23103,0.06262637171201242
23104,0.06101384256442912
23105,0.43344709585408825
23106,0.008451838673729976
23107,0.014317622685085045
23108,0.03212150964381819
23109,0.7395000702108387
23110,0.3612815574705984
23111,0.006418210210013687
23112,0.09946333146991142
23113,0.03717049626845503
23114,0.010526498050972288
23115,0.25866805850062663
23116,0.07369835625800276
23117,0.9336975277753031
23118,0.020059275615548173
23119,0.025134250884176434
23120,0.017127005159873296
23121,0.028152840713826
23122,0.007076113166098384
23123,0.20557610143608773
23124,0.9774928658032505
23125,0.22159105684128458
23126,0.06693738530934391
23127,0.020815880666107366
23128,0.07776993423891629
23129,0.9235750831804674
23130,0.042504938953177564
23131,0.03622139683278872
23132,0.03993305961355048
23133,0.35387279882575506
23134,0.6845314005122073
23135,0.3333605969098353
23136,0.17053940904037618
23137,0.10490246618935646
23138,0.20449403447849723
23139,0.008565847023654042
23140,0.5321881833933201
23141,0.05498935568367169
23142,0.3779153248469311
23143,0.05605762321112427
23144,0.8862492981760194
23145,0.08792536524790805
23146,0.8639911728846152
23147,0.17223327019050003
23148,0.028757930066924845
23149,0.01761510142933241
23150,0.05973335659723045
23151,0.01809149301194702
23152,0.0500833115628093
23153,0.015977072005723836
23154,0.30232288925872486
23155,0.07868934555687579
23156,0.04243785499513844
23157,0.22291675081237458
23158,0.13689868062305535
23159,0.11881097351088336
23160,0.07369929554438448
23161,0.11201553153167182
23162,0.9691625346843918
23163,0.45684798635030277
23164,0.011329832823600562
23165,0.01968494748868815
23166,0.24016622778547075
23167,0.29102734854116263
23168,0.28660248175635106
23169,0.1335307016785351
23170,0.042441918643099555
23171,0.3746063576944673
23172,0.3166139822372868
23173,0.10384238549344967
23174,0.010523330978021996
23175,0.00845238581420063
23176,0.07561893824395963
23177,0.11679492065542382
23178,0.8973189791617422
23179,0.010079195294167783
23180,0.08494212816031657
23181,0.5793413374836832
23182,0.25841095604093994
23183,0.5988663243123746
23184,0.10998044072333997
23185,0.055189896311307045
23186,0.0247375330354315
23187,0.9027811271032934
23188,0.026457116105692853
23189,0.0887711703529441
23190,0.14642973722464955
23191,0.1154396353647445
23192,0.17807795328875112
23193,0.013521440577084974
23194,0.008105964562808739
23195,0.046936093632553466
23196,0.08498829286274984
23197,0.6769250926140729
23198,0.2053944111141305
23199,0.13037293961495705
23200,0.9050021214816208
23201,0.06108104202470129
23202,0.6266596470598471
23203,0.1655229033689231
23204,0.20893933515391788
23205,0.029171246925669747
23206,0.9615407635836224
23207,0.4751792803018532
23208,0.008377659405537972
23209,0.003650713804427676
23210,0.5854176476531373
23211,0.034238197065182434
23212,0.36381164434988017
23213,0.25393073222335844
23214,0.14414354786558756
23215,0.06006123430512754
23216,0.11358108523847842
23217,0.0806998673343285
23218,0.5661978786257206
23219,0.04542652836718907
23220,0.06650682309451543
23221,0.08282230612679059
23222,0.030408271039853767
23223,0.14641218649600338
23224,0.3437199595885932
23225,0.21090297987655846
23226,0.03483485141881991
23227,0.009809327083284783
23228,0.04174511327704988
23229,0.03920641690865229
23230,0.13599866758558324
23231,0.04905109738833918
23232,0.023668212396564692
23233,0.04978488597138497
23234,0.03385890303280839
23235,0.2880532828371439
23236,0.0772694935715986
23237,0.15305920207661408
23238,0.03413161839610307
23239,0.2797626965942166
23240,0.7753494337376012
23241,0.02660207406972165
23242,0.12210430061349183
23243,0.4143298076671879
23244,0.25240435662211863
23245,0.8129427155259752
23246,0.4871726218952326
23247,0.2668743737152581
23248,0.04528990729519122
23249,0.7267309224759458
23250,0.47091977775028776
23251,0.03014712672823541
23252,0.014965783577838577
23253,0.13711046168039626
23254,0.22419821467024253
23255,0.08121105175086006
23256,0.10515366337255957
23257,0.028540134973689384
23258,0.02791135214784276
23259,0.25111818589204915
23260,0.8945212123629995
23261,0.7882491688808018
23262,0.016178031934030904
23263,0.11143748824388752
23264,0.00711457358181671
23265,0.08038050374117436
23266,0.18172275539070237
23267,0.12874451524093689
23268,0.6626141395855212
23269,0.07527380288327867
23270,0.32271508209407307
23271,0.30918412749973506
23272,0.016146611051594525
23273,0.08927653738468369
23274,0.18442646964601728
23275,0.028312917158499443
23276,0.2943683953106519
23277,0.09009036036059906
23278,0.15773014912649763
23279,0.5910055703390651
23280,0.5609898593780289
23281,0.4846975732852033
23282,0.46360619232081274
23283,0.05658480001224237
23284,0.9326653658480181
23285,0.009060619237395158
23286,0.010693365337754413
23287,0.010824668471098758
23288,0.07445201814415593
23289,0.03949801256688445
23290,0.026733016541427304
23291,0.17442876092003312
23292,0.18156294898708744
23293,0.012530774319221248
23294,0.045257514327331674
23295,0.09802445910528637
23296,0.18593748597049106
23297,0.21261476127311288
23298,0.10169931257859204
23299,0.03323733314814128
23300,0.021398057826339342
23301,0.6900098170645148
23302,0.44962177608525794
23303,0.6366572607627412
23304,0.7963813937443758
23305,0.17352342480986616
23306,0.2247333169714563
23307,0.02135079671575047
23308,0.633047512713219
23309,0.05115955807055224
23310,0.005581738459444011
23311,0.3375567398497812
23312,0.0889350388012169
23313,0.023455958879079836
23314,0.3772237221974998
23315,0.02105531351603643
23316,0.31921893953539043
23317,0.29452908780303994
23318,0.09506804127676513
23319,0.3533529941933193
23320,0.7012405015121682
23321,0.03404630269777977
23322,0.6141123629458239
23323,0.013182756985145191
23324,0.15211228022603301
23325,0.041992980783938656
23326,0.020923899010816358
23327,0.01779283081335043
23328,0.1251465945474079
23329,0.2646558355514493
23330,0.0803683573579632
23331,0.0062895723056061266
23332,0.0734609864069359
23333,0.24043591937848888
23334,0.056143681430097354
23335,0.23862347029762201
23336,0.03586880642396966
23337,0.229630676922958
23338,0.4005023433783408
23339,0.9131080488627044
23340,0.3013480929481948
23341,0.2980343786208328
23342,0.008997792175525182
23343,0.0448302684982618
23344,0.15034083216741428
23345,0.27506209583652946
23346,0.548685135278098
23347,0.14017280647757382
23348,0.12619440371010232
23349,0.04895620589216581
23350,0.10272047853496728
23351,0.9466860457163401
23352,0.021317164098311844
23353,0.1624815931089743
23354,0.1831465190369922
23355,0.4881604565511282
23356,0.12369906480224604
23357,0.10747075839422555
23358,0.9616877948004772
23359,0.07548215987935042
23360,0.044942262029694764
23361,0.06115100596535156
23362,0.05252857970997925
23363,0.11936021399044082
23364,0.2557348707478184
23365,0.46091248658094985
23366,0.021390608485670357
23367,0.015241208236998137
23368,0.19438274914367107
23369,0.15606677875305613
23370,0.038875333996435064
23371,0.14305313428751712
23372,0.10531696029879621
23373,0.017772390371258797
23374,0.056463692497448134
23375,0.011737519723970323
23376,0.19868597439378047
23377,0.043625649957067594
23378,0.4249396042897715
23379,0.4447930478909591
23380,0.008964744095577726
23381,0.19760375809159214
23382,0.057850275110234536
23383,0.8322131914284886
23384,0.015563245841027437
23385,0.04420205509346939
23386,0.0697159120467635
23387,0.5244215894021772
23388,0.37348295114810676
23389,0.4345035668757715
23390,0.9796169060185207
23391,0.07671119279817261
23392,0.03805935856951
23393,0.2393415619681141
23394,0.025946541558734153
23395,0.019925207457288475
23396,0.4132148722742107
23397,0.4789648427530894
23398,0.03919044150035765
23399,0.4893866979480218
23400,0.3237809798740444
23401,0.028071757013234243
23402,0.06950304650569848
23403,0.20650900451295598
23404,0.08274042969515502
23405,0.4466262348420323
23406,0.9672893517872345
23407,0.026480509293711926
23408,0.2009735936792526
23409,0.24969699076380572
23410,0.11715407402250556
23411,0.08759957254072596
23412,0.09689320826017185
23413,0.12399381798262968
23414,0.05984216567989872
23415,0.03798185900423801
23416,0.01008592878670413
23417,0.03853208989284737
23418,0.07496923689858592
23419,0.009083048291188455
23420,0.033044016696673305
23421,0.6820520734890022
23422,0.19684797175170393
23423,0.1338468532270182
23424,0.010764318317330152
23425,0.09508312150349828
23426,0.20795312651543876
23427,0.017643022496294822
23428,0.13169940390973664
23429,0.04563641664394763
23430,0.10333888438320107
23431,0.6743020899087669
23432,0.03635490356389717
23433,0.449665523010926
23434,0.07889047046943992
23435,0.013224706928103363
23436,0.4127761132238938
23437,0.6273826929774028
23438,0.09506220636618215
23439,0.3262772346437572
23440,0.26689696123643203
23441,0.052853617291974464
23442,0.4005390328122953
23443,0.16064611924496539
23444,0.16766057734295084
23445,0.11947588435123041
23446,0.04756471718878565
23447,0.02420799593138429
23448,0.18457639245300508
23449,0.4216205301819847
23450,0.09244250650179323
23451,0.03203386256817922
23452,0.03258313683047214
23453,0.8455596778413745
23454,0.9485035046152003
23455,0.02399976897255301
23456,0.04071128282425579
23457,0.6729431920610627
23458,0.19268571009942576
23459,0.10737816265809183
23460,0.10607081165977526
23461,0.04065161486482778
23462,0.0477764063198859
23463,0.29149850758481616
23464,0.08456363962555279
23465,0.31104287464787256
23466,0.21848573147904654
23467,0.023752340463147815
23468,0.12967104767327534
23469,0.16292088881369116
23470,0.09094932560120227
23471,0.17797108122512423
23472,0.4189110860391133
23473,0.552234249777233
23474,0.10375489548685453
23475,0.004779676626857114
23476,0.8319853748153072
23477,0.2830809908589921
23478,0.2066088209143455
23479,0.12019739497149276
23480,0.028182529632511222
23481,0.08077948610943912
23482,0.04328279440841204
23483,0.0077329350418520095
23484,0.8959428837538518
23485,0.08177765743583215
23486,0.022607879385989016
23487,0.01063200900663748
23488,0.007773078562385614
23489,0.07846863829443897
23490,0.16312637901248728
23491,0.009715737087686683
23492,0.5661497699206643
23493,0.010352076270169503
23494,0.021070822186237317
23495,0.33714379243628767
23496,0.08452756680879449
23497,0.5556797297113363
23498,0.1542293593285907
23499,0.06323316588337315
23500,0.031812457770678766
23501,0.04447191282029497
23502,0.07235960043951742
23503,0.04016984157157123
23504,0.529510398222049
23505,0.07688867056497227
23506,0.02542496324505059
23507,0.09449282497459739
23508,0.1354919975802567
23509,0.1371874671894762
23510,0.06811435204119008
23511,0.47108426222242816
23512,0.7029466463529287
23513,0.023320715775833938
23514,0.03596315913571198
23515,0.15554859854504058
23516,0.04313827082367891
23517,0.0400366148285664
23518,0.04419323852670318
23519,0.036071600490682885
23520,0.10399261757920941
23521,0.7315055946073202
23522,0.020669546268068526
23523,0.10411454950821536
23524,0.02331559384890378
23525,0.3155155296743701
23526,0.6103585116633015
23527,0.02711510980784091
23528,0.19999924656260526
23529,0.1282072487040046
23530,0.930780531319983
23531,0.34171745355738836
23532,0.1618942912159075
23533,0.13536318800857866
23534,0.028849665863397794
23535,0.10861490760073607
23536,0.05811467626730061
23537,0.011786500817653613
23538,0.6373797257858757
23539,0.024596783549804456
23540,0.14105682473230433
23541,0.05629505110909629
23542,0.007933412990236633
23543,0.08539580211894482
23544,0.03758561878439556
23545,0.4594558124269261
23546,0.004086094425606736
23547,0.020074344611642005
23548,0.13129824000758736
23549,0.056586513242474344
23550,0.3026164372625567
23551,0.05025073691122994
23552,0.041787314241541605
23553,0.942990873587781
23554,0.08065403328720695
23555,0.38468380636976607
23556,0.09389493182800379
23557,0.18254075516990662
23558,0.008243569187133884
23559,0.03134681316337679
23560,0.08474722245932033
23561,0.9219559866824667
23562,0.010368571630162287
23563,0.19827384624933503
23564,0.07960683048069739
23565,0.1898941086477301
23566,0.052782106694086055
23567,0.22840663232525185
23568,0.1401470791122099
23569,0.31642424859050305
23570,0.9651217558852518
23571,0.7993675785069732
23572,0.027201480807745235
23573,0.04177307429735174
23574,0.04408615281238543
23575,0.07507584187335528
23576,0.0893179169961498
23577,0.04611179966780406
23578,0.04279081518777206
23579,0.6455116033090096
23580,0.4493671596191088
23581,0.06726266261701337
23582,0.009216581532038354
23583,0.011002720954351126
23584,0.04777125000157589
23585,0.03476107495381778
23586,0.042588608948673216
23587,0.008821536998028262
23588,0.05891727584232855
23589,0.32616951492529056
23590,0.008437325361319201
23591,0.09145183851784086
23592,0.1127992157161167
23593,0.017272264631752233
23594,0.04851454800883284
23595,0.8844608657317085
23596,0.16450766599426112
23597,0.06466524163884274
23598,0.17468441114103916
23599,0.01615340930016995
23600,0.11607943744210272
23601,0.33010989209161923
23602,0.01627489874940567
23603,0.06770538012110745
23604,0.08604808776975979
23605,0.030671317295781052
23606,0.7784571399614965
23607,0.8793211928015449
23608,0.0979170050842648
23609,0.12412433387747578
23610,0.15178691906502464
23611,0.134537807219709
23612,0.5974827180302225
23613,0.12345000133303613
23614,0.015108124709384585
23615,0.6192208862097343
23616,0.07288293497613053
23617,0.009247671571485271
23618,0.8239237119877074
23619,0.050084973205376256
23620,0.16060707733621093
23621,0.10492061169464804
23622,0.17787516411264612
23623,0.0843820362601209
23624,0.08623813413276545
23625,0.8494885081020631
23626,0.059451608694679504
23627,0.009636444559804174
23628,0.03988114021510928
23629,0.021107492171827297
23630,0.09283405322207451
23631,0.36522462297232006
23632,0.16988063844954307
23633,0.7227946775699181
23634,0.0637349735634025
23635,0.04678259589450633
23636,0.11968246051650971
23637,0.0043289480568543745
23638,0.08357664956533133
23639,0.043262472401835644
23640,0.003085126929418213
23641,0.039256726103300936
23642,0.09580839624951569
23643,0.030739770962957488
23644,0.19643807927537565
23645,0.008466408572644604
23646,0.3466005025706546
23647,0.010574920495514957
23648,0.28773664865770276
23649,0.10405377516508543
23650,0.6605858245851867
23651,0.1478454575907163
23652,0.11331212161546297
23653,0.9199949750183848
23654,0.03875244329773562
23655,0.44180007225435003
23656,0.128137745008043
23657,0.22464955331176414
23658,0.6501341615439795
23659,0.12145020950022586
23660,0.059576773687432916
23661,0.10015263724693425
23662,0.15264966537616423
23663,0.02200233278624086
23664,0.9249676560444307
23665,0.021529237409046487
23666,0.1821457312450983
23667,0.23930136716303393
23668,0.0140548209729582
23669,0.8043625007039514
23670,0.06474412792566989
23671,0.15160178115464845
23672,0.04194251039115692
23673,0.03984998781643097
23674,0.9480303071740823
23675,0.08813179830612766
23676,0.012398259197982044
23677,0.1364315058299438
23678,0.8888023753359684
23679,0.17532907079568424
23680,0.15668582006643192
23681,0.31571137066578947
23682,0.0108067829515601
23683,0.10211943365291917
23684,0.009303792980486156
23685,0.27376630871558943
23686,0.04320760555433019
23687,0.88651492888255
23688,0.011690292905894083
23689,0.27669827964656607
23690,0.06309862200110222
23691,0.11537135075575713
23692,0.003960024798564386
23693,0.07752712521452246
23694,0.8993414439041792
23695,0.007240006138374199
23696,0.20163422136942263
23697,0.03540458140340161
23698,0.5358446766816575
23699,0.05071453343668334
23700,0.03490157659962957
23701,0.04672749233606042
23702,0.42061315810875854
23703,0.09701918444952876
23704,0.20039854930860299
23705,0.0986297123765944
23706,0.03599356049138441
23707,0.03605413213978938
23708,0.4118141697700275
23709,0.1243498820977536
23710,0.06379820152141345
23711,0.060166327585551585
23712,0.0047591981306597956
23713,0.1359278159840996
23714,0.8479654668721242
23715,0.8336510138780724
23716,0.27472727059104135
23717,0.2974760842626725
23718,0.047829442663147544
23719,0.028467497928555387
23720,0.14983862523007282
23721,0.024868550315554936
23722,0.02546860382634223
23723,0.5378481654627881
23724,0.10158321145833663
23725,0.043115822999270186
23726,0.04856545822442654
23727,0.049350315884913766
23728,0.39322411708295574
23729,0.008690764931538754
23730,0.9646937528717557
23731,0.03820739212841552
23732,0.07015446682800423
23733,0.057558222492311614
23734,0.9524463679682559
23735,0.16927623861266833
23736,0.05424894920627808
23737,0.12634746119142112
23738,0.03415392843874994
23739,0.24653649239086933
23740,0.2410996331188627
23741,0.3010594884493436
23742,0.18535731167236127
23743,0.16489672908888317
23744,0.17273635704869617
23745,0.9508621917695039
23746,0.21474345577637546
23747,0.0238108403443368
23748,0.8572126629508281
23749,0.228770856740409
23750,0.08716001395747631
23751,0.028244166473516494
23752,0.956687114419311
23753,0.05506642080110761
23754,0.05287612432844418
23755,0.049522975069367516
23756,0.04122249497753769
23757,0.23981722205456357
23758,0.013149317340368843
23759,0.4041573843139785
23760,0.10383095295212923
23761,0.04188815387044468
23762,0.024068290729532017
23763,0.8430553146730725
23764,0.02679330316129698
23765,0.03397085905226972
23766,0.09028856119588004
23767,0.09020270438843739
23768,0.8132514738850304
23769,0.061212820475755804
23770,0.09734727225812301
23771,0.0256290265083516
23772,0.16104275097478926
23773,0.01710363806000135
23774,0.05339982551451994
23775,0.7621723632685998
23776,0.056970656170881685
23777,0.05481357045631378
23778,0.8735556439492309
23779,0.247880398479422
23780,0.8730958809794876
23781,0.03148374658632367
23782,0.33063148518727603
23783,0.06043747013877827
23784,0.017331348228647205
23785,0.010284891097598614
23786,0.2830095275888267
23787,0.1918967306854411
23788,0.013781817703093616
23789,0.4342693441733024
23790,0.8190325163663746
23791,0.012117129151270122
23792,0.032216086870688755
23793,0.015207615993878239
23794,0.010918009530552046
23795,0.0178924991666962
23796,0.01796506008033935
23797,0.7756628651473934
23798,0.009089575616551089
23799,0.6334784928254231
23800,0.14818286830350832
23801,0.03336606816111236
23802,0.2631717167195963
23803,0.5349619003646193
23804,0.03891656234426416
23805,0.7410209539353093
23806,0.6002533173526852
23807,0.11420736481805518
23808,0.08312417675003103
23809,0.6138601465362424
23810,0.03884299464628092
23811,0.3567758423761276
23812,0.8798036629080248
23813,0.023781865161095848
23814,0.016609037592178872
23815,0.0854778585385773
23816,0.02131118577832906
23817,0.750995088648014
23818,0.009775831054997295
23819,0.6189278479602073
23820,0.014857410296190912
23821,0.021977959390451527
23822,0.08116444282456191
23823,0.04044119316985079
23824,0.031088963344816065
23825,0.0319512959249269
23826,0.29240386001980107
23827,0.15643691317020036
23828,0.027334993562484027
23829,0.21610665697033105
23830,0.0478785658158637
23831,0.2245385303274461
23832,0.6347022514989444
23833,0.03403682539695687
23834,0.014210298460726757
23835,0.07411235633086954
23836,0.037738023535750634
23837,0.3252568227774012
23838,0.01446407841492248
23839,0.025805444062169943
23840,0.475246175464121
23841,0.7913845815499359
23842,0.26755722248371583
23843,0.08586827096122321
23844,0.06767398166808573
23845,0.26760439061023056
23846,0.011952792693895892
23847,0.018004299929704242
23848,0.08090605833412129
23849,0.9006960141770827
23850,0.0199093912439853
23851,0.4698395510156838
23852,0.02244138066572421
23853,0.04956847427250971
23854,0.4839281987286179
23855,0.040652290989870596
23856,0.3113502952802005
23857,0.16318557334211684
23858,0.31164392580124894
23859,0.010563413396612391
23860,0.13675058471548038
23861,0.035174685178623724
23862,0.026009737038408125
23863,0.02908496284896937
23864,0.016973327026039414
23865,0.5172309202028126
23866,0.0432194881193079
23867,0.9377803890288458
23868,0.612024441090314
23869,0.1564902018087305
23870,0.05203377754152743
23871,0.5760018818368514
23872,0.2642233206812251
23873,0.08284487043984316
23874,0.6379145920073825
23875,0.028882210719517066
23876,0.16774472413582192
23877,0.1628203875439483
23878,0.9703436776865225
23879,0.02863180718398667
23880,0.01817657740128843
23881,0.8447287692279409
23882,0.5208935454712422
23883,0.053888499080610004
23884,0.05040330779201881
23885,0.9813390525514029
23886,0.06676324259201268
23887,0.009595178880105946
23888,0.14135298954360978
23889,0.4815078818259945
23890,0.041276130145357935
23891,0.12343640686704246
23892,0.2486384657227132
23893,0.05899672604136636
23894,0.0286688269789354
23895,0.008200629106889044
23896,0.13159220870604
23897,0.2089832371622604
23898,0.09328653444389723
23899,0.08727703729947822
23900,0.19114257976051408
23901,0.0711001766634361
23902,0.0919656948763671
23903,0.06121247905875932
23904,0.11436026881862034
23905,0.01272783972207488
23906,0.014923828728116973
23907,0.14881400992256
23908,0.017489911701241822
23909,0.07761801815569314
23910,0.08832935164322914
23911,0.04607768138560714
23912,0.43369510111524084
23913,0.07614021238118338
23914,0.060535607909772915
23915,0.027841899253132383
23916,0.4642529983462658
23917,0.020921165253328194
23918,0.8608943459274704
23919,0.0585850762870225
23920,0.41406930573669287
23921,0.0548587238181976
23922,0.2261844891390942
23923,0.5871171583530383
23924,0.06900421549209863
23925,0.2237292521281399
23926,0.005943870079710316
23927,0.45991491937130485
23928,0.23700451787472884
23929,0.7885588151863946
23930,0.00687680648434053
23931,0.04523218231140135
23932,0.30575683773998286
23933,0.25186947294896267
23934,0.08491216656113487
23935,0.011398849538968922
23936,0.14218969287607888
23937,0.03340211640237354
23938,0.04746638716825365
23939,0.16831424748841053
23940,0.22868036592086635
23941,0.8993437406003052
23942,0.18238536854755927
23943,0.01842012365682367
23944,0.1720259647831958
23945,0.24682222405828577
23946,0.019879288641200372
23947,0.02541740338026917
23948,0.5315938682289503
23949,0.07427736878964541
23950,0.05583187708609164
23951,0.012783219368938994
23952,0.03824717387365607
23953,0.059798989199153225
23954,0.3044854575992552
23955,0.08872077403484929
23956,0.20949479383731184
23957,0.04983878596176026
23958,0.55831634136928
23959,0.030197394046762152
23960,0.7373743008692654
23961,0.16217328137865514
23962,0.007306529823892268
23963,0.3015198514261471
23964,0.29212108460727587
23965,0.012346113126120337
23966,0.04696305839902168
23967,0.015138723649127581
23968,0.0728834390597078
23969,0.2660092601887784
23970,0.7875670300040191
23971,0.028314589683259523
23972,0.04085087243712475
23973,0.032746546213279194
23974,0.0890201012979543
23975,0.9499652670697926
23976,0.016714353921169992
23977,0.9250233547182648
23978,0.012188636687558721
23979,0.41192250326284363
23980,0.5157944012811946
23981,0.015379340562879157
23982,0.05762139164590507
23983,0.9860202408834757
23984,0.08732250860677208
23985,0.0468991151672133
23986,0.053719972776439785
23987,0.29621370054816226
23988,0.04246144667868383
23989,0.1506257343678571
23990,0.07791108488281781
23991,0.36636829552641986
23992,0.2518177404924541
23993,0.04803748871107095
23994,0.4756613468143605
23995,0.015262649435118538
23996,0.07234061205350395
23997,0.03870473387571135
23998,0.948394835536869
23999,0.3134743054419809
24000,0.02612816121671947
24001,0.07025481527392795
24002,0.16234452066755803
24003,0.07944453573434462
24004,0.22449650774857657
24005,0.6852994174823213
24006,0.17851213599437962
24007,0.004443586199924173
24008,0.12494921626671908
24009,0.014556768751207585
24010,0.04311878249116314
24011,0.03348450664319552
24012,0.021416584728680212
24013,0.343641372821401
24014,0.023913425790172534
24015,0.7160018024374887
24016,0.040747869314506226
24017,0.6940870793395305
24018,0.04082669262199986
24019,0.07350973192305023
24020,0.0816928045818404
24021,0.02837920546528474
24022,0.08958445340506596
24023,0.9295020599226216
24024,0.45481177279869606
24025,0.17534711131958505
24026,0.05528050889993599
24027,0.08858264337621621
24028,0.03384578088672445
24029,0.22124664025218577
24030,0.03246406974044878
24031,0.028142167396380112
24032,0.24878443371654618
24033,0.03923516365644125
24034,0.3890348889800134
24035,0.019006491175382566
24036,0.14679814923249282
24037,0.11537357065989155
24038,0.08031200584748946
24039,0.7865948898014492
24040,0.006142115618585175
24041,0.9165126938356645
24042,0.4518325106916857
24043,0.3366186219432465
24044,0.2617913353998904
24045,0.20351097168567514
24046,0.16309664220537004
24047,0.10122639252960723
24048,0.12360874552148095
24049,0.033690386134714694
24050,0.26216608071764314
24051,0.09695029437744558
24052,0.1365274087937263
24053,0.18350577107169874
24054,0.0773995703868755
24055,0.19773249051135236
24056,0.14293030456653327
24057,0.1564451065197606
24058,0.15990600717452513
24059,0.9429566527504246
24060,0.7477185585740244
24061,0.018055192882777325
24062,0.030414114085830682
24063,0.28234943346279584
24064,0.14179005857037322
24065,0.04142076637200973
24066,0.13541379678901624
24067,0.014118695870815197
24068,0.196551834923777
24069,0.10393309695095138
24070,0.5342613117429267
24071,0.49748633601375253
24072,0.11415460159153758
24073,0.6692814954865842
24074,0.06856517404277869
24075,0.8895370494367562
24076,0.016856511816708202
24077,0.13461719585436974
24078,0.015564618924134865
24079,0.6987001760407646
24080,0.3753230974967648
24081,0.015497648424146377
24082,0.46148563443206086
24083,0.8090961555836846
24084,0.06534463323359875
24085,0.32277598149378434
24086,0.02029876252038142
24087,0.033654734045273346
24088,0.17685081028285848
24089,0.516712282920583
24090,0.08187136358217931
24091,0.13528281061269415
24092,0.05748810416952199
24093,0.03145171795900296
24094,0.09253279049471932
24095,0.006446407414216173
24096,0.30807748603472057
24097,0.1500444832937474
24098,0.3654528136999249
24099,0.11855859633126824
24100,0.06132027408193086
24101,0.09339899577111346
24102,0.0251115163027758
24103,0.4370471707850984
24104,0.07452142255028024
24105,0.7598682840081373
24106,0.01056813697620529
24107,0.013674225312665279
24108,0.014986176852781415
24109,0.7992754524572565
24110,0.9465869818127176
24111,0.028862034996048475
24112,0.44301684588248347
24113,0.08736011920912719
24114,0.043167796013833075
24115,0.028793958382151548
24116,0.9436037399287005
24117,0.07978886795585301
24118,0.21953104121831948
24119,0.06511991217282115
24120,0.08427952802461539
24121,0.058918470516320744
24122,0.028851917880299567
24123,0.019748153851650435
24124,0.4892545382273821
24125,0.045970653572814046
24126,0.08582387925568803
24127,0.016549352232588608
24128,0.019925373724945822
24129,0.01799402565825288
24130,0.1680829731825782
24131,0.1503913639635565
24132,0.006939775610201516
24133,0.04980156700318654
24134,0.9638511098857504
24135,0.7327352949388211
24136,0.22406426089523424
24137,0.03515702841344984
24138,0.13549364620029666
24139,0.031316184656030144
24140,0.015927820118346554
24141,0.766892082712989
24142,0.1853384212006228
24143,0.09961220184285333
24144,0.4683755384639955
24145,0.0664346305855176
24146,0.3008219631167701
24147,0.14783607882271763
24148,0.05665357856705018
24149,0.08717545290085602
24150,0.19200101546506695
24151,0.42009085695410553
24152,0.7363132637144374
24153,0.11091655969490254
24154,0.6702719346495354
24155,0.06149384990163445
24156,0.03818493231933614
24157,0.17815498191781387
24158,0.8332863482765639
24159,0.06713065861697584
24160,0.06933524370687268
24161,0.9756550426042575
24162,0.0017885596472654182
24163,0.16464009209391667
24164,0.04653802584995093
24165,0.12372811950505151
24166,0.03326141596723308
24167,0.8408120535758249
24168,0.09364354281220766
24169,0.007068565277913928
24170,0.03647357853202785
24171,0.06831372983742266
24172,0.17289521454166204
24173,0.010549037556112804
24174,0.8778564814318167
24175,0.04814395133730527
24176,0.14771928022770334
24177,0.04569521218656374
24178,0.9492449682365793
24179,0.030932990025098306
24180,0.06984485648719937
24181,0.1961529738018656
24182,0.031348551418802745
24183,0.0699710784131141
24184,0.3043660997503899
24185,0.7977074109845855
24186,0.05751489367531029
24187,0.09681541949992402
24188,0.058230017566689114
24189,0.12309142912862249
24190,0.12029074759006138
24191,0.04467074171240458
24192,0.938417531833942
24193,0.01070011335566867
24194,0.017368357513413618
24195,0.08772837041116366
24196,0.21572086025754175
24197,0.2751204490935736
24198,0.04409728756237439
24199,0.7468426024084259
24200,0.09335194314069911
24201,0.04719958683612755
24202,0.11856653358836829
24203,0.5254905678255537
24204,0.10193405405883248
24205,0.06553898897315563
24206,0.04698410004379193
24207,0.2067647273776211
24208,0.15181793301194263
24209,0.11241240368215877
24210,0.11979684433086804
24211,0.0795772819687323
24212,0.023193138300903086
24213,0.07853451952357852
24214,0.09485815275214128
24215,0.6318844365808074
24216,0.09450348612457436
24217,0.02663687278101252
24218,0.08890194444946918
24219,0.2651972958537215
24220,0.042134503001870514
24221,0.3396466258942861
24222,0.027535359500494152
24223,0.021046188975678264
24224,0.3962658098350513
24225,0.19952322929309196
24226,0.04867867654766216
24227,0.07958620087250455
24228,0.0264349615675834
24229,0.27333413672368373
24230,0.5109963434075102
24231,0.04840786351908518
24232,0.0497435512647011
24233,0.031165322148065056
24234,0.07070083209524927
24235,0.0741288258827731
24236,0.8969024903966983
24237,0.08453595632057416
24238,0.03705124474882834
24239,0.22974762054762896
24240,0.09219905884448193
24241,0.8128910697968149
24242,0.00584107178167182
24243,0.17388584257077203
24244,0.1122777044569461
24245,0.0851034077386374
24246,0.042329251712343155
24247,0.038067362484935766
24248,0.021513477494819907
24249,0.022611048398087613
24250,0.04093902596127056
24251,0.024817197643241907
24252,0.043506791395929174
24253,0.14004147057600966
24254,0.8191003436865284
24255,0.05819504489288912
24256,0.03435998236140853
24257,0.15007863772937868
24258,0.1536558127623248
24259,0.3895268184081265
24260,0.0707988516347025
24261,0.24813846525441394
24262,0.015611985927765236
24263,0.11917028585398932
24264,0.016747147529258342
24265,0.20600049348452784
24266,0.027363481688491252
24267,0.06318082314379003
24268,0.09846878147404083
24269,0.12102315228261382
24270,0.7801889026502473
24271,0.0285623141445878
24272,0.04729923866948177
24273,0.061534564594282214
24274,0.04039412704188278
24275,0.7900451766013851
24276,0.5021503663229095
24277,0.1724296078684437
24278,0.07806796455997701
24279,0.053950847824428314
24280,0.3467158725853212
24281,0.16256893356382246
24282,0.6087453191180937
24283,0.024374907294405865
24284,0.03906412101540259
24285,0.06997729788849635
24286,0.17907248701885348
24287,0.5442007555890787
24288,0.24570008543841787
24289,0.15176753571125823
24290,0.23550220674322914
24291,0.09384598988117657
24292,0.17049975508282675
24293,0.10528767901308628
24294,0.19265788043451343
24295,0.04665362078531182
24296,0.11524396017316792
24297,0.10831563767246481
24298,0.1876839186514694
24299,0.17987226254123068
24300,0.06283040771475067
24301,0.04673956843140252
24302,0.025320075198173798
24303,0.01892722911622999
24304,0.006586369081483131
24305,0.16425048166920866
24306,0.014703252401610103
24307,0.7893963786397777
24308,0.6071008693421935
24309,0.026354561091377803
24310,0.05163187082992548
24311,0.10826409988362552
24312,0.024216729735920817
24313,0.05778169693439931
24314,0.08728857097598702
24315,0.08820038483721168
24316,0.1553957400444089
24317,0.15174416512818456
24318,0.40078933786759297
24319,0.9121731541760028
24320,0.01921066967300694
24321,0.021578227722746937
24322,0.11291302881667735
24323,0.02493159066507498
24324,0.04697147499819211
24325,0.9167512854102001
24326,0.44905362440356766
24327,0.019845337103730258
24328,0.024426738033924995
24329,0.033996915498967197
24330,0.29420015606354305
24331,0.015871951801982954
24332,0.03708371195003397
24333,0.19223144481377144
24334,0.16222086330857963
24335,0.3122704108698441
24336,0.48236746035451056
24337,0.16368460200473625
24338,0.09795384761371498
24339,0.4594041861251298
24340,0.07953565217350851
24341,0.05120584817416506
24342,0.14419836538306638
24343,0.038990166982073415
24344,0.023958458910132513
24345,0.16190734610415494
24346,0.09692796921437877
24347,0.0696529272985218
24348,0.06436546913640367
24349,0.8150446904331987
24350,0.1442297943732008
24351,0.027791506805982562
24352,0.6635260966236555
24353,0.013647598712971033
24354,0.02425382818499832
24355,0.017975017651253145
24356,0.04354695386341447
24357,0.13935239323088586
24358,0.04353162042967865
24359,0.017735060036372003
24360,0.05168996531086329
24361,0.1805081491832041
24362,0.015899551711056097
24363,0.9257490675416963
24364,0.061624383132304256
24365,0.08227093119755027
24366,0.02518817051227338
24367,0.2740861791905733
24368,0.05976210998261586
24369,0.013922728935608109
24370,0.010673927743337959
24371,0.12143864652897131
24372,0.01746687235453849
24373,0.9017964566251678
24374,0.10278089369452992
24375,0.8251715678522695
24376,0.14925039468734963
24377,0.07517105708528334
24378,0.007093220098804363
24379,0.5223305702829033
24380,0.9501166279465525
24381,0.013440015858453136
24382,0.011010892440191922
24383,0.396310514232661
24384,0.3042187439879205
24385,0.12192925187521728
24386,0.270860693793925
24387,0.5234799311766546
24388,0.0480240508209817
24389,0.07878649039353174
24390,0.09213872350645978
24391,0.2725138554668921
24392,0.04329761779063453
24393,0.045139928474620936
24394,0.09233856481854379
24395,0.21824391595237727
24396,0.8774561003475552
24397,0.1280240673828732
24398,0.04950607929814528
24399,0.00839210925604211
24400,0.02559456542862949
24401,0.09621149634368473
24402,0.04718612617814661
24403,0.06416675571330188
24404,0.03955963862913788
24405,0.1527252037475512
24406,0.03456642981949072
24407,0.593521961395831
24408,0.5609354098981436
24409,0.0069387787247554775
24410,0.6176260457841404
24411,0.058893290214946485
24412,0.08095569997929611
24413,0.07714832206035786
24414,0.1814633438141909
24415,0.007306080568673922
24416,0.011609076010090195
24417,0.026054827791623814
24418,0.58388440428124
24419,0.019516876445348885
24420,0.10509960927821797
24421,0.012983809714178264
24422,0.4376355499185088
24423,0.023295242752242543
24424,0.023977315679615203
24425,0.2747722276104031
24426,0.07649176340756793
24427,0.08190162420614742
24428,0.1383079103772179
24429,0.6641297119322143
24430,0.09564981738592172
24431,0.10835832883673514
24432,0.017979608703271425
24433,0.18789449024601335
24434,0.03596633356083527
24435,0.08949294862582222
24436,0.22532576862476492
24437,0.34639176161471885
24438,0.0031833129273982543
24439,0.07245973483544016
24440,0.012378109069833167
24441,0.03363172254224584
24442,0.014057303746429377
24443,0.6687441434651256
24444,0.17373251410077528
24445,0.9399688754663469
24446,0.08625063395006251
24447,0.4243167476959393
24448,0.007435318820186458
24449,0.3460672033102764
24450,0.0070302305688188784
24451,0.07767493955726341
24452,0.7231892103160437
24453,0.4123857273908396
24454,0.18743876321367287
24455,0.10483770374940095
24456,0.0611457887832893
24457,0.12795217077648155
24458,0.03208818479238704
24459,0.07656307543665863
24460,0.012586804971164291
24461,0.04785395827516309
24462,0.8691304073599259
24463,0.07902541289022502
24464,0.12661886504065825
24465,0.44643680687771736
24466,0.7441034726438737
24467,0.06982713578346184
24468,0.015781787845786318
24469,0.02748151190564927
24470,0.09273573428215916
24471,0.12568214855596618
24472,0.1049839586823359
24473,0.8222811445179725
24474,0.05592758067565914
24475,0.018128492277318133
24476,0.02719933137211278
24477,0.08195453089657924
24478,0.12143782981588341
24479,0.04558451807588298
24480,0.06510037642018383
24481,0.024982494967666205
24482,0.7491058009556302
24483,0.17377566393151048
24484,0.21460200964607032
24485,0.029122128303865416
24486,0.0573356160894949
24487,0.14483727662147497
24488,0.1850865733841591
24489,0.02838366206864068
24490,0.05226711431047267
24491,0.43018441130961826
24492,0.09657838778661867
24493,0.01734336393628035
24494,0.19951044384501293
24495,0.08483834793748159
24496,0.01982675122343747
24497,0.09749272322016331
24498,0.06877129485622593
24499,0.05174894382603029
24500,0.003050118564846119
24501,0.09507863003108363
24502,0.15723413303921144
24503,0.030398063872976826
24504,0.010907627398521115
24505,0.03882748671626477
24506,0.03456799117718763
24507,0.015704893832714933
24508,0.010021480278454198
24509,0.1362029491353511
24510,0.04990456870116741
24511,0.26395748628885657
24512,0.06666518985125792
24513,0.016566284160358397
24514,0.8237846213499822
24515,0.12080800931681868
24516,0.028034218253433975
24517,0.03083731214476468
24518,0.9704055020948116
24519,0.9771526642593317
24520,0.024095573825294876
24521,0.1424371575112402
24522,0.04818591061415026
24523,0.8502305804174227
24524,0.03560849357776128
24525,0.22247758634402856
24526,0.014345203648363319
24527,0.02715467863304876
24528,0.048540459424598816
24529,0.05250227314691624
24530,0.06622858895401004
24531,0.026117794998413067
24532,0.9749028811586188
24533,0.48033992057581903
24534,0.13547319196527735
24535,0.11603176501494139
24536,0.1802200320806418
24537,0.08797809900342891
24538,0.12152309284089366
24539,0.5164546576917209
24540,0.637430377543064
24541,0.016735579436681268
24542,0.28077922080160433
24543,0.10979039228444168
24544,0.5191128731435368
24545,0.05578831035518108
24546,0.21896839177377103
24547,0.18110017850035282
24548,0.9347877087326066
24549,0.12645213689451848
24550,0.13510743503144607
24551,0.0174980397552875
24552,0.021251367079398373
24553,0.05533554640839968
24554,0.07639922196959989
24555,0.043912138869117476
24556,0.012126375584380768
24557,0.06936704630749847
24558,0.981818414783214
24559,0.03577898352641838
24560,0.8369997626427833
24561,0.3671132921572396
24562,0.8676865970822317
24563,0.1622866428469551
24564,0.0584362833870806
24565,0.1628629695329594
24566,0.038058458344934765
24567,0.11285596363014883
24568,0.43876136145842637
24569,0.028183711591796293
24570,0.6336572884783582
24571,0.018587717625113596
24572,0.22792027930138664
24573,0.009072981851732111
24574,0.0466962009499603
24575,0.025829739746706507
24576,0.9568847981078809
24577,0.04771949327692334
24578,0.008806092313946157
24579,0.879298950691633
24580,0.07266442894474959
24581,0.945380647090712
24582,0.38038753435886247
24583,0.9346799744780764
24584,0.9598930899309895
24585,0.018637173972120273
24586,0.06732278737442529
24587,0.08852402422184763
24588,0.014679150618661447
24589,0.01340745139921223
24590,0.41154500192276994
24591,0.007498812335248309
24592,0.09931183432311418
24593,0.05763314314564711
24594,0.40577121456625864
24595,0.03773501466158219
24596,0.9142891715671014
24597,0.12744024147302763
24598,0.009313968161626242
24599,0.04890912686100138
24600,0.35822495096701756
24601,0.3786826970367656
24602,0.037099981230221395
24603,0.03169101239939597
24604,0.006076483350757551
24605,0.07179804457321423
24606,0.6248199555287594
24607,0.019382684415958727
24608,0.047584189541135205
24609,0.2208388916930753
24610,0.00689162021827701
24611,0.029175508040990793
24612,0.604872200623791
24613,0.027243317982597604
24614,0.023469728832262626
24615,0.04490484655191099
24616,0.9427759337054142
24617,0.12227367313604949
24618,0.9280760823159558
24619,0.011230352494119479
24620,0.20909431248600063
24621,0.47291332347829074
24622,0.031129930818122934
24623,0.13253303628336047
24624,0.013047370343054147
24625,0.019089962255707787
24626,0.30393608731832206
24627,0.029485845105401576
24628,0.18252474727614196
24629,0.025053037642884128
24630,0.4255691825827049
24631,0.06439009540310632
24632,0.011353923781410551
24633,0.036498569277462825
24634,0.12744175075441877
24635,0.06067488757292992
24636,0.13475631781245803
24637,0.1456272616621835
24638,0.030564324355361768
24639,0.02213031170723746
24640,0.028398622180083172
24641,0.6055038081968602
24642,0.004059581579525303
24643,0.04514714380316938
24644,0.145033065651614
24645,0.1404988343336156
24646,0.4595488179329431
24647,0.17460304622275116
24648,0.7273391377721864
24649,0.06551169637586908
24650,0.07978917720715746
24651,0.024022980882188308
24652,0.2277120372481416
24653,0.3032045189311443
24654,0.9624169859760241
24655,0.03163942859816406
24656,0.05248789031935041
24657,0.8268576783788694
24658,0.5010571458479514
24659,0.011794143504556074
24660,0.04166617803117002
24661,0.21432502222184477
24662,0.8575407059065774
24663,0.015704727074711513
24664,0.09626108628927511
24665,0.009732316948749797
24666,0.026872758334142165
24667,0.1087037574083439
24668,0.8283390694221141
24669,0.3409166496562404
24670,0.3886009141205592
24671,0.9547952895660894
24672,0.03926944126317578
24673,0.014384265121441427
24674,0.41058780586043325
24675,0.03433742332485225
24676,0.031433555488084616
24677,0.8004142396262782
24678,0.9759271040143568
24679,0.289477227863558
24680,0.8650609804250444
24681,0.049291926034512816
24682,0.00778789943688001
24683,0.25844834737500216
24684,0.9322093001050352
24685,0.23927449040798107
24686,0.2835617194222274
24687,0.02685576482612664
24688,0.5005606894379788
24689,0.4635885611986615
24690,0.030431035794499187
24691,0.02486903742760973
24692,0.7465948728678689
24693,0.06664017950870604
24694,0.08133848043636213
24695,0.024235083499218105
24696,0.21420740143658565
24697,0.002297387318718038
24698,0.17491632640400265
24699,0.4810849773325943
24700,0.024316147769947744
24701,0.0254494898148828
24702,0.0618191590451706
24703,0.07023587328823355
24704,0.2496927456123764
24705,0.37796896522499496
24706,0.14881156229130868
24707,0.6516685496820224
24708,0.04458700039817932
24709,0.1474865039178574
24710,0.19413931926950587
24711,0.03682210400262323
24712,0.4665772166679037
24713,0.047218897088208346
24714,0.09263476447275172
24715,0.1369095880967954
24716,0.278142085437537
24717,0.03960761676185871
24718,0.0060916241939412905
24719,0.17452664716207691
24720,0.25847397066607336
24721,0.5200185568225743
24722,0.02163599877345594
24723,0.026091428382549995
24724,0.11035239515019325
24725,0.27941800993307636
24726,0.24770784628877662
24727,0.06066490944402717
24728,0.8624237004383404
24729,0.08630264675710705
24730,0.012671239831316045
24731,0.1052013005809283
24732,0.037400898860911094
24733,0.022118904273230003
24734,0.39891622212425215
24735,0.008733863850969529
24736,0.2993042262959367
24737,0.0036521882391745307
24738,0.22798493201489148
24739,0.018172133478546165
24740,0.2082553730076819
24741,0.119790458401519
24742,0.40536851467208246
24743,0.05748383680958602
24744,0.0870160324163824
24745,0.12286207839836157
24746,0.02035112814383892
24747,0.3075243389162567
24748,0.4122143079260426
24749,0.04436368444418917
24750,0.15608897998078647
24751,0.03459573552425396
24752,0.0315822321880597
24753,0.32983428432816175
24754,0.48412986019537485
24755,0.03889004675402956
24756,0.0031951173881329645
24757,0.529829823947372
24758,0.13662828840369656
24759,0.009970050516938448
24760,0.013119996505622305
24761,0.05624438969396013
24762,0.2060165573350295
24763,0.15314111626080035
24764,0.029929932645630264
24765,0.06743351965138648
24766,0.09944196155474698
24767,0.10100552442360754
24768,0.027148452806978883
24769,0.07706584819632749
24770,0.06368010290909999
24771,0.022306571811961936
24772,0.05806351168140369
24773,0.041966503878565646
24774,0.09911846762881309
24775,0.014426640745099015
24776,0.29881564183966935
24777,0.06944919142769583
24778,0.716562125335099
24779,0.0825138870842225
24780,0.09981599996256971
24781,0.051405371278343104
24782,0.8479482865745384
24783,0.1833279965427614
24784,0.3028040335628548
24785,0.6677149376803999
24786,0.18844556717006955
24787,0.041569801630787766
24788,0.5635985830933071
24789,0.17423466884084937
24790,0.014303669643757889
24791,0.14865824491567553
24792,0.04181966411343499
24793,0.7097255879136078
24794,0.03922075187647082
24795,0.03530089549582475
24796,0.9838256287098865
24797,0.017531764947399813
24798,0.027364252874831164
24799,0.09822734731921118
24800,0.057723114757215255
24801,0.011632383585360718
24802,0.5078093892921012
24803,0.007398330247368586
24804,0.026254913458632644
24805,0.017316479435886656
24806,0.023106249121753037
24807,0.09562782967702879
24808,0.01719873171534689
24809,0.45718208046994946
24810,0.05054029606112691
24811,0.07841552920272783
24812,0.03822624941882058
24813,0.24293566307752776
24814,0.04858745955311749
24815,0.016123767572359317
24816,0.01675048940515414
24817,0.09882328555658385
24818,0.026410611424059774
24819,0.28214303828042026
24820,0.6435811964702304
24821,0.02226313554406049
24822,0.22855036873139126
24823,0.03513557741859809
24824,0.10297841280728041
24825,0.03858335688148588
24826,0.5266696049896272
24827,0.04448391342916255
24828,0.05708260060376965
24829,0.07818498301921496
24830,0.3393906059726848
24831,0.024468131518167947
24832,0.0592967589600412
24833,0.05038525030539982
24834,0.04121170390116728
24835,0.19311468840893486
24836,0.08929214662455753
24837,0.029215265073444064
24838,0.43223255348382933
24839,0.23668622163079572
24840,0.9032341257695607
24841,0.9570966620063338
24842,0.01795296108831395
24843,0.10366091010471784
24844,0.03998162937868288
24845,0.0074856211182153555
24846,0.02905281399837452
24847,0.6554906102553252
24848,0.03926842094278279
24849,0.09977770115368952
24850,0.07354409397054926
24851,0.3877500473332517
24852,0.12396249439293114
24853,0.032651711499347334
24854,0.022331894465861413
24855,0.9468855401269445
24856,0.008855862836464482
24857,0.022262785812580687
24858,0.022802145726873942
24859,0.16081414771516195
24860,0.18413881507044397
24861,0.19061518096636823
24862,0.02299666451159482
24863,0.34977890811587103
24864,0.07196156580332416
24865,0.2537232369658718
24866,0.4328163242996988
24867,0.8175217179740523
24868,0.03193794416432632
24869,0.21786401189524401
24870,0.7097111376451052
24871,0.17312554139060946
24872,0.06306260202271528
24873,0.059793731798158306
24874,0.06482211794800058
24875,0.18481362545602206
24876,0.11441184118703085
24877,0.4318487483765474
24878,0.06662168247858741
24879,0.1642374849158616
24880,0.5215830680385829
24881,0.15729201699591144
24882,0.07883547514314089
24883,0.756993459896508
24884,0.16658803548445805
24885,0.16061364022769822
24886,0.03789051846298506
24887,0.048131881297638596
24888,0.12769866441425065
24889,0.7626789343822815
24890,0.07612799100116661
24891,0.09297605843819488
24892,0.05379185701585001
24893,0.25674245830021913
24894,0.02651919627867629
24895,0.9780080898069334
24896,0.9863023739965567
24897,0.2243966948993656
24898,0.959117667823439
24899,0.09777973080418588
24900,0.24472708850731426
24901,0.024734980354217097
24902,0.2041385791536946
24903,0.08976236951212072
24904,0.012370045679680544
24905,0.8003184047608547
24906,0.1569411895215944
24907,0.3594594683557044
24908,0.3295546971254475
24909,0.10550354531954115
24910,0.050486691019961005
24911,0.013942494595669873
24912,0.07234126523322626
24913,0.026457567599874363
24914,0.018774241478913222
24915,0.4381367396836861
24916,0.9308947582346947
24917,0.08447026640920331
24918,0.6672056291989751
24919,0.02690449877538313
24920,0.11389353014356061
24921,0.34748840614667886
24922,0.024393203052395774
24923,0.027434006022215626
24924,0.05046903505792201
24925,0.18580631379816331
24926,0.009108628417079535
24927,0.048542888344030546
24928,0.16786708680672707
24929,0.11634140375123035
24930,0.3485522600389488
24931,0.8545027055068776
24932,0.20850860191604925
24933,0.10437137970982559
24934,0.04312051697062862
24935,0.09388968664145407
24936,0.16456031006545382
24937,0.7739180195442806
24938,0.9804043255742821
24939,0.0956165626176073
24940,0.0662017957390059
24941,0.11736001634964459
24942,0.028856874498552853
24943,0.022679085013053806
24944,0.027386291202606005
24945,0.024136912220571082
24946,0.03341131888296562
24947,0.03653502401014717
24948,0.06548793601884889
24949,0.056089144998915506
24950,0.1385336120394924
24951,0.11478529194047123
24952,0.040051072466266074
24953,0.08328734533851609
24954,0.11415462630097721
24955,0.33438229649337037
24956,0.052229627500510835
24957,0.029087678425660443
24958,0.01949439381138573
24959,0.1418491322075642
24960,0.483016928282004
24961,0.019582405652476167
24962,0.00758844716441003
24963,0.014086483906995708
24964,0.01942532688205265
24965,0.02111432687178717
24966,0.6201612485350838
24967,0.01379278968464668
24968,0.05073720829730049
24969,0.5814690735425746
24970,0.7798455698304013
24971,0.05837721176592996
24972,0.04551182010340404
24973,0.06530854444090502
24974,0.04699408268416977
24975,0.12943414288643332
24976,0.17476286040972785
24977,0.008051473439286642
24978,0.019791480844645798
24979,0.3382247430311103
24980,0.05507949919116654
24981,0.3601558841393855
24982,0.06484771281582226
24983,0.06086106005334357
24984,0.1491855677824947
24985,0.3383753932425913
24986,0.9488318015573896
24987,0.08819518868911422
24988,0.0335936192733129
24989,0.6827738011658769
24990,0.871418023674499
24991,0.42991398848686246
24992,0.019917703280994643
24993,0.2254522023984392
24994,0.5725561587671485
24995,0.020290888898315037
24996,0.019646687880885375
24997,0.017815099237176283
24998,0.14781368010440676
24999,0.08846169683737892
